check,case,x,equation_quantity,stored,independent,abs_error,rel_error
Shear,ENV_ULS / Left Exterior Girder / Max / set 1,1.000 m,beta,1.711520770826828,1.7115207708268307,2.6645352591003757e-15,1.5568232092287997e-15
Shear,ENV_ULS / Left Exterior Girder / Max / set 1,1.000 m,theta deg,37.42110905993387,37.42110905993385,2.1316282072803006e-14,5.696325578876546e-16
Shear,ENV_ULS / Left Exterior Girder / Max / set 1,1.000 m,Vc kN,205.7731738331802,205.77317383318592,5.7127635955112055e-12,2.7762431268822094e-14
Shear,ENV_ULS / Left Exterior Girder / Max / set 1,1.000 m,Vs kN,1245.170640539477,1245.1706405395437,6.662048690486699e-11,5.3503098078187687e-14
Shear,ENV_ULS / Left Exterior Girder / Max / set 1,1.000 m,phiVn kN,1233.302242216759,1233.30224221682,6.116351869422942e-11,4.9593292382482025e-14
Shear,ENV_ULS / Left Exterior Girder / Min / set 1,1.000 m,beta,1.2784874153565544,1.2784874153565782,2.375877272697835e-14,1.8583501442094273e-14
Shear,ENV_ULS / Left Exterior Girder / Min / set 1,1.000 m,theta deg,41.85403766795748,41.85403766795715,3.268496584496461e-13,7.809274245955905e-15
Shear,ENV_ULS / Left Exterior Girder / Min / set 1,1.000 m,Vc kN,153.7103245534119,153.7103245534188,6.87805368215777e-12,4.4746855503303857e-14
Shear,ENV_ULS / Left Exterior Girder / Min / set 1,1.000 m,Vs kN,1063.5522709239197,1063.5522709239879,6.821210263296962e-11,6.413610736189641e-14
Shear,ENV_ULS / Left Exterior Girder / Min / set 1,1.000 m,phiVn kN,1034.673206155732,1034.6732061557957,6.366462912410498e-11,6.15311469798694e-14
Shear,ENV_ULS / Left Exterior Girder / Max / set 2,1.000 m,beta,1.727657169897473,1.7276571698975123,3.930189507173054e-14,2.2748665508714324e-14
Shear,ENV_ULS / Left Exterior Girder / Max / set 2,1.000 m,theta deg,37.29886862024984,37.29886862024955,2.913225216616411e-13,7.81049217947276e-15
Shear,ENV_ULS / Left Exterior Girder / Max / set 2,1.000 m,Vc kN,207.71322510664578,207.7132251066559,1.0118128557223827e-11,4.871200931971666e-14
Shear,ENV_ULS / Left Exterior Girder / Max / set 2,1.000 m,Vs kN,1250.6906892547436,1250.690689254822,7.844391802791506e-11,6.272047813408844e-14
Shear,ENV_ULS / Left Exterior Girder / Max / set 2,1.000 m,phiVn kN,1239.6433272071808,1239.6433272072563,7.548806024715304e-11,6.089498373473048e-14
Shear,ENV_ULS / Left Exterior Girder / Min / set 2,1.000 m,beta,1.307393925681296,1.307393925681301,4.884981308350689e-15,3.736426498849654e-15
Shear,ENV_ULS / Left Exterior Girder / Min / set 2,1.000 m,theta deg,41.46665448466662,41.46665448466655,7.105427357601002e-14,1.7135280012108118e-15
Shear,ENV_ULS / Left Exterior Girder / Min / set 2,1.000 m,Vc kN,157.1857041546131,157.1857041546178,4.718003765447065e-12,3.001547622171885e-14
Shear,ENV_ULS / Left Exterior Girder / Min / set 2,1.000 m,Vs kN,1078.131274738176,1078.131274738235,5.911715561524034e-11,5.483298462851259e-14
Shear,ENV_ULS / Left Exterior Girder / Min / set 2,1.000 m,phiVn kN,1050.0194320588707,1050.0194320589248,5.411493475548923e-11,5.153707931802582e-14
Shear,ENV_ULS / Left Exterior Girder / Max / set 1,2.000 m,beta,1.7222551152048953,1.722255115204937,4.1744385725905886e-14,2.4238212653494472e-14
Shear,ENV_ULS / Left Exterior Girder / Max / set 1,2.000 m,theta deg,37.33953653879461,37.3395365387943,3.126388037344441e-13,8.372862459329798e-15
Shear,ENV_ULS / Left Exterior Girder / Max / set 1,2.000 m,Vc kN,207.06374544022307,207.0637454402335,1.043076736095827e-11,5.0374667659863173e-14
Shear,ENV_ULS / Left Exterior Girder / Max / set 1,2.000 m,Vs kN,832.5672060640511,832.5672060641044,5.331912689143792e-11,6.404182929988303e-14
Shear,ENV_ULS / Left Exterior Girder / Max / set 1,2.000 m,phiVn kN,883.6863087786331,883.6863087786871,5.4001247917767614e-11,6.110906933977614e-14
Shear,ENV_ULS / Left Exterior Girder / Min / set 1,2.000 m,beta,2.349475194808097,2.349475194808114,1.687538997430238e-14,7.182621043028557e-15
Shear,ENV_ULS / Left Exterior Girder / Min / set 1,2.000 m,theta deg,33.867377382617114,33.86737738261705,6.394884621840902e-14,1.8882137077207443e-15
Shear,ENV_ULS / Left Exterior Girder / Min / set 1,2.000 m,Vc kN,282.4733277671147,282.47332776712415,9.43600753089413e-12,3.3404950497391165e-14
Shear,ENV_ULS / Left Exterior Girder / Min / set 1,2.000 m,Vs kN,946.3733304782937,946.373330478346,5.2295945351943374e-11,5.525931856671225e-14
Shear,ENV_ULS / Left Exterior Girder / Min / set 1,2.000 m,phiVn kN,1044.5196595085972,1044.5196595086497,5.2523319027386606e-11,5.0284662954160184e-14
Shear,ENV_ULS / Left Exterior Girder / Max / set 2,2.000 m,beta,1.7295247590283656,1.7295247590284046,3.907985046680551e-14,2.259571611380655e-14
Shear,ENV_ULS / Left Exterior Girder / Max / set 2,2.000 m,theta deg,37.28486807319109,37.2848680731908,2.913225216616411e-13,7.813425035855571e-15
Shear,ENV_ULS / Left Exterior Girder / Max / set 2,2.000 m,Vc kN,207.93776210872636,207.93776210873648,1.0118128557223827e-11,4.8659408731795304e-14
Shear,ENV_ULS / Left Exterior Girder / Max / set 2,2.000 m,Vs kN,834.2165929359663,834.2165929360192,5.2864379540551454e-11,6.337008876135592e-14
Shear,ENV_ULS / Left Exterior Girder / Max / set 2,2.000 m,phiVn kN,885.8312017879888,885.8312017880423,5.354650056688115e-11,6.044774722181609e-14
Shear,ENV_ULS / Left Exterior Girder / Min / set 2,2.000 m,beta,2.3918917255849883,2.391891725585077,8.881784197001252e-14,3.713288566533542e-14
Shear,ENV_ULS / Left Exterior Girder / Min / set 2,2.000 m,theta deg,33.69830573588705,33.6983057358867,3.481659405224491e-13,1.0331852979530452e-14
Shear,ENV_ULS / Left Exterior Girder / Min / set 2,2.000 m,Vc kN,287.57299369564277,287.5729936956609,1.8133050616597757e-11,6.305547118165067e-14
Shear,ENV_ULS / Left Exterior Girder / Min / set 2,2.000 m,Vs kN,952.4352122376285,952.4352122376912,6.264144758461043e-11,6.576977287246446e-14
Shear,ENV_ULS / Left Exterior Girder / Min / set 2,2.000 m,phiVn kN,1054.0069750432806,1054.0069750433493,6.866684998385608e-11,6.514838289474503e-14
Shear,ENV_ULS / Left Exterior Girder / Max / set 1,3.000 m,beta,1.8834522641156797,1.883452264115717,3.730349362740526e-14,1.980591403250631e-14
Shear,ENV_ULS / Left Exterior Girder / Max / set 1,3.000 m,theta deg,36.226387607537234,36.226387607537,2.3447910280083306e-13,6.472605144655633e-15
Shear,ENV_ULS / Left Exterior Girder / Max / set 1,3.000 m,Vc kN,226.44419907515473,226.44419907516513,1.0402345651527867e-11,4.593778817921914e-14
Shear,ENV_ULS / Left Exterior Girder / Max / set 1,3.000 m,Vs kN,866.9906732380192,866.9906732380724,5.32054400537163e-11,6.136794973237997e-14
Shear,ENV_ULS / Left Exterior Girder / Max / set 1,3.000 m,phiVn kN,929.4196414661978,929.4196414662518,5.4001247917767614e-11,5.810211610395416e-14
Shear,ENV_ULS / Left Exterior Girder / Min / set 1,3.000 m,beta,3.6072962238114297,3.6072962238116295,1.9984014443252818e-13,5.539887273836585e-14
Shear,ENV_ULS / Left Exterior Girder / Min / set 1,3.000 m,theta deg,30.542970305240345,30.54297030524,3.446132268436486e-13,1.128289827085109e-14
Shear,ENV_ULS / Left Exterior Girder / Min / set 1,3.000 m,Vc kN,433.69896853283836,433.6989685328738,3.5413449950283393e-11,8.165444817653308e-14
Shear,ENV_ULS / Left Exterior Girder / Min / set 1,3.000 m,Vs kN,1076.4317367350293,1076.4317367351011,7.185008144006133e-11,6.674838634727369e-14
Shear,ENV_ULS / Left Exterior Girder / Min / set 1,3.000 m,phiVn kN,1283.6110994776875,1283.6110994777787,9.117684385273606e-11,7.103151717045001e-14
Shear,ENV_ULS / Left Exterior Girder / Max / set 2,3.000 m,beta,1.8871864833884944,1.8871864833885341,3.9745984281580604e-14,2.1060973375675508e-14
Shear,ENV_ULS / Left Exterior Girder / Max / set 2,3.000 m,theta deg,36.20285454767576,36.2028545476755,2.6290081223123707e-13,7.261880741614539e-15
Shear,ENV_ULS / Left Exterior Girder / Max / set 2,3.000 m,Vc kN,226.8931577817353,226.89315778174597,1.0658141036401503e-11,4.697427256336142e-14
Shear,ENV_ULS / Left Exterior Girder / Max / set 2,3.000 m,Vs kN,867.7380460446378,867.7380460446916,5.377387424232438e-11,6.197017001551968e-14
Shear,ENV_ULS / Left Exterior Girder / Max / set 2,3.000 m,phiVn kN,930.436523252417,930.4365232524718,5.4797055781818926e-11,5.889392173715204e-14
Shear,ENV_ULS / Left Exterior Girder / Min / set 2,3.000 m,beta,3.683509021926395,3.6835090219264366,4.1744385725905886e-14,1.1332776837906049e-14
Shear,ENV_ULS / Left Exterior Girder / Min / set 2,3.000 m,theta deg,30.414491236480067,30.41449123648,6.750155989720952e-14,2.21938809932307e-15
Shear,ENV_ULS / Left Exterior Girder / Min / set 2,3.000 m,Vc kN,442.86190106753827,442.86190106755487,1.659827830735594e-11,3.747958058108957e-14
Shear,ENV_ULS / Left Exterior Girder / Min / set 2,3.000 m,Vs kN,1081.9677975112518,1081.9677975113118,6.002665031701326e-11,5.5479146842524856e-14
Shear,ENV_ULS / Left Exterior Girder / Min / set 2,3.000 m,phiVn kN,1296.1052437919714,1296.1052437920366,6.52562448522076e-11,5.034795219351657e-14
Shear,ENV_ULS / Left Exterior Girder / Max / set 1,4.000 m,beta,1.7425986623152216,1.7425986623152674,4.574118861455645e-14,2.6248837212914748e-14
Shear,ENV_ULS / Left Exterior Girder / Max / set 1,4.000 m,theta deg,37.187698761480334,37.18769876148,3.339550858072471e-13,8.980256830335696e-15
Shear,ENV_ULS / Left Exterior Girder / Max / set 1,4.000 m,Vc kN,209.50961482566694,209.50961482567794,1.0999201549566351e-11,5.249974593632953e-14
Shear,ENV_ULS / Left Exterior Girder / Max / set 1,4.000 m,Vs kN,837.1584895958266,837.1584895958807,5.411493475548923e-11,6.464120644779221e-14
Shear,ENV_ULS / Left Exterior Girder / Max / set 1,4.000 m,phiVn kN,889.6678887582694,889.6678887583248,5.5365489970427006e-11,6.223163797414167e-14
Shear,ENV_ULS / Left Exterior Girder / Min / set 1,4.000 m,beta,4.241800085953247,4.241800085953381,1.341149413747189e-13,3.1617459252461546e-14
Shear,ENV_ULS / Left Exterior Girder / Min / set 1,4.000 m,theta deg,29.614110254946816,29.61411025494665,1.6697754290362354e-13,5.638445371686699e-15
Shear,ENV_ULS / Left Exterior Girder / Min / set 1,4.000 m,Vc kN,509.98426740143316,509.9842674014626,2.944489096989855e-11,5.773686141325485e-14
Shear,ENV_ULS / Left Exterior Girder / Min / set 1,4.000 m,Vs kN,1117.4335155236379,1117.4335155237043,6.639311322942376e-11,5.941571673578046e-14
Shear,ENV_ULS / Left Exterior Girder / Min / set 1,4.000 m,phiVn kN,1383.3051154863103,1383.3051154863917,8.139977580867708e-11,5.88444117623722e-14
Shear,ENV_ULS / Left Exterior Girder / Max / set 2,4.000 m,beta,1.7445326223509916,1.744532622351006,1.4432899320127035e-14,8.273218359583696e-15
Shear,ENV_ULS / Left Exterior Girder / Max / set 2,4.000 m,theta deg,37.17344862439221,37.1734486243921,1.0658141036401503e-13,2.867138086674033e-15
Shear,ENV_ULS / Left Exterior Girder / Max / set 2,4.000 m,Vc kN,209.74213148652797,209.7421314865352,7.219114195322618e-12,3.4418998911461253e-14
Shear,ENV_ULS / Left Exterior Girder / Max / set 2,4.000 m,Vs kN,837.5910323142822,837.5910323143294,4.718003765447065e-11,5.632825070262337e-14
Shear,ENV_ULS / Left Exterior Girder / Max / set 2,4.000 m,phiVn kN,890.2331892306887,890.2331892307348,4.604316927725449e-11,5.172034679704669e-14
Shear,ENV_ULS / Left Exterior Girder / Min / set 2,4.000 m,beta,4.332672620159997,4.332672620160211,2.1405099914773018e-13,4.940391714613673e-14
Shear,ENV_ULS / Left Exterior Girder / Min / set 2,4.000 m,theta deg,29.50335238710916,29.5033523871089,2.5934809855243657e-13,8.790462017657197e-15
Shear,ENV_ULS / Left Exterior Girder / Min / set 2,4.000 m,Vc kN,520.9097145807586,520.9097145807982,3.956301952712238e-11,7.594985929367951e-14
Shear,ENV_ULS / Left Exterior Girder / Min / set 2,4.000 m,Vs kN,1122.4787733540898,1122.478773354161,7.116796041373163e-11,6.340249998765629e-14
Shear,ENV_ULS / Left Exterior Girder / Min / set 2,4.000 m,phiVn kN,1396.8802147446213,1396.8802147447152,9.390532795805484e-11,6.722503974703112e-14
Shear,ENV_ULS / Left Exterior Girder / Max / set 1,5.000 m,beta,1.6365665092051978,1.6365665092052075,9.769962616701378e-15,5.9697925881705375e-15
Shear,ENV_ULS / Left Exterior Girder / Max / set 1,5.000 m,theta deg,38.02052531362053,38.02052531362045,7.815970093361102e-14,2.0557238567561593e-15
Shear,ENV_ULS / Left Exterior Girder / Max / set 1,5.000 m,Vc kN,196.7615529582817,196.76155295828798,6.281197784119286e-12,3.192289189469273e-14
Shear,ENV_ULS / Left Exterior Girder / Max / set 1,5.000 m,Vs kN,609.2706336280747,609.2706336281082,3.342393029015511e-11,5.485892220197945e-14
Shear,ENV_ULS / Left Exterior Girder / Max / set 1,5.000 m,phiVn kN,685.127358598403,685.1273585984367,3.3651303965598345e-11,4.91168591405235e-14
Shear,ENV_ULS / Left Exterior Girder / Min / set 1,5.000 m,beta,4.8,4.8,0.0,0.0
Shear,ENV_ULS / Left Exterior Girder / Min / set 1,5.000 m,theta deg,29.0,29.0,0.0,0.0
Shear,ENV_ULS / Left Exterior Girder / Min / set 1,5.000 m,Vc kN,577.0956749313103,577.0956749313254,1.5120349416974932e-11,2.620076717569276e-14
Shear,ENV_ULS / Left Exterior Girder / Min / set 1,5.000 m,Vs kN,859.3869719439667,859.3869719440116,4.490630090003833e-11,5.22538767354783e-14
Shear,ENV_ULS / Left Exterior Girder / Min / set 1,5.000 m,phiVn kN,1221.0102498439855,1221.0102498440365,5.093170329928398e-11,4.171275655203521e-14
Shear,ENV_ULS / Left Exterior Girder / Max / set 2,5.000 m,beta,1.637982186723154,1.6379821867231943,4.0190073491430667e-14,2.4536331235586547e-14
Shear,ENV_ULS / Left Exterior Girder / Max / set 2,5.000 m,theta deg,38.00869572833719,38.008695728336846,3.410605131648481e-13,8.973223275077425e-15
Shear,ENV_ULS / Left Exterior Girder / Max / set 2,5.000 m,Vc kN,196.93175741092963,196.9317574109396,9.976020010071807e-12,5.0657243611830155e-14
Shear,ENV_ULS / Left Exterior Girder / Max / set 2,5.000 m,Vs kN,609.5299442178568,609.5299442178963,3.944933268940076e-11,6.472091004490227e-14
Shear,ENV_ULS / Left Exterior Girder / Max / set 2,5.000 m,phiVn kN,685.4924463844685,685.4924463845106,4.206412995699793e-11,6.136337486847093e-14
Shear,ENV_ULS / Left Exterior Girder / Min / set 2,5.000 m,beta,4.8,4.8,0.0,0.0
Shear,ENV_ULS / Left Exterior Girder / Min / set 2,5.000 m,theta deg,29.0,29.0,0.0,0.0
Shear,ENV_ULS / Left Exterior Girder / Min / set 2,5.000 m,Vc kN,577.0956749313103,577.0956749313254,1.5120349416974932e-11,2.620076717569276e-14
Shear,ENV_ULS / Left Exterior Girder / Min / set 2,5.000 m,Vs kN,859.3869719439667,859.3869719440116,4.490630090003833e-11,5.22538767354783e-14
Shear,ENV_ULS / Left Exterior Girder / Min / set 2,5.000 m,phiVn kN,1221.0102498439855,1221.0102498440365,5.093170329928398e-11,4.171275655203521e-14
Shear,ENV_ULS / Left Exterior Girder / Max / set 1,6.000 m,beta,1.6930062722440438,1.6930062722440793,3.552713678800501e-14,2.0984645698278364e-14
Shear,ENV_ULS / Left Exterior Girder / Max / set 1,6.000 m,theta deg,37.56423528995117,37.5642352899509,2.7000623958883807e-13,7.187854018715231e-15
Shear,ENV_ULS / Left Exterior Girder / Max / set 1,6.000 m,Vc kN,203.54720777992046,203.54720777993006,9.606537787476555e-12,4.7195625487837165e-14
Shear,ENV_ULS / Left Exterior Girder / Max / set 1,6.000 m,Vs kN,619.3732188542152,619.3732188542538,3.8539837987627834e-11,6.222393350962231e-14
Shear,ENV_ULS / Left Exterior Girder / Max / set 1,6.000 m,phiVn kN,699.4823626390152,699.4823626390563,4.1154635255225e-11,5.883584412329411e-14
Shear,ENV_ULS / Left Exterior Girder / Min / set 1,6.000 m,beta,4.8,4.8,0.0,0.0
Shear,ENV_ULS / Left Exterior Girder / Min / set 1,6.000 m,theta deg,29.0,29.0,0.0,0.0
Shear,ENV_ULS / Left Exterior Girder / Min / set 1,6.000 m,Vc kN,577.0956749313103,577.0956749313254,1.5120349416974932e-11,2.620076717569276e-14
Shear,ENV_ULS / Left Exterior Girder / Min / set 1,6.000 m,Vs kN,859.3869719439667,859.3869719440116,4.490630090003833e-11,5.22538767354783e-14
Shear,ENV_ULS / Left Exterior Girder / Min / set 1,6.000 m,phiVn kN,1221.0102498439855,1221.0102498440365,5.093170329928398e-11,4.171275655203521e-14
Shear,ENV_ULS / Left Exterior Girder / Max / set 2,6.000 m,beta,1.6963680886737889,1.6963680886738077,1.887379141862766e-14,1.1126000037752936e-14
Shear,ENV_ULS / Left Exterior Girder / Max / set 2,6.000 m,theta deg,37.53801464605019,37.53801464605005,1.4210854715202004e-13,3.785723578936625e-15
Shear,ENV_ULS / Left Exterior Girder / Max / set 2,6.000 m,Vc kN,203.95139313857024,203.9513931385778,7.560174708487466e-12,3.706851221825483e-14
Shear,ENV_ULS / Left Exterior Girder / Max / set 2,6.000 m,Vs kN,619.960110767636,619.9601107676716,3.558398020686582e-11,5.739720925400121e-14
Shear,ENV_ULS / Left Exterior Girder / Max / set 2,6.000 m,phiVn kN,700.3247783202753,700.324778320312,3.672084858408198e-11,5.243402735535758e-14
Shear,ENV_ULS / Left Exterior Girder / Min / set 2,6.000 m,beta,4.8,4.8,0.0,0.0
Shear,ENV_ULS / Left Exterior Girder / Min / set 2,6.000 m,theta deg,29.0,29.0,0.0,0.0
Shear,ENV_ULS / Left Exterior Girder / Min / set 2,6.000 m,Vc kN,577.0956749313103,577.0956749313254,1.5120349416974932e-11,2.620076717569276e-14
Shear,ENV_ULS / Left Exterior Girder / Min / set 2,6.000 m,Vs kN,859.3869719439667,859.3869719440116,4.490630090003833e-11,5.22538767354783e-14
Shear,ENV_ULS / Left Exterior Girder / Min / set 2,6.000 m,phiVn kN,1221.0102498439855,1221.0102498440365,5.093170329928398e-11,4.171275655203521e-14
Shear,ENV_ULS / Left Exterior Girder / Max / set 1,7.000 m,beta,1.758662993231146,1.7586629932311597,1.3766765505351941e-14,7.827972475874136e-15
Shear,ENV_ULS / Left Exterior Girder / Max / set 1,7.000 m,theta deg,37.07028184832145,37.07028184832135,9.947598300641403e-14,2.6834428562867425e-15
Shear,ENV_ULS / Left Exterior Girder / Max / set 1,7.000 m,Vc kN,211.44100146988475,211.4410014698919,7.133849067031406e-12,3.373919446766917e-14
Shear,ENV_ULS / Left Exterior Girder / Max / set 1,7.000 m,Vs kN,630.5482498643307,630.5482498643661,3.5356606531422585e-11,5.607280099346554e-14
Shear,ENV_ULS / Left Exterior Girder / Max / set 1,7.000 m,phiVn kN,715.6908636340831,715.6908636341192,3.603872755775228e-11,5.0355159453560203e-14
Shear,ENV_ULS / Left Exterior Girder / Min / set 1,7.000 m,beta,4.8,4.8,0.0,0.0
Shear,ENV_ULS / Left Exterior Girder / Min / set 1,7.000 m,theta deg,29.0,29.0,0.0,0.0
Shear,ENV_ULS / Left Exterior Girder / Min / set 1,7.000 m,Vc kN,577.0956749313103,577.0956749313254,1.5120349416974932e-11,2.620076717569276e-14
Shear,ENV_ULS / Left Exterior Girder / Min / set 1,7.000 m,Vs kN,859.3869719439667,859.3869719440116,4.490630090003833e-11,5.22538767354783e-14
Shear,ENV_ULS / Left Exterior Girder / Min / set 1,7.000 m,phiVn kN,1221.0102498439855,1221.0102498440365,5.093170329928398e-11,4.171275655203521e-14
Shear,ENV_ULS / Left Exterior Girder / Max / set 2,7.000 m,beta,1.7640331623995051,1.7640331623995271,2.19824158875781e-14,1.246145274144195e-14
Shear,ENV_ULS / Left Exterior Girder / Max / set 2,7.000 m,theta deg,37.03150731183761,37.03150731183745,1.5631940186722204e-13,4.221254094543787e-15
Shear,ENV_ULS / Left Exterior Girder / Max / set 2,7.000 m,Vc kN,212.08664759503256,212.08664759504074,8.185452315956354e-12,3.859484983508106e-14
Shear,ENV_ULS / Left Exterior Girder / Max / set 2,7.000 m,Vs kN,631.4362557383239,631.4362557383605,3.660716174636036e-11,5.797443750447038e-14
Shear,ENV_ULS / Left Exterior Girder / Max / set 2,7.000 m,phiVn kN,716.9944678333528,716.994467833391,3.8198777474462986e-11,5.3276251335511404e-14
Shear,ENV_ULS / Left Exterior Girder / Min / set 2,7.000 m,beta,4.8,4.8,0.0,0.0
Shear,ENV_ULS / Left Exterior Girder / Min / set 2,7.000 m,theta deg,29.0,29.0,0.0,0.0
Shear,ENV_ULS / Left Exterior Girder / Min / set 2,7.000 m,Vc kN,577.0956749313103,577.0956749313254,1.5120349416974932e-11,2.620076717569276e-14
Shear,ENV_ULS / Left Exterior Girder / Min / set 2,7.000 m,Vs kN,859.3869719439667,859.3869719440116,4.490630090003833e-11,5.22538767354783e-14
Shear,ENV_ULS / Left Exterior Girder / Min / set 2,7.000 m,phiVn kN,1221.0102498439855,1221.0102498440365,5.093170329928398e-11,4.171275655203521e-14
Shear,ENV_ULS / Left Exterior Girder / Max / set 1,8.000 m,beta,1.8115103794770144,1.8115103794770429,2.842170943040401e-14,1.568950956748531e-14
Shear,ENV_ULS / Left Exterior Girder / Max / set 1,8.000 m,theta deg,36.69870548564025,36.69870548564005,1.9895196601282805e-13,5.421225718456925e-15
Shear,ENV_ULS / Left Exterior Girder / Max / set 1,8.000 m,Vc kN,217.79475106028372,217.7947510602928,9.094947017729282e-12,4.175925716047904e-14
Shear,ENV_ULS / Left Exterior Girder / Max / set 1,8.000 m,Vs kN,639.1241232966571,639.1241232966952,3.808509063674137e-11,5.958950577595621e-14
Shear,ENV_ULS / Left Exterior Girder / Max / set 1,8.000 m,phiVn kN,728.3810432033995,728.3810432034397,4.0245140553452075e-11,5.525286651675179e-14
Shear,ENV_ULS / Left Exterior Girder / Min / set 1,8.000 m,beta,4.8,4.8,0.0,0.0
Shear,ENV_ULS / Left Exterior Girder / Min / set 1,8.000 m,theta deg,29.0,29.0,0.0,0.0
Shear,ENV_ULS / Left Exterior Girder / Min / set 1,8.000 m,Vc kN,577.0956749313103,577.0956749313254,1.5120349416974932e-11,2.620076717569276e-14
Shear,ENV_ULS / Left Exterior Girder / Min / set 1,8.000 m,Vs kN,859.3869719439667,859.3869719440116,4.490630090003833e-11,5.22538767354783e-14
Shear,ENV_ULS / Left Exterior Girder / Min / set 1,8.000 m,phiVn kN,1221.0102498439855,1221.0102498440365,5.093170329928398e-11,4.171275655203521e-14
Shear,ENV_ULS / Left Exterior Girder / Max / set 2,8.000 m,beta,1.8188302634956224,1.8188302634956393,1.687538997430238e-14,9.278155478823678e-15
Shear,ENV_ULS / Left Exterior Girder / Max / set 2,8.000 m,theta deg,36.64894103437812,36.648941034378,1.2079226507921703e-13,3.2959278404772903e-15
Shear,ENV_ULS / Left Exterior Girder / Max / set 2,8.000 m,Vc kN,218.6748080203123,218.6748080203201,7.815970093361102e-12,3.574243491566167e-14
Shear,ENV_ULS / Left Exterior Girder / Max / set 2,8.000 m,Vs kN,640.2840015788946,640.284001578931,3.637978807091713e-11,5.681820564187939e-14
Shear,ENV_ULS / Left Exterior Girder / Max / set 2,8.000 m,phiVn kN,730.1149881593258,730.1149881593634,3.7630343285854906e-11,5.154029693421561e-14
Shear,ENV_ULS / Left Exterior Girder / Min / set 2,8.000 m,beta,4.8,4.8,0.0,0.0
Shear,ENV_ULS / Left Exterior Girder / Min / set 2,8.000 m,theta deg,29.0,29.0,0.0,0.0
Shear,ENV_ULS / Left Exterior Girder / Min / set 2,8.000 m,Vc kN,577.0956749313103,577.0956749313254,1.5120349416974932e-11,2.620076717569276e-14
Shear,ENV_ULS / Left Exterior Girder / Min / set 2,8.000 m,Vs kN,859.3869719439667,859.3869719440116,4.490630090003833e-11,5.22538767354783e-14
Shear,ENV_ULS / Left Exterior Girder / Min / set 2,8.000 m,phiVn kN,1221.0102498439855,1221.0102498440365,5.093170329928398e-11,4.171275655203521e-14
Shear,ENV_ULS / Left Exterior Girder / Max / set 1,9.000 m,beta,1.8316809409435943,1.831680940943609,1.4654943925052066e-14,8.000816953143829e-15
Shear,ENV_ULS / Left Exterior Girder / Max / set 1,9.000 m,theta deg,36.56253739354515,36.56253739354505,9.947598300641403e-14,2.72070786378125e-15
Shear,ENV_ULS / Left Exterior Girder / Max / set 1,9.000 m,Vc kN,220.21982268180446,220.21982268181193,7.474909580196254e-12,3.394294613976006e-14
Shear,ENV_ULS / Left Exterior Girder / Max / set 1,9.000 m,Vs kN,642.3042899029101,642.3042899029462,3.603872755775228e-11,5.610849580842411e-14
Shear,ENV_ULS / Left Exterior Girder / Max / set 1,9.000 m,phiVn kN,733.1454956970074,733.1454956970443,3.694822225952521e-11,5.039684820595722e-14
Shear,ENV_ULS / Left Exterior Girder / Min / set 1,9.000 m,beta,4.8,4.8,0.0,0.0
Shear,ENV_ULS / Left Exterior Girder / Min / set 1,9.000 m,theta deg,29.0,29.0,0.0,0.0
Shear,ENV_ULS / Left Exterior Girder / Min / set 1,9.000 m,Vc kN,577.0956749313103,577.0956749313254,1.5120349416974932e-11,2.620076717569276e-14
Shear,ENV_ULS / Left Exterior Girder / Min / set 1,9.000 m,Vs kN,859.3869719439667,859.3869719440116,4.490630090003833e-11,5.22538767354783e-14
Shear,ENV_ULS / Left Exterior Girder / Min / set 1,9.000 m,phiVn kN,1221.0102498439855,1221.0102498440365,5.093170329928398e-11,4.171275655203521e-14
Shear,ENV_ULS / Left Exterior Girder / Max / set 2,9.000 m,beta,1.821767759506795,1.821767759506841,4.596323321948148e-14,2.5230017920573966e-14
Shear,ENV_ULS / Left Exterior Girder / Max / set 2,9.000 m,theta deg,36.62908282341341,36.6290828234131,3.126388037344441e-13,8.535261590951089e-15
Shear,ENV_ULS / Left Exterior Girder / Max / set 2,9.000 m,Vc kN,219.02797807097394,219.02797807098514,1.1198153515579179e-11,5.1126589462237333e-14
Shear,ENV_ULS / Left Exterior Girder / Max / set 2,9.000 m,Vs kN,640.7476003758286,640.7476003758694,4.0813574742060155e-11,6.369680466710834e-14
Shear,ENV_ULS / Left Exterior Girder / Max / set 2,9.000 m,phiVn kN,730.8092416797823,730.8092416798263,4.3996806198265404e-11,6.020285963698961e-14
Shear,ENV_ULS / Left Exterior Girder / Min / set 2,9.000 m,beta,4.8,4.8,0.0,0.0
Shear,ENV_ULS / Left Exterior Girder / Min / set 2,9.000 m,theta deg,29.0,29.0,0.0,0.0
Shear,ENV_ULS / Left Exterior Girder / Min / set 2,9.000 m,Vc kN,577.0956749313103,577.0956749313254,1.5120349416974932e-11,2.620076717569276e-14
Shear,ENV_ULS / Left Exterior Girder / Min / set 2,9.000 m,Vs kN,859.3869719439667,859.3869719440116,4.490630090003833e-11,5.22538767354783e-14
Shear,ENV_ULS / Left Exterior Girder / Min / set 2,9.000 m,phiVn kN,1221.0102498439855,1221.0102498440365,5.093170329928398e-11,4.171275655203521e-14
Shear,ENV_ULS / Left Exterior Girder / Max / set 1,10.000 m,beta,1.759452841449155,1.7594528414491712,1.6209256159527285e-14,9.212668721587644e-15
Shear,ENV_ULS / Left Exterior Girder / Max / set 1,10.000 m,theta deg,37.064564016134966,37.06456401613485,1.1368683772161603e-13,3.0672649399606094e-15
Shear,ENV_ULS / Left Exterior Girder / Max / set 1,10.000 m,Vc kN,211.53596355123165,211.53596355123915,7.503331289626658e-12,3.547071223096856e-14
Shear,ENV_ULS / Left Exterior Girder / Max / set 1,10.000 m,Vs kN,630.6790983584386,630.6790983584741,3.54702933691442e-11,5.624142842448079e-14
Shear,ENV_ULS / Left Exterior Girder / Max / set 1,10.000 m,phiVn kN,715.8828026232196,715.8828026232563,3.672084858408198e-11,5.129449743662421e-14
Shear,ENV_ULS / Left Exterior Girder / Min / set 1,10.000 m,beta,4.8,4.8,0.0,0.0
Shear,ENV_ULS / Left Exterior Girder / Min / set 1,10.000 m,theta deg,29.0,29.0,0.0,0.0
Shear,ENV_ULS / Left Exterior Girder / Min / set 1,10.000 m,Vc kN,577.0956749313103,577.0956749313254,1.5120349416974932e-11,2.620076717569276e-14
Shear,ENV_ULS / Left Exterior Girder / Min / set 1,10.000 m,Vs kN,859.3869719439667,859.3869719440116,4.490630090003833e-11,5.22538767354783e-14
Shear,ENV_ULS / Left Exterior Girder / Min / set 1,10.000 m,phiVn kN,1221.0102498439855,1221.0102498440365,5.093170329928398e-11,4.171275655203521e-14
Shear,ENV_ULS / Left Exterior Girder / Max / set 2,10.000 m,beta,1.7499603845304437,1.7499603845304725,2.886579864025407e-14,1.6495115486856566e-14
Shear,ENV_ULS / Left Exterior Girder / Max / set 2,10.000 m,theta deg,37.13362309875591,37.1336230987557,2.1316282072803006e-13,5.74042614051234e-15
Shear,ENV_ULS / Left Exterior Girder / Max / set 2,10.000 m,Vc kN,210.39470191951077,210.39470191951975,8.981260180007666e-12,4.2687672731622214e-14
Shear,ENV_ULS / Left Exterior Girder / Max / set 2,10.000 m,Vs kN,629.1010393498959,629.1010393499338,3.785771696129814e-11,6.017748277831092e-14
Shear,ENV_ULS / Left Exterior Girder / Max / set 2,10.000 m,phiVn kN,713.5713800789957,713.5713800790355,3.979039320256561e-11,5.576231658584514e-14
Shear,ENV_ULS / Left Exterior Girder / Min / set 2,10.000 m,beta,4.8,4.8,0.0,0.0
Shear,ENV_ULS / Left Exterior Girder / Min / set 2,10.000 m,theta deg,29.0,29.0,0.0,0.0
Shear,ENV_ULS / Left Exterior Girder / Min / set 2,10.000 m,Vc kN,577.0956749313103,577.0956749313254,1.5120349416974932e-11,2.620076717569276e-14
Shear,ENV_ULS / Left Exterior Girder / Min / set 2,10.000 m,Vs kN,859.3869719439667,859.3869719440116,4.490630090003833e-11,5.22538767354783e-14
Shear,ENV_ULS / Left Exterior Girder / Min / set 2,10.000 m,phiVn kN,1221.0102498439855,1221.0102498440365,5.093170329928398e-11,4.171275655203521e-14
Shear,ENV_ULS / Left Exterior Girder / Max / set 1,11.000 m,beta,1.7250925207783596,1.7250925207783618,2.220446049250313e-15,1.2871460646345205e-15
Shear,ENV_ULS / Left Exterior Girder / Max / set 1,11.000 m,theta deg,37.31814413634646,37.31814413634645,1.4210854715202004e-14,3.8080282511587102e-16
Shear,ENV_ULS / Left Exterior Girder / Max / set 1,11.000 m,Vc kN,207.40488179115476,207.4048817911605,5.7411853049416095e-12,2.7681051937449122e-14
Shear,ENV_ULS / Left Exterior Girder / Max / set 1,11.000 m,Vs kN,624.9091038376712,624.9091038377044,3.319655661471188e-11,5.312221635249754e-14
Shear,ENV_ULS / Left Exterior Girder / Max / set 1,11.000 m,phiVn kN,707.466887784502,707.4668877845352,3.319655661471188e-11,4.692312416015456e-14
Shear,ENV_ULS / Left Exterior Girder / Min / set 1,11.000 m,beta,4.8,4.8,0.0,0.0
Shear,ENV_ULS / Left Exterior Girder / Min / set 1,11.000 m,theta deg,29.0,29.0,0.0,0.0
Shear,ENV_ULS / Left Exterior Girder / Min / set 1,11.000 m,Vc kN,577.0956749313103,577.0956749313254,1.5120349416974932e-11,2.620076717569276e-14
Shear,ENV_ULS / Left Exterior Girder / Min / set 1,11.000 m,Vs kN,859.3869719439667,859.3869719440116,4.490630090003833e-11,5.22538767354783e-14
Shear,ENV_ULS / Left Exterior Girder / Min / set 1,11.000 m,phiVn kN,1221.0102498439855,1221.0102498440365,5.093170329928398e-11,4.171275655203521e-14
Shear,ENV_ULS / Left Exterior Girder / Max / set 2,11.000 m,beta,1.7160442279233072,1.7160442279233281,2.0872192862952943e-14,1.2162969067651268e-14
Shear,ENV_ULS / Left Exterior Girder / Max / set 2,11.000 m,theta deg,37.38660995377781,37.38660995377765,1.5631940186722204e-13,4.181160101450361e-15
Shear,ENV_ULS / Left Exterior Girder / Max / set 2,11.000 m,Vc kN,206.31702123445424,206.31702123446215,7.901235221652314e-12,3.829657472939771e-14
Shear,ENV_ULS / Left Exterior Girder / Max / set 2,11.000 m,Vs kN,623.362702269966,623.3627022700022,3.61524143954739e-11,5.799579324175687e-14
Shear,ENV_ULS / Left Exterior Girder / Max / set 2,11.000 m,phiVn kN,705.2277649787572,705.2277649787947,3.7402969610411674e-11,5.303672298202317e-14
Shear,ENV_ULS / Left Exterior Girder / Min / set 2,11.000 m,beta,4.8,4.8,0.0,0.0
Shear,ENV_ULS / Left Exterior Girder / Min / set 2,11.000 m,theta deg,29.0,29.0,0.0,0.0
Shear,ENV_ULS / Left Exterior Girder / Min / set 2,11.000 m,Vc kN,577.0956749313103,577.0956749313254,1.5120349416974932e-11,2.620076717569276e-14
Shear,ENV_ULS / Left Exterior Girder / Min / set 2,11.000 m,Vs kN,859.3869719439667,859.3869719440116,4.490630090003833e-11,5.22538767354783e-14
Shear,ENV_ULS / Left Exterior Girder / Min / set 2,11.000 m,phiVn kN,1221.0102498439855,1221.0102498440365,5.093170329928398e-11,4.171275655203521e-14
Shear,ENV_ULS / Left Exterior Girder / Max / set 1,12.000 m,beta,1.675818442080251,1.6758184420802602,9.103828801926284e-15,5.43246724903286e-15
Shear,ENV_ULS / Left Exterior Girder / Max / set 1,12.000 m,theta deg,37.69993644350922,37.69993644350915,7.105427357601002e-14,1.8847319194418302e-15
Shear,ENV_ULS / Left Exterior Girder / Max / set 1,12.000 m,Vc kN,201.48074476971655,201.48074476972292,6.366462912410498e-12,3.15983689641751e-14
Shear,ENV_ULS / Left Exterior Girder / Max / set 1,12.000 m,Vs kN,616.3469656026541,616.346965602688,3.387867764104158e-11,5.496689288948424e-14
Shear,ENV_ULS / Left Exterior Girder / Max / set 1,12.000 m,phiVn kN,695.153553816515,695.1535538165492,3.4219738154206425e-11,4.9226157251635086e-14
Shear,ENV_ULS / Left Exterior Girder / Min / set 1,12.000 m,beta,4.8,4.8,0.0,0.0
Shear,ENV_ULS / Left Exterior Girder / Min / set 1,12.000 m,theta deg,29.0,29.0,0.0,0.0
Shear,ENV_ULS / Left Exterior Girder / Min / set 1,12.000 m,Vc kN,577.0956749313103,577.0956749313254,1.5120349416974932e-11,2.620076717569276e-14
Shear,ENV_ULS / Left Exterior Girder / Min / set 1,12.000 m,Vs kN,859.3869719439667,859.3869719440116,4.490630090003833e-11,5.22538767354783e-14
Shear,ENV_ULS / Left Exterior Girder / Min / set 1,12.000 m,phiVn kN,1221.0102498439855,1221.0102498440365,5.093170329928398e-11,4.171275655203521e-14
Shear,ENV_ULS / Left Exterior Girder / Max / set 2,12.000 m,beta,1.6678348092280513,1.6678348092280924,4.107825191113079e-14,2.4629688554193587e-14
Shear,ENV_ULS / Left Exterior Girder / Max / set 2,12.000 m,theta deg,37.76392002936693,37.7639200293666,3.268496584496461e-13,8.655077603052752e-15
Shear,ENV_ULS / Left Exterior Girder / Max / set 2,12.000 m,Vc kN,200.52088643862405,200.52088643863422,1.0174971976084635e-11,5.0742703948690656e-14
Shear,ENV_ULS / Left Exterior Girder / Max / set 2,12.000 m,Vs kN,614.9265032521356,614.926503252175,3.944933268940076e-11,6.41529231229492e-14
Shear,ENV_ULS / Left Exterior Girder / Max / set 2,12.000 m,phiVn kN,693.1302812371459,693.1302812371879,4.1950443119276315e-11,6.05231718406499e-14
Shear,ENV_ULS / Left Exterior Girder / Min / set 2,12.000 m,beta,4.8,4.8,0.0,0.0
Shear,ENV_ULS / Left Exterior Girder / Min / set 2,12.000 m,theta deg,29.0,29.0,0.0,0.0
Shear,ENV_ULS / Left Exterior Girder / Min / set 2,12.000 m,Vc kN,577.0956749313103,577.0956749313254,1.5120349416974932e-11,2.620076717569276e-14
Shear,ENV_ULS / Left Exterior Girder / Min / set 2,12.000 m,Vs kN,859.3869719439667,859.3869719440116,4.490630090003833e-11,5.22538767354783e-14
Shear,ENV_ULS / Left Exterior Girder / Min / set 2,12.000 m,phiVn kN,1221.0102498439855,1221.0102498440365,5.093170329928398e-11,4.171275655203521e-14
Shear,ENV_ULS / Left Exterior Girder / Max / set 1,13.000 m,beta,1.609010072371193,1.6090100723712064,1.3322676295501878e-14,8.280045305041617e-15
Shear,ENV_ULS / Left Exterior Girder / Max / set 1,13.000 m,theta deg,38.25493667481472,38.2549366748146,1.2079226507921703e-13,3.1575601890550625e-15
Shear,ENV_ULS / Left Exterior Girder / Max / set 1,13.000 m,Vc kN,193.44849035131887,193.44849035132546,6.59383658785373e-12,3.4085748489835914e-14
Shear,ENV_ULS / Left Exterior Girder / Max / set 1,13.000 m,Vs kN,604.1602854578907,604.1602854579246,3.387867764104158e-11,5.607564491824079e-14
Shear,ENV_ULS / Left Exterior Girder / Max / set 1,13.000 m,phiVn kN,677.9674594378282,677.9674594378625,3.433342499192804e-11,5.0641700444436727e-14
Shear,ENV_ULS / Left Exterior Girder / Min / set 1,13.000 m,beta,4.8,4.8,0.0,0.0
Shear,ENV_ULS / Left Exterior Girder / Min / set 1,13.000 m,theta deg,29.0,29.0,0.0,0.0
Shear,ENV_ULS / Left Exterior Girder / Min / set 1,13.000 m,Vc kN,577.0956749313103,577.0956749313254,1.5120349416974932e-11,2.620076717569276e-14
Shear,ENV_ULS / Left Exterior Girder / Min / set 1,13.000 m,Vs kN,859.3869719439667,859.3869719440116,4.490630090003833e-11,5.22538767354783e-14
Shear,ENV_ULS / Left Exterior Girder / Min / set 1,13.000 m,phiVn kN,1221.0102498439855,1221.0102498440365,5.093170329928398e-11,4.171275655203521e-14
Shear,ENV_ULS / Left Exterior Girder / Max / set 2,13.000 m,beta,1.6016870654829352,1.6016870654829696,3.441691376337985e-14,2.1487913903457693e-14
Shear,ENV_ULS / Left Exterior Girder / Max / set 2,13.000 m,theta deg,38.3185870590641,38.3185870590638,2.984279490192421e-13,7.788072888993764e-15
Shear,ENV_ULS / Left Exterior Girder / Max / set 2,13.000 m,Vc kN,192.56805793408842,192.56805793409754,9.123368727159686e-12,4.7377373096227477e-14
Shear,ENV_ULS / Left Exterior Girder / Max / set 2,13.000 m,Vs kN,602.7818075562709,602.781807556309,3.808509063674137e-11,6.318221644933046e-14
Shear,ENV_ULS / Left Exterior Girder / Max / set 2,13.000 m,phiVn kN,676.0473856668054,676.0473856668455,4.001776687800884e-11,5.91937306858095e-14
Shear,ENV_ULS / Left Exterior Girder / Min / set 2,13.000 m,beta,4.8,4.8,0.0,0.0
Shear,ENV_ULS / Left Exterior Girder / Min / set 2,13.000 m,theta deg,29.0,29.0,0.0,0.0
Shear,ENV_ULS / Left Exterior Girder / Min / set 2,13.000 m,Vc kN,577.0956749313103,577.0956749313254,1.5120349416974932e-11,2.620076717569276e-14
Shear,ENV_ULS / Left Exterior Girder / Min / set 2,13.000 m,Vs kN,859.3869719439667,859.3869719440116,4.490630090003833e-11,5.22538767354783e-14
Shear,ENV_ULS / Left Exterior Girder / Min / set 2,13.000 m,phiVn kN,1221.0102498439855,1221.0102498440365,5.093170329928398e-11,4.171275655203521e-14
Shear,ENV_ULS / Left Exterior Girder / Max / set 1,14.000 m,beta,1.5261404456631869,1.526140445663221,3.419486915845482e-14,2.2406108989264495e-14
Shear,ENV_ULS / Left Exterior Girder / Max / set 1,14.000 m,theta deg,39.01088156531538,39.010881565315046,3.339550858072471e-13,8.560562397138181e-15
Shear,ENV_ULS / Left Exterior Girder / Max / set 1,14.000 m,Vc kN,183.4852188604099,183.48521886041885,8.952838470577262e-12,4.879324081896689e-14
Shear,ENV_ULS / Left Exterior Girder / Max / set 1,14.000 m,Vs kN,588.0346076396293,588.0346076396669,3.7630343285854906e-11,6.39934160285237e-14
Shear,ENV_ULS / Left Exterior Girder / Max / set 1,14.000 m,phiVn kN,655.7918525250333,655.7918525250728,3.956301952712238e-11,6.032862313672884e-14
Shear,ENV_ULS / Left Exterior Girder / Min / set 1,14.000 m,beta,4.8,4.8,0.0,0.0
Shear,ENV_ULS / Left Exterior Girder / Min / set 1,14.000 m,theta deg,29.0,29.0,0.0,0.0
Shear,ENV_ULS / Left Exterior Girder / Min / set 1,14.000 m,Vc kN,577.0956749313103,577.0956749313254,1.5120349416974932e-11,2.620076717569276e-14
Shear,ENV_ULS / Left Exterior Girder / Min / set 1,14.000 m,Vs kN,859.3869719439667,859.3869719440116,4.490630090003833e-11,5.22538767354783e-14
Shear,ENV_ULS / Left Exterior Girder / Min / set 1,14.000 m,phiVn kN,1221.0102498439855,1221.0102498440365,5.093170329928398e-11,4.171275655203521e-14
Shear,ENV_ULS / Left Exterior Girder / Max / set 2,14.000 m,beta,1.518987987685018,1.5189879876850205,2.4424906541753444e-15,1.6079723302471716e-15
Shear,ENV_ULS / Left Exterior Girder / Max / set 2,14.000 m,theta deg,39.07999372933703,39.079993729337,3.552713678800501e-14,9.09087576473563e-16
Shear,ENV_ULS / Left Exterior Girder / Max / set 2,14.000 m,Vc kN,182.62529124284137,182.6252912428464,5.030642569181509e-12,2.7546253505994418e-14
Shear,ENV_ULS / Left Exterior Girder / Max / set 2,14.000 m,Vs kN,586.5865716892429,586.5865716892744,3.149125404888764e-11,5.368560340240645e-14
Shear,ENV_ULS / Left Exterior Girder / Max / set 2,14.000 m,phiVn kN,653.8300834922717,653.8300834923026,3.092281986027956e-11,4.7294886914825795e-14
Shear,ENV_ULS / Left Exterior Girder / Min / set 2,14.000 m,beta,4.8,4.8,0.0,0.0
Shear,ENV_ULS / Left Exterior Girder / Min / set 2,14.000 m,theta deg,29.0,29.0,0.0,0.0
Shear,ENV_ULS / Left Exterior Girder / Min / set 2,14.000 m,Vc kN,577.0956749313103,577.0956749313254,1.5120349416974932e-11,2.620076717569276e-14
Shear,ENV_ULS / Left Exterior Girder / Min / set 2,14.000 m,Vs kN,859.3869719439667,859.3869719440116,4.490630090003833e-11,5.22538767354783e-14
Shear,ENV_ULS / Left Exterior Girder / Min / set 2,14.000 m,phiVn kN,1221.0102498439855,1221.0102498440365,5.093170329928398e-11,4.171275655203521e-14
Shear,ENV_ULS / Left Exterior Girder / Max / set 1,15.000 m,beta,1.4447180514741007,1.4447180514741278,2.708944180085382e-14,1.87506771810686e-14
Shear,ENV_ULS / Left Exterior Girder / Max / set 1,15.000 m,theta deg,39.83808872636274,39.83808872636245,2.913225216616411e-13,7.312663106472308e-15
Shear,ENV_ULS / Left Exterior Girder / Max / set 1,15.000 m,Vc kN,173.69594562518625,173.69594562519399,7.73070496506989e-12,4.45071123407303e-14
Shear,ENV_ULS / Left Exterior Girder / Max / set 1,15.000 m,Vs kN,570.9799513831014,570.9799513831372,3.581135388230905e-11,6.271910913081959e-14
Shear,ENV_ULS / Left Exterior Girder / Max / set 1,15.000 m,phiVn kN,632.9745124570443,632.9745124570815,3.717559593496844e-11,5.873158429501396e-14
Shear,ENV_ULS / Left Exterior Girder / Min / set 1,15.000 m,beta,4.8,4.8,0.0,0.0
Shear,ENV_ULS / Left Exterior Girder / Min / set 1,15.000 m,theta deg,29.0,29.0,0.0,0.0
Shear,ENV_ULS / Left Exterior Girder / Min / set 1,15.000 m,Vc kN,577.0956749313103,577.0956749313254,1.5120349416974932e-11,2.620076717569276e-14
Shear,ENV_ULS / Left Exterior Girder / Min / set 1,15.000 m,Vs kN,859.3869719439667,859.3869719440116,4.490630090003833e-11,5.22538767354783e-14
Shear,ENV_ULS / Left Exterior Girder / Min / set 1,15.000 m,phiVn kN,1221.0102498439855,1221.0102498440365,5.093170329928398e-11,4.171275655203521e-14
Shear,ENV_ULS / Left Exterior Girder / Max / set 2,15.000 m,beta,1.4374522779780732,1.4374522779781023,2.90878432451791e-14,2.02356931710412e-14
Shear,ENV_ULS / Left Exterior Girder / Max / set 2,15.000 m,theta deg,39.916459356485866,39.91645935648555,3.197442310920451e-13,8.010335491845011e-15
Shear,ENV_ULS / Left Exterior Girder / Max / set 2,15.000 m,Vc kN,172.82239427943867,172.82239427944668,8.01492205937393e-12,4.6376640555124656e-14
Shear,ENV_ULS / Left Exterior Girder / Max / set 2,15.000 m,Vs kN,569.3948432738661,569.3948432739022,3.61524143954739e-11,6.349269724257602e-14
Shear,ENV_ULS / Left Exterior Girder / Max / set 2,15.000 m,phiVn kN,630.8846519203089,630.8846519203465,3.7630343285854906e-11,5.964694682508459e-14
Shear,ENV_ULS / Left Exterior Girder / Min / set 2,15.000 m,beta,4.8,4.8,0.0,0.0
Shear,ENV_ULS / Left Exterior Girder / Min / set 2,15.000 m,theta deg,29.0,29.0,0.0,0.0
Shear,ENV_ULS / Left Exterior Girder / Min / set 2,15.000 m,Vc kN,577.0956749313103,577.0956749313254,1.5120349416974932e-11,2.620076717569276e-14
Shear,ENV_ULS / Left Exterior Girder / Min / set 2,15.000 m,Vs kN,859.3869719439667,859.3869719440116,4.490630090003833e-11,5.22538767354783e-14
Shear,ENV_ULS / Left Exterior Girder / Min / set 2,15.000 m,phiVn kN,1221.0102498439855,1221.0102498440365,5.093170329928398e-11,4.171275655203521e-14
Shear,ENV_ULS / Left Exterior Girder / Max / set 1,16.000 m,beta,1.4861686021766565,1.486168602176664,7.549516567451064e-15,5.079852014363601e-15
Shear,ENV_ULS / Left Exterior Girder / Max / set 1,16.000 m,theta deg,39.40564744842953,39.40564744842945,7.815970093361102e-14,1.9834644522945444e-15
Shear,ENV_ULS / Left Exterior Girder / Max / set 1,16.000 m,Vc kN,178.6794734447624,178.679473444768,5.5990767577895895e-12,3.133587003501178e-14
Shear,ENV_ULS / Left Exterior Girder / Max / set 1,16.000 m,Vs kN,773.0945354801614,773.0945354802044,4.297362465877086e-11,5.558650680680077e-14
Shear,ENV_ULS / Left Exterior Girder / Max / set 1,16.000 m,phiVn kN,809.0079075861853,809.0079075862265,4.1154635255225e-11,5.087049813643338e-14
Shear,ENV_ULS / Left Exterior Girder / Min / set 1,16.000 m,beta,4.8,4.8,0.0,0.0
Shear,ENV_ULS / Left Exterior Girder / Min / set 1,16.000 m,theta deg,29.0,29.0,0.0,0.0
Shear,ENV_ULS / Left Exterior Girder / Min / set 1,16.000 m,Vc kN,577.0956749313103,577.0956749313254,1.5120349416974932e-11,2.620076717569276e-14
Shear,ENV_ULS / Left Exterior Girder / Min / set 1,16.000 m,Vs kN,1145.8492959252887,1145.849295925349,6.02540239924565e-11,5.258459747431043e-14
Shear,ENV_ULS / Left Exterior Girder / Min / set 1,16.000 m,phiVn kN,1464.5032252281092,1464.5032252281733,6.411937647499144e-11,4.378233886443062e-14
Shear,ENV_ULS / Left Exterior Girder / Max / set 2,16.000 m,beta,1.4779862321692143,1.4779862321692359,2.1538326677728037e-14,1.4572751903186744e-14
Shear,ENV_ULS / Left Exterior Girder / Max / set 2,16.000 m,theta deg,39.48909020877046,39.48909020877025,2.1316282072803006e-13,5.398018024752773e-15
Shear,ENV_ULS / Left Exterior Girder / Max / set 2,16.000 m,Vc kN,177.6957212901828,177.69572129018997,7.16227077646181e-12,4.030637724115655e-14
Shear,ENV_ULS / Left Exterior Girder / Max / set 2,16.000 m,Vs kN,770.8031736476468,770.8031736476933,4.6497916628140956e-11,6.03239818125003e-14
Shear,ENV_ULS / Left Exterior Girder / Max / set 2,16.000 m,phiVn kN,806.2240606971551,806.2240606972008,4.5702108764089644e-11,5.668660982973852e-14
Shear,ENV_ULS / Left Exterior Girder / Min / set 2,16.000 m,beta,4.8,4.8,0.0,0.0
Shear,ENV_ULS / Left Exterior Girder / Min / set 2,16.000 m,theta deg,29.0,29.0,0.0,0.0
Shear,ENV_ULS / Left Exterior Girder / Min / set 2,16.000 m,Vc kN,577.0956749313103,577.0956749313254,1.5120349416974932e-11,2.620076717569276e-14
Shear,ENV_ULS / Left Exterior Girder / Min / set 2,16.000 m,Vs kN,1145.8492959252887,1145.849295925349,6.02540239924565e-11,5.258459747431043e-14
Shear,ENV_ULS / Left Exterior Girder / Min / set 2,16.000 m,phiVn kN,1464.5032252281092,1464.5032252281733,6.411937647499144e-11,4.378233886443062e-14
Shear,ENV_ULS / Left Exterior Girder / Max / set 1,17.000 m,beta,1.5369236387063994,1.5369236387064347,3.530509218307998e-14,2.297127280363442e-14
Shear,ENV_ULS / Left Exterior Girder / Max / set 1,17.000 m,theta deg,38.90790258054309,38.90790258054275,3.339550858072471e-13,8.583219954247878e-15
Shear,ENV_ULS / Left Exterior Girder / Max / set 1,17.000 m,Vc kN,184.78166345774062,184.7816634577497,9.066525308298878e-12,4.90661526616895e-14
Shear,ENV_ULS / Left Exterior Girder / Max / set 1,17.000 m,Vs kN,786.9336518936118,786.9336518936625,5.070432962384075e-11,6.443278858621282e-14
Shear,ENV_ULS / Left Exterior Girder / Max / set 1,17.000 m,phiVn kN,825.9580180486496,825.9580180487003,5.070432962384075e-11,6.138850706193049e-14
Shear,ENV_ULS / Left Exterior Girder / Min / set 1,17.000 m,beta,4.8,4.8,0.0,0.0
Shear,ENV_ULS / Left Exterior Girder / Min / set 1,17.000 m,theta deg,29.0,29.0,0.0,0.0
Shear,ENV_ULS / Left Exterior Girder / Min / set 1,17.000 m,Vc kN,577.0956749313103,577.0956749313254,1.5120349416974932e-11,2.620076717569276e-14
Shear,ENV_ULS / Left Exterior Girder / Min / set 1,17.000 m,Vs kN,1145.8492959252887,1145.849295925349,6.02540239924565e-11,5.258459747431043e-14
Shear,ENV_ULS / Left Exterior Girder / Min / set 1,17.000 m,phiVn kN,1464.5032252281092,1464.5032252281733,6.411937647499144e-11,4.378233886443062e-14
Shear,ENV_ULS / Left Exterior Girder / Max / set 2,17.000 m,beta,1.5267941570478305,1.5267941570478585,2.7977620220553945e-14,1.8324421855694176e-14
Shear,ENV_ULS / Left Exterior Girder / Max / set 2,17.000 m,theta deg,39.00459723397077,39.0045972339705,2.7000623958883807e-13,6.922420912827167e-15
Shear,ENV_ULS / Left Exterior Girder / Max / set 2,17.000 m,Vc kN,183.56381344639559,183.56381344640374,8.15703060652595e-12,4.44370295723215e-14
Shear,ENV_ULS / Left Exterior Girder / Max / set 2,17.000 m,Vs kN,784.2219874745157,784.2219874745643,4.865796654485166e-11,6.20461646345128e-14
Shear,ENV_ULS / Left Exterior Girder / Max / set 2,17.000 m,phiVn kN,822.6179307827746,822.6179307828229,4.831690603168681e-11,5.873553714749116e-14
Shear,ENV_ULS / Left Exterior Girder / Min / set 2,17.000 m,beta,4.8,4.8,0.0,0.0
Shear,ENV_ULS / Left Exterior Girder / Min / set 2,17.000 m,theta deg,29.0,29.0,0.0,0.0
Shear,ENV_ULS / Left Exterior Girder / Min / set 2,17.000 m,Vc kN,577.0956749313103,577.0956749313254,1.5120349416974932e-11,2.620076717569276e-14
Shear,ENV_ULS / Left Exterior Girder / Min / set 2,17.000 m,Vs kN,1145.8492959252887,1145.849295925349,6.02540239924565e-11,5.258459747431043e-14
Shear,ENV_ULS / Left Exterior Girder / Min / set 2,17.000 m,phiVn kN,1464.5032252281092,1464.5032252281733,6.411937647499144e-11,4.378233886443062e-14
Shear,ENV_ULS / Left Exterior Girder / Max / set 1,18.000 m,beta,1.3616575295556517,1.3616575295556748,2.3092638912203256e-14,1.695921214472971e-14
Shear,ENV_ULS / Left Exterior Girder / Max / set 1,18.000 m,theta deg,40.78387211698018,40.7838721169799,2.7711166694643907e-13,6.794638482378597e-15
Shear,ENV_ULS / Left Exterior Girder / Max / set 1,18.000 m,Vc kN,163.70972313421242,163.70972313421947,7.048583938740194e-12,4.3055377553606416e-14
Shear,ENV_ULS / Left Exterior Girder / Max / set 1,18.000 m,Vs kN,736.2526090153444,736.2526090153906,4.615685611497611e-11,6.269160278658007e-14
Shear,ENV_ULS / Left Exterior Girder / Max / set 1,18.000 m,phiVn kN,764.9679823271233,764.9679823271686,4.524736141320318e-11,5.91493532520834e-14
Shear,ENV_ULS / Left Exterior Girder / Min / set 1,18.000 m,beta,3.993747303499681,3.9937473034997653,8.43769498715119e-14,2.1127263058824838e-14
Shear,ENV_ULS / Left Exterior Girder / Min / set 1,18.000 m,theta deg,29.94210081353197,29.94210081353185,1.1723955140041653e-13,3.915541936437272e-15
Shear,ENV_ULS / Left Exterior Girder / Min / set 1,18.000 m,Vc kN,480.1613115871353,480.16131158715797,2.2680524125462398e-11,4.723521778648231e-14
Shear,ENV_ULS / Left Exterior Girder / Min / set 1,18.000 m,Vs kN,1102.6919781137267,1102.69197811379,6.320988177321851e-11,5.732324441258945e-14
Shear,ENV_ULS / Left Exterior Girder / Min / set 1,18.000 m,phiVn kN,1345.4252962457326,1345.4252962458056,7.298694981727749e-11,5.424823661405499e-14
Shear,ENV_ULS / Left Exterior Girder / Max / set 2,18.000 m,beta,1.3508777673967862,1.350877767396805,1.887379141862766e-14,1.3971501992366197e-14
Shear,ENV_ULS / Left Exterior Girder / Max / set 2,18.000 m,theta deg,40.91514446430338,40.915144464303154,2.2737367544323206e-13,5.557200846293152e-15
Shear,ENV_ULS / Left Exterior Girder / Max / set 2,18.000 m,Vc kN,162.41369102615627,162.41369102616278,6.508571459562518e-12,4.007403205013098e-14
Shear,ENV_ULS / Left Exterior Girder / Max / set 2,18.000 m,Vs kN,732.851060633783,732.8510606338275,4.445155354915187e-11,6.065564469635433e-14
Shear,ENV_ULS / Left Exterior Girder / Max / set 2,18.000 m,phiVn kN,760.9750389109485,760.9750389109917,4.320099833421409e-11,5.6770585269180094e-14
Shear,ENV_ULS / Left Exterior Girder / Min / set 2,18.000 m,beta,3.9566111414918512,3.956611141491995,1.438849039914203e-13,3.636569246912722e-14
Shear,ENV_ULS / Left Exterior Girder / Min / set 2,18.000 m,theta deg,29.994743868500056,29.99474386849985,2.0605739337042905e-13,6.869783395177722e-15
Shear,ENV_ULS / Left Exterior Girder / Min / set 2,18.000 m,Vc kN,475.69649523749626,475.6964952375261,2.984279490192421e-11,6.273494801979362e-14
Shear,ENV_ULS / Left Exterior Girder / Min / set 2,18.000 m,Vs kN,1100.353206046525,1100.353206046592,6.707523425575346e-11,6.095791232048567e-14
Shear,ENV_ULS / Left Exterior Girder / Min / set 2,18.000 m,phiVn kN,1339.642246091418,1339.6422460915003,8.230927051045e-11,6.144123235184098e-14
Shear,ENV_ULS / Left Exterior Girder / Max / set 1,19.000 m,beta,1.2897300574803756,1.2897300574803927,1.709743457922741e-14,1.3256599301584732e-14
Shear,ENV_ULS / Left Exterior Girder / Max / set 1,19.000 m,theta deg,41.70130880237123,41.701308802371,2.2737367544323206e-13,5.452434994805351e-15
Shear,ENV_ULS / Left Exterior Girder / Max / set 1,19.000 m,Vc kN,155.06200791684066,155.06200791684674,6.0822458181064576e-12,3.922460375573178e-14
Shear,ENV_ULS / Left Exterior Girder / Max / set 1,19.000 m,Vs kN,1069.2737265121061,1069.2737265121707,6.45741238258779e-11,6.039063920190964e-14
Shear,ENV_ULS / Left Exterior Girder / Max / set 1,19.000 m,phiVn kN,1040.685374264605,1040.685374264665,6.002665031701326e-11,5.767992113795904e-14
Shear,ENV_ULS / Left Exterior Girder / Min / set 1,19.000 m,beta,2.8193685530773767,2.8193685530774624,8.570921750106208e-14,3.040014665961525e-14
Shear,ENV_ULS / Left Exterior Girder / Min / set 1,19.000 m,theta deg,32.27837477729429,32.27837477729405,2.4158453015843406e-13,7.484408116122832e-15
Shear,ENV_ULS / Left Exterior Girder / Min / set 1,19.000 m,Vc kN,338.9677912538127,338.96779125383176,1.9042545318370685e-11,5.617803758856521e-14
Shear,ENV_ULS / Left Exterior Girder / Min / set 1,19.000 m,Vs kN,1508.333047576822,1508.3330475769149,9.276845958083868e-11,6.150396275535302e-14
Shear,ENV_ULS / Left Exterior Girder / Min / set 1,19.000 m,phiVn kN,1570.205713006039,1570.2057130061346,9.549694368615746e-11,6.081810994263296e-14
Shear,ENV_ULS / Left Exterior Girder / Max / set 2,19.000 m,beta,1.2640230934164214,1.2640230934164378,1.6431300764452317e-14,1.2999209310362619e-14
Shear,ENV_ULS / Left Exterior Girder / Max / set 2,19.000 m,theta deg,42.05452855252583,42.054528552525596,2.3447910280083306e-13,5.575596989702821e-15
Shear,ENV_ULS / Left Exterior Girder / Max / set 2,19.000 m,Vc kN,151.97130421331508,151.97130421332105,5.9685589803848416e-12,3.927424990711942e-14
Shear,ENV_ULS / Left Exterior Girder / Max / set 2,19.000 m,Vs kN,1056.0930518272642,1056.0930518273283,6.411937647499144e-11,6.071375658049021e-14
Shear,ENV_ULS / Left Exterior Girder / Max / set 2,19.000 m,phiVn kN,1026.8547026344922,1026.8547026345518,5.95719029661268e-11,5.801395544402341e-14
Shear,ENV_ULS / Left Exterior Girder / Min / set 2,19.000 m,beta,2.7950620118895197,2.7950620118895757,5.595524044110789e-14,2.0019319858767596e-14
Shear,ENV_ULS / Left Exterior Girder / Min / set 2,19.000 m,theta deg,32.347466796102964,32.3474667961028,1.6342482922482304e-13,5.052167771125507e-15
Shear,ENV_ULS / Left Exterior Girder / Min / set 2,19.000 m,Vc kN,336.0454579638018,336.0454579638173,1.546140993013978e-11,4.60098762346746e-14
Shear,ENV_ULS / Left Exterior Girder / Min / set 2,19.000 m,Vs kN,1504.3122592049413,1504.3122592050295,8.822098607197404e-11,5.864539461946245e-14
Shear,ENV_ULS / Left Exterior Girder / Min / set 2,19.000 m,phiVn kN,1564.3040595934317,1564.3040595935197,8.799361239653081e-11,5.6250964674601506e-14
Shear,ENV_ULS / Left Exterior Girder / Max / set 1,1.080 m,beta,1.7125477714882351,1.7125477714882482,1.3100631690576847e-14,7.649790510189424e-15
Shear,ENV_ULS / Left Exterior Girder / Max / set 1,1.080 m,theta deg,37.413260429635,37.4132604296349,9.947598300641403e-14,2.658842930663682e-15
Shear,ENV_ULS / Left Exterior Girder / Max / set 1,1.080 m,Vc kN,205.89664834148218,205.8966483414891,6.934897101018578e-12,3.368144725462811e-14
Shear,ENV_ULS / Left Exterior Girder / Max / set 1,1.080 m,Vs kN,1245.5241380142957,1245.524138014365,6.934897101018578e-11,5.5678544392357616e-14
Shear,ENV_ULS / Left Exterior Girder / Max / set 1,1.080 m,phiVn kN,1233.707668402411,1233.707668402476,6.502887117676437e-11,5.271011345902554e-14
Shear,ENV_ULS / Left Exterior Girder / Max / set 1,18.920 m,beta,1.2963185892054374,1.2963185892054414,3.9968028886505635e-15,3.083194919776891e-15
Shear,ENV_ULS / Left Exterior Girder / Max / set 1,18.920 m,theta deg,41.61303616759555,41.6130361675955,4.973799150320701e-14,1.1952502408833724e-15
Shear,ENV_ULS / Left Exterior Girder / Max / set 1,18.920 m,Vc kN,155.85413565906586,155.85413565907035,4.490630090003833e-12,2.881303130657405e-14
Shear,ENV_ULS / Left Exterior Girder / Max / set 1,18.920 m,Vs kN,1072.5961863485072,1072.5961863485654,5.820766091346741e-11,5.4268010323273196e-14
Shear,ENV_ULS / Left Exterior Girder / Max / set 1,18.920 m,phiVn kN,1044.1827737064373,1044.1827737064905,5.32054400537163e-11,5.0954144612877736e-14
Shear,ENV_ULS / Left Exterior Girder / Min / set 1,1.080 m,beta,1.3392433227228884,1.3392433227229088,2.042810365310288e-14,1.525346686931325e-14
Shear,ENV_ULS / Left Exterior Girder / Min / set 1,1.080 m,theta deg,41.05919607981121,41.059196079810945,2.6290081223123707e-13,6.40297028028045e-15
Shear,ENV_ULS / Left Exterior Girder / Min / set 1,1.080 m,Vc kN,161.01490192167,161.01490192167668,6.679101716144942e-12,4.14812643825594e-14
Shear,ENV_ULS / Left Exterior Girder / Min / set 1,1.080 m,Vs kN,1093.7085127203563,1093.708512720424,6.775735528208315e-11,6.195193188498425e-14
Shear,ENV_ULS / Left Exterior Girder / Min / set 1,1.080 m,phiVn kN,1066.5149024457223,1066.5149024457858,6.343725544866174e-11,5.948088986209591e-14
Shear,ENV_ULS / Left Exterior Girder / Min / set 1,18.920 m,beta,2.9014592737908385,2.9014592737908966,5.81756864903582e-14,2.0050492183662072e-14
Shear,ENV_ULS / Left Exterior Girder / Min / set 1,18.920 m,theta deg,32.053586449529504,32.05358644952935,1.5631940186722204e-13,4.876814708811386e-15
Shear,ENV_ULS / Left Exterior Girder / Min / set 1,18.920 m,Vc kN,348.8374162279236,348.8374162279398,1.6200374375330284e-11,4.6441045661066704e-14
Shear,ENV_ULS / Left Exterior Girder / Min / set 1,18.920 m,Vs kN,1521.5214856284238,1521.5214856285127,8.890310709830374e-11,5.84303987410204e-14
Shear,ENV_ULS / Left Exterior Girder / Min / set 1,18.920 m,phiVn kN,1589.805066577895,1589.8050665779847,8.958522812463343e-11,5.634981923756437e-14
Shear,ENV_ULS / Left Exterior Girder / Max / set 2,1.080 m,beta,1.7278366875799138,1.727836687579957,4.3076653355456074e-14,2.4930975054008206e-14
Shear,ENV_ULS / Left Exterior Girder / Max / set 2,1.080 m,theta deg,37.29752153527183,37.2975215352715,3.268496584496461e-13,8.763307721145789e-15
Shear,ENV_ULS / Left Exterior Girder / Max / set 2,1.080 m,Vc kN,207.7348082062521,207.7348082062627,1.0601297617540695e-11,5.103284186737989e-14
Shear,ENV_ULS / Left Exterior Girder / Max / set 2,1.080 m,Vs kN,1250.7516921418505,1250.7516921419308,8.026290743146092e-11,6.417173603340044e-14
Shear,ENV_ULS / Left Exterior Girder / Max / set 2,1.080 m,phiVn kN,1239.713525295887,1239.7135252959645,7.753442332614213e-11,6.25422097477172e-14
Shear,ENV_ULS / Left Exterior Girder / Max / set 2,18.920 m,beta,1.2831920416567018,1.2831920416567018,0.0,0.0
Shear,ENV_ULS / Left Exterior Girder / Max / set 2,18.920 m,theta deg,41.7898006997299,41.7898006997299,0.0,0.0
Shear,ENV_ULS / Left Exterior Girder / Max / set 2,18.920 m,Vc kN,154.2759536138251,154.27595361382913,4.035882739117369e-12,2.616015422092064e-14
Shear,ENV_ULS / Left Exterior Girder / Max / set 2,18.920 m,Vs kN,1065.9545265910606,1065.9545265911163,5.5706550483591855e-11,5.225978134521308e-14
Shear,ENV_ULS / Left Exterior Girder / Max / set 2,18.920 m,phiVn kN,1037.1959081741527,1037.1959081742036,5.093170329928398e-11,4.9105191119525396e-14
Shear,ENV_ULS / Left Exterior Girder / Min / set 2,1.080 m,beta,1.3703512016390789,1.3703512016391053,2.6423307986078726e-14,1.9282143113731184e-14
Shear,ENV_ULS / Left Exterior Girder / Min / set 2,1.080 m,theta deg,40.67950792945682,40.6795079294565,3.197442310920451e-13,7.86008109160324e-15
Shear,ENV_ULS / Left Exterior Girder / Min / set 2,1.080 m,Vc kN,164.75494825059087,164.75494825059843,7.560174708487466e-12,4.5887390872097864e-14
Shear,ENV_ULS / Left Exterior Girder / Min / set 2,1.080 m,Vs kN,1108.4547402101066,1108.454740210177,7.048583938740194e-11,6.35892804915399e-14
Shear,ENV_ULS / Left Exterior Girder / Min / set 2,1.080 m,phiVn kN,1082.2282351915926,1082.228235191659,6.639311322942376e-11,6.13485317333878e-14
Shear,ENV_ULS / Left Exterior Girder / Min / set 2,18.920 m,beta,2.87630755064793,2.876307550647962,3.197442310920451e-14,1.1116482693932173e-14
Shear,ENV_ULS / Left Exterior Girder / Min / set 2,18.920 m,theta deg,32.12109580503218,32.1210958050321,8.526512829121202e-14,2.654490021409991e-15
Shear,ENV_ULS / Left Exterior Girder / Min / set 2,18.920 m,Vc kN,345.8134681773315,345.8134681773445,1.2960299500264227e-11,3.74777175931672e-14
Shear,ENV_ULS / Left Exterior Girder / Min / set 2,18.920 m,Vs kN,1517.5433671383735,1517.543367138458,8.458300726488233e-11,5.573679744281411e-14
Shear,ENV_ULS / Left Exterior Girder / Min / set 2,18.920 m,phiVn kN,1583.8533100183492,1583.853310018432,8.276401786133647e-11,5.2254850457314956e-14
Torsion,ENV_ULS / Left Exterior Girder / Max / set 1,1.000 m,theta deg,43.57876114171769,43.5787611417175,1.9184653865522705e-13,4.4022944578746714e-15
Torsion,ENV_ULS / Left Exterior Girder / Max / set 1,1.000 m,phiTn kN-m,214.94681391433303,214.94681391434577,1.2732925824820995e-11,5.923756483264248e-14
Torsion,ENV_ULS / Left Exterior Girder / Max / set 1,1.000 m,Veff kN,1403.5903402700233,1403.5903402700233,0.0,0.0
Torsion,ENV_ULS / Left Exterior Girder / Max / set 1,1.000 m,phiTcr kN-m,110.89298521815172,110.89298521815458,2.8563817977556027e-12,2.5758002565593998e-14
Torsion,ENV_ULS / Left Exterior Girder / Max / set 1,1.000 m,Investigation threshold kN-m,27.723246304537927,27.723246304538645,7.176481631177012e-13,2.5886151832089488e-14
Torsion,ENV_ULS / Left Exterior Girder / Min / set 1,1.000 m,theta deg,42.14352799697632,42.1435279969763,1.4210854715202004e-14,3.372013542914964e-16
Torsion,ENV_ULS / Left Exterior Girder / Min / set 1,1.000 m,phiTn kN-m,226.02259597094192,226.0225959709538,1.1880274541908875e-11,5.25623311725683e-14
Torsion,ENV_ULS / Left Exterior Girder / Min / set 1,1.000 m,Veff kN,1301.9526013129152,1301.9526013129152,0.0,0.0
Torsion,ENV_ULS / Left Exterior Girder / Min / set 1,1.000 m,phiTcr kN-m,110.89298521815172,110.89298521815458,2.8563817977556027e-12,2.5758002565593998e-14
Torsion,ENV_ULS / Left Exterior Girder / Min / set 1,1.000 m,Investigation threshold kN-m,27.723246304537927,27.723246304538645,7.176481631177012e-13,2.5886151832089488e-14
Torsion,ENV_ULS / Left Exterior Girder / Max / set 2,1.000 m,theta deg,44.52895165270378,44.52895165270365,1.3500311979441904e-13,3.031805483483061e-15
Torsion,ENV_ULS / Left Exterior Girder / Max / set 2,1.000 m,phiTn kN-m,207.930334348135,207.93033434814689,1.1880274541908875e-11,5.713584109385988e-14
Torsion,ENV_ULS / Left Exterior Girder / Max / set 2,1.000 m,Veff kN,1470.879209307763,1470.879209307763,0.0,0.0
Torsion,ENV_ULS / Left Exterior Girder / Max / set 2,1.000 m,phiTcr kN-m,110.89298521815172,110.89298521815458,2.8563817977556027e-12,2.5758002565593998e-14
Torsion,ENV_ULS / Left Exterior Girder / Max / set 2,1.000 m,Investigation threshold kN-m,27.723246304537927,27.723246304538645,7.176481631177012e-13,2.5886151832089488e-14
Torsion,ENV_ULS / Left Exterior Girder / Min / set 2,1.000 m,theta deg,41.71656624986636,41.71656624986615,2.1316282072803006e-13,5.109788266159466e-15
Torsion,ENV_ULS / Left Exterior Girder / Min / set 2,1.000 m,phiTn kN-m,229.4361737566952,229.43617375670894,1.3727685654885136e-11,5.983226371898003e-14
Torsion,ENV_ULS / Left Exterior Girder / Min / set 2,1.000 m,Veff kN,1271.7167983310574,1271.7167983310574,0.0,0.0
Torsion,ENV_ULS / Left Exterior Girder / Min / set 2,1.000 m,phiTcr kN-m,110.89298521815172,110.89298521815458,2.8563817977556027e-12,2.5758002565593998e-14
Torsion,ENV_ULS / Left Exterior Girder / Min / set 2,1.000 m,Investigation threshold kN-m,27.723246304537927,27.723246304538645,7.176481631177012e-13,2.5886151832089488e-14
Torsion,ENV_ULS / Left Exterior Girder / Max / set 1,2.000 m,theta deg,43.19145256382109,43.19145256382105,3.552713678800501e-14,8.225501732202452e-16
Torsion,ENV_ULS / Left Exterior Girder / Max / set 1,2.000 m,phiTn kN-m,145.25150316215365,145.25150316216144,7.787548383930698e-12,5.361423609665875e-14
Torsion,ENV_ULS / Left Exterior Girder / Max / set 1,2.000 m,Veff kN,1544.9900142297297,1544.9900142297297,0.0,0.0
Torsion,ENV_ULS / Left Exterior Girder / Max / set 1,2.000 m,phiTcr kN-m,110.89298521815172,110.89298521815458,2.8563817977556027e-12,2.5758002565593998e-14
Torsion,ENV_ULS / Left Exterior Girder / Max / set 1,2.000 m,Investigation threshold kN-m,27.723246304537927,27.723246304538645,7.176481631177012e-13,2.5886151832089488e-14
Torsion,ENV_ULS / Left Exterior Girder / Min / set 1,2.000 m,theta deg,33.98834186166899,33.9883418616689,9.237055564881302e-14,2.7177129153507177e-15
Torsion,ENV_ULS / Left Exterior Girder / Min / set 1,2.000 m,phiTn kN-m,202.24998304594263,202.24998304595397,1.1340262062731199e-11,5.607052169766826e-14
Torsion,ENV_ULS / Left Exterior Girder / Min / set 1,2.000 m,Veff kN,1161.5480913303404,1161.5480913303406,2.2737367544323206e-13,1.957505480318229e-16
Torsion,ENV_ULS / Left Exterior Girder / Min / set 1,2.000 m,phiTcr kN-m,110.89298521815172,110.89298521815458,2.8563817977556027e-12,2.5758002565593998e-14
Torsion,ENV_ULS / Left Exterior Girder / Min / set 1,2.000 m,Investigation threshold kN-m,27.723246304537927,27.723246304538645,7.176481631177012e-13,2.5886151832089488e-14
Torsion,ENV_ULS / Left Exterior Girder / Max / set 2,2.000 m,theta deg,43.03951220576008,43.03951220575995,1.3500311979441904e-13,3.1367251364050465e-15
Torsion,ENV_ULS / Left Exterior Girder / Max / set 2,2.000 m,phiTn kN-m,146.02560248979154,146.02560248979984,8.29913915367797e-12,5.683345257389149e-14
Torsion,ENV_ULS / Left Exterior Girder / Max / set 2,2.000 m,Veff kN,1515.9331881650626,1515.9331881650628,2.2737367544323206e-13,1.4998924571237397e-16
Torsion,ENV_ULS / Left Exterior Girder / Max / set 2,2.000 m,phiTcr kN-m,110.89298521815172,110.89298521815458,2.8563817977556027e-12,2.5758002565593998e-14
Torsion,ENV_ULS / Left Exterior Girder / Max / set 2,2.000 m,Investigation threshold kN-m,27.723246304537927,27.723246304538645,7.176481631177012e-13,2.5886151832089488e-14
Torsion,ENV_ULS / Left Exterior Girder / Max / set 1,3.000 m,theta deg,40.894740929054194,40.89474092905385,3.410605131648481e-13,8.339960234900036e-15
Torsion,ENV_ULS / Left Exterior Girder / Max / set 1,3.000 m,phiTn kN-m,157.44687655741484,157.44687655742493,1.0089706847793423e-11,6.408324552639472e-14
Torsion,ENV_ULS / Left Exterior Girder / Max / set 1,3.000 m,Veff kN,1430.8786599001166,1430.8786599001166,0.0,0.0
Torsion,ENV_ULS / Left Exterior Girder / Max / set 1,3.000 m,phiTcr kN-m,110.89298521815172,110.89298521815458,2.8563817977556027e-12,2.5758002565593998e-14
Torsion,ENV_ULS / Left Exterior Girder / Max / set 1,3.000 m,Investigation threshold kN-m,27.723246304537927,27.723246304538645,7.176481631177012e-13,2.5886151832089488e-14
Torsion,ENV_ULS / Left Exterior Girder / Max / set 2,3.000 m,theta deg,40.66033355726353,40.6603335572633,2.2737367544323206e-13,5.5920268121513105e-15
Torsion,ENV_ULS / Left Exterior Girder / Max / set 2,3.000 m,phiTn kN-m,158.75469060459912,158.75469060460867,9.549694368615746e-12,6.015377770726806e-14
Torsion,ENV_ULS / Left Exterior Girder / Max / set 2,3.000 m,Veff kN,1376.1534450797444,1376.1534450797444,0.0,0.0
Torsion,ENV_ULS / Left Exterior Girder / Max / set 2,3.000 m,phiTcr kN-m,110.89298521815172,110.89298521815458,2.8563817977556027e-12,2.5758002565593998e-14
Torsion,ENV_ULS / Left Exterior Girder / Max / set 2,3.000 m,Investigation threshold kN-m,27.723246304537927,27.723246304538645,7.176481631177012e-13,2.5886151832089488e-14
Torsion,ENV_ULS / Left Exterior Girder / Max / set 1,4.000 m,theta deg,41.05817377761198,41.05817377761185,1.2789769243681803e-13,3.115036073683285e-15
Torsion,ENV_ULS / Left Exterior Girder / Max / set 1,4.000 m,phiTn kN-m,156.54233528245646,156.54233528246533,8.86757334228605e-12,5.6646486883470734e-14
Torsion,ENV_ULS / Left Exterior Girder / Max / set 1,4.000 m,Veff kN,1265.1884947798071,1265.1884947798071,0.0,0.0
Torsion,ENV_ULS / Left Exterior Girder / Max / set 1,4.000 m,phiTcr kN-m,110.89298521815172,110.89298521815458,2.8563817977556027e-12,2.5758002565593998e-14
Torsion,ENV_ULS / Left Exterior Girder / Max / set 1,4.000 m,Investigation threshold kN-m,27.723246304537927,27.723246304538645,7.176481631177012e-13,2.5886151832089488e-14
Torsion,ENV_ULS / Left Exterior Girder / Max / set 2,4.000 m,theta deg,40.8457098897248,40.84570988972455,2.4868995751603507e-13,6.0885208798537085e-15
Torsion,ENV_ULS / Left Exterior Girder / Max / set 2,4.000 m,phiTn kN-m,157.7194078832324,157.71940788324204,9.634959496906959e-12,6.1089244666957e-14
Torsion,ENV_ULS / Left Exterior Girder / Max / set 2,4.000 m,Veff kN,1210.484802428858,1210.484802428858,0.0,0.0
Torsion,ENV_ULS / Left Exterior Girder / Max / set 2,4.000 m,phiTcr kN-m,110.89298521815172,110.89298521815458,2.8563817977556027e-12,2.5758002565593998e-14
Torsion,ENV_ULS / Left Exterior Girder / Max / set 2,4.000 m,Investigation threshold kN-m,27.723246304537927,27.723246304538645,7.176481631177012e-13,2.5886151832089488e-14
Torsion,ENV_ULS / Left Exterior Girder / Max / set 1,5.000 m,theta deg,41.29818902397442,41.29818902397435,7.105427357601002e-14,1.7205179029705569e-15
Torsion,ENV_ULS / Left Exterior Girder / Max / set 1,5.000 m,phiTn kN-m,116.41846593893506,116.41846593894148,6.423306331271306e-12,5.5174291118388096e-14
Torsion,ENV_ULS / Left Exterior Girder / Max / set 1,5.000 m,Veff kN,1111.5169278482206,1111.5169278482206,0.0,0.0
Torsion,ENV_ULS / Left Exterior Girder / Max / set 1,5.000 m,phiTcr kN-m,110.89298521815172,110.89298521815458,2.8563817977556027e-12,2.5758002565593998e-14
Torsion,ENV_ULS / Left Exterior Girder / Max / set 1,5.000 m,Investigation threshold kN-m,27.723246304537927,27.723246304538645,7.176481631177012e-13,2.5886151832089488e-14
Torsion,ENV_ULS / Left Exterior Girder / Max / set 2,5.000 m,theta deg,41.12065017893021,41.12065017892995,2.6290081223123707e-13,6.393401152152656e-15
Torsion,ENV_ULS / Left Exterior Girder / Max / set 2,5.000 m,phiTn kN-m,117.14858638588406,117.14858638589125,7.190692485892214e-12,6.138095821494456e-14
Torsion,ENV_ULS / Left Exterior Girder / Max / set 2,5.000 m,Veff kN,1062.490176853491,1062.490176853491,0.0,0.0
Torsion,ENV_ULS / Left Exterior Girder / Max / set 2,5.000 m,phiTcr kN-m,110.89298521815172,110.89298521815458,2.8563817977556027e-12,2.5758002565593998e-14
Torsion,ENV_ULS / Left Exterior Girder / Max / set 2,5.000 m,Investigation threshold kN-m,27.723246304537927,27.723246304538645,7.176481631177012e-13,2.5886151832089488e-14
Torsion,ENV_ULS / Left Exterior Girder / Max / set 1,6.000 m,theta deg,40.33138923277437,40.3313892327741,2.7000623958883807e-13,6.6946922663756286e-15
Torsion,ENV_ULS / Left Exterior Girder / Max / set 1,6.000 m,phiTn kN-m,120.4583315474286,120.4583315474361,7.503331289626658e-12,6.228984905599385e-14
Torsion,ENV_ULS / Left Exterior Girder / Max / set 1,6.000 m,Veff kN,973.9107754069228,973.910775406923,2.2737367544323206e-13,2.3346458544750153e-16
Torsion,ENV_ULS / Left Exterior Girder / Max / set 1,6.000 m,phiTcr kN-m,110.89298521815172,110.89298521815458,2.8563817977556027e-12,2.5758002565593998e-14
Torsion,ENV_ULS / Left Exterior Girder / Max / set 1,6.000 m,Investigation threshold kN-m,27.723246304537927,27.723246304538645,7.176481631177012e-13,2.5886151832089488e-14
Torsion,ENV_ULS / Left Exterior Girder / Max / set 2,6.000 m,theta deg,40.17709253498619,40.177092534986,1.8474111129762605e-13,4.598170241830079e-15
Torsion,ENV_ULS / Left Exterior Girder / Max / set 2,6.000 m,phiTn kN-m,121.11792186072014,121.11792186072728,7.133849067031406e-12,5.890002864509657e-14
Torsion,ENV_ULS / Left Exterior Girder / Max / set 2,6.000 m,Veff kN,928.241048912669,928.241048912669,0.0,0.0
Torsion,ENV_ULS / Left Exterior Girder / Max / set 2,6.000 m,phiTcr kN-m,110.89298521815172,110.89298521815458,2.8563817977556027e-12,2.5758002565593998e-14
Torsion,ENV_ULS / Left Exterior Girder / Max / set 2,6.000 m,Investigation threshold kN-m,27.723246304537927,27.723246304538645,7.176481631177012e-13,2.5886151832089488e-14
Torsion,ENV_ULS / Left Exterior Girder / Max / set 1,7.000 m,theta deg,39.55339383108728,39.5533938310871,1.7763568394002505e-13,4.491035199118913e-15
Torsion,ENV_ULS / Left Exterior Girder / Max / set 1,7.000 m,phiTn kN-m,123.82765767099652,123.82765767100382,7.30437932361383e-12,5.898827015706576e-14
Torsion,ENV_ULS / Left Exterior Girder / Max / set 1,7.000 m,Veff kN,860.3071863247562,860.3071863247562,0.0,0.0
Torsion,ENV_ULS / Left Exterior Girder / Max / set 1,7.000 m,phiTcr kN-m,110.89298521815172,110.89298521815458,2.8563817977556027e-12,2.5758002565593998e-14
Torsion,ENV_ULS / Left Exterior Girder / Max / set 1,7.000 m,Investigation threshold kN-m,27.723246304537927,27.723246304538645,7.176481631177012e-13,2.5886151832089488e-14
Torsion,ENV_ULS / Left Exterior Girder / Max / set 2,7.000 m,theta deg,39.41862828639927,39.4186282863992,7.105427357601002e-14,1.8025557119785983e-15
Torsion,ENV_ULS / Left Exterior Girder / Max / set 2,7.000 m,phiTn kN-m,124.42255245640538,124.42255245641226,6.87805368215777e-12,5.5279798930079746e-14
Torsion,ENV_ULS / Left Exterior Girder / Max / set 2,7.000 m,Veff kN,817.7631611246451,817.7631611246451,0.0,0.0
Torsion,ENV_ULS / Left Exterior Girder / Max / set 2,7.000 m,phiTcr kN-m,110.89298521815172,110.89298521815458,2.8563817977556027e-12,2.5758002565593998e-14
Torsion,ENV_ULS / Left Exterior Girder / Max / set 2,7.000 m,Investigation threshold kN-m,27.723246304537927,27.723246304538645,7.176481631177012e-13,2.5886151832089488e-14
Torsion,ENV_ULS / Left Exterior Girder / Min / set 2,7.000 m,theta deg,29.0,29.0,0.0,0.0
Torsion,ENV_ULS / Left Exterior Girder / Min / set 2,7.000 m,phiTn kN-m,184.49924568330744,184.49924568331707,9.634959496906959e-12,5.222221620051956e-14
Torsion,ENV_ULS / Left Exterior Girder / Min / set 2,7.000 m,Veff kN,498.0696287381994,498.0696287381994,0.0,0.0
Torsion,ENV_ULS / Left Exterior Girder / Min / set 2,7.000 m,phiTcr kN-m,110.89298521815172,110.89298521815458,2.8563817977556027e-12,2.5758002565593998e-14
Torsion,ENV_ULS / Left Exterior Girder / Min / set 2,7.000 m,Investigation threshold kN-m,27.723246304537927,27.723246304538645,7.176481631177012e-13,2.5886151832089488e-14
Torsion,ENV_ULS / Left Exterior Girder / Max / set 1,8.000 m,theta deg,39.04385095566771,39.04385095566755,1.5631940186722204e-13,4.0036881107018706e-15
Torsion,ENV_ULS / Left Exterior Girder / Max / set 1,8.000 m,phiTn kN-m,126.09499415373696,126.09499415374428,7.318590178329032e-12,5.804029119035185e-14
Torsion,ENV_ULS / Left Exterior Girder / Max / set 1,8.000 m,Veff kN,759.0963571640309,759.0963571640309,0.0,0.0
Torsion,ENV_ULS / Left Exterior Girder / Max / set 1,8.000 m,phiTcr kN-m,110.89298521815172,110.89298521815458,2.8563817977556027e-12,2.5758002565593998e-14
Torsion,ENV_ULS / Left Exterior Girder / Max / set 1,8.000 m,Investigation threshold kN-m,27.723246304537927,27.723246304538645,7.176481631177012e-13,2.5886151832089488e-14
Torsion,ENV_ULS / Left Exterior Girder / Min / set 1,8.000 m,theta deg,29.0,29.0,0.0,0.0
Torsion,ENV_ULS / Left Exterior Girder / Min / set 1,8.000 m,phiTn kN-m,184.49924568330744,184.49924568331707,9.634959496906959e-12,5.222221620051956e-14
Torsion,ENV_ULS / Left Exterior Girder / Min / set 1,8.000 m,Veff kN,452.3676067691088,452.36760676910876,5.684341886080802e-14,1.2565758027369376e-16
Torsion,ENV_ULS / Left Exterior Girder / Min / set 1,8.000 m,phiTcr kN-m,110.89298521815172,110.89298521815458,2.8563817977556027e-12,2.5758002565593998e-14
Torsion,ENV_ULS / Left Exterior Girder / Min / set 1,8.000 m,Investigation threshold kN-m,27.723246304537927,27.723246304538645,7.176481631177012e-13,2.5886151832089488e-14
Torsion,ENV_ULS / Left Exterior Girder / Max / set 2,8.000 m,theta deg,38.90777255970669,38.90777255970635,3.410605131648481e-13,8.765870948830852e-15
Torsion,ENV_ULS / Left Exterior Girder / Max / set 2,8.000 m,phiTn kN-m,126.7089309490664,126.7089309490746,8.199663170671556e-12,6.47125905747486e-14
Torsion,ENV_ULS / Left Exterior Girder / Max / set 2,8.000 m,Veff kN,716.0082056511818,716.0082056511819,1.1368683772161603e-13,1.5877867994295153e-16
Torsion,ENV_ULS / Left Exterior Girder / Max / set 2,8.000 m,phiTcr kN-m,110.89298521815172,110.89298521815458,2.8563817977556027e-12,2.5758002565593998e-14
Torsion,ENV_ULS / Left Exterior Girder / Max / set 2,8.000 m,Investigation threshold kN-m,27.723246304537927,27.723246304538645,7.176481631177012e-13,2.5886151832089488e-14
Torsion,ENV_ULS / Left Exterior Girder / Min / set 2,8.000 m,theta deg,29.0,29.0,0.0,0.0
Torsion,ENV_ULS / Left Exterior Girder / Min / set 2,8.000 m,phiTn kN-m,184.49924568330744,184.49924568331707,9.634959496906959e-12,5.222221620051956e-14
Torsion,ENV_ULS / Left Exterior Girder / Min / set 2,8.000 m,Veff kN,471.75260030076686,471.75260030076686,0.0,0.0
Torsion,ENV_ULS / Left Exterior Girder / Min / set 2,8.000 m,phiTcr kN-m,110.89298521815172,110.89298521815458,2.8563817977556027e-12,2.5758002565593998e-14
Torsion,ENV_ULS / Left Exterior Girder / Min / set 2,8.000 m,Investigation threshold kN-m,27.723246304537927,27.723246304538645,7.176481631177012e-13,2.5886151832089488e-14
Torsion,ENV_ULS / Left Exterior Girder / Max / set 1,9.000 m,theta deg,38.748620861834006,38.7486208618337,3.055333763768431e-13,7.885012926428688e-15
Torsion,ENV_ULS / Left Exterior Girder / Max / set 1,9.000 m,phiTn kN-m,127.4315665250881,127.43156652509619,8.08597633294994e-12,6.345347980445253e-14
Torsion,ENV_ULS / Left Exterior Girder / Max / set 1,9.000 m,Veff kN,663.446713711699,663.446713711699,0.0,0.0
Torsion,ENV_ULS / Left Exterior Girder / Max / set 1,9.000 m,phiTcr kN-m,110.89298521815172,110.89298521815458,2.8563817977556027e-12,2.5758002565593998e-14
Torsion,ENV_ULS / Left Exterior Girder / Max / set 1,9.000 m,Investigation threshold kN-m,27.723246304537927,27.723246304538645,7.176481631177012e-13,2.5886151832089488e-14
Torsion,ENV_ULS / Left Exterior Girder / Min / set 1,9.000 m,theta deg,29.0,29.0,0.0,0.0
Torsion,ENV_ULS / Left Exterior Girder / Min / set 1,9.000 m,phiTn kN-m,184.49924568330744,184.49924568331707,9.634959496906959e-12,5.222221620051956e-14
Torsion,ENV_ULS / Left Exterior Girder / Min / set 1,9.000 m,Veff kN,466.0516243099879,466.05162430998786,5.684341886080802e-14,1.219680736977743e-16
Torsion,ENV_ULS / Left Exterior Girder / Min / set 1,9.000 m,phiTcr kN-m,110.89298521815172,110.89298521815458,2.8563817977556027e-12,2.5758002565593998e-14
Torsion,ENV_ULS / Left Exterior Girder / Min / set 1,9.000 m,Investigation threshold kN-m,27.723246304537927,27.723246304538645,7.176481631177012e-13,2.5886151832089488e-14
Torsion,ENV_ULS / Left Exterior Girder / Max / set 2,9.000 m,theta deg,38.62329127309656,38.62329127309655,1.4210854715202004e-14,3.6793484570541304e-16
Torsion,ENV_ULS / Left Exterior Girder / Max / set 2,9.000 m,phiTn kN-m,128.00416098807273,128.00416098807952,6.792788553866558e-12,5.306693549203562e-14
Torsion,ENV_ULS / Left Exterior Girder / Max / set 2,9.000 m,Veff kN,624.5193299066337,624.5193299066337,0.0,0.0
Torsion,ENV_ULS / Left Exterior Girder / Max / set 2,9.000 m,phiTcr kN-m,110.89298521815172,110.89298521815458,2.8563817977556027e-12,2.5758002565593998e-14
Torsion,ENV_ULS / Left Exterior Girder / Max / set 2,9.000 m,Investigation threshold kN-m,27.723246304537927,27.723246304538645,7.176481631177012e-13,2.5886151832089488e-14
Torsion,ENV_ULS / Left Exterior Girder / Min / set 2,9.000 m,theta deg,29.0,29.0,0.0,0.0
Torsion,ENV_ULS / Left Exterior Girder / Min / set 2,9.000 m,phiTn kN-m,184.49924568330744,184.49924568331707,9.634959496906959e-12,5.222221620051956e-14
Torsion,ENV_ULS / Left Exterior Girder / Min / set 2,9.000 m,Veff kN,501.827249535936,501.827249535936,0.0,0.0
Torsion,ENV_ULS / Left Exterior Girder / Min / set 2,9.000 m,phiTcr kN-m,110.89298521815172,110.89298521815458,2.8563817977556027e-12,2.5758002565593998e-14
Torsion,ENV_ULS / Left Exterior Girder / Min / set 2,9.000 m,Investigation threshold kN-m,27.723246304537927,27.723246304538645,7.176481631177012e-13,2.5886151832089488e-14
Torsion,ENV_ULS / Left Exterior Girder / Max / set 1,10.000 m,theta deg,38.659173974962414,38.6591739749624,1.4210854715202004e-14,3.675933356570334e-16
Torsion,ENV_ULS / Left Exterior Girder / Max / set 1,10.000 m,phiTn kN-m,127.83990351265608,127.83990351266284,6.764366844436154e-12,5.291279685427897e-14
Torsion,ENV_ULS / Left Exterior Girder / Max / set 1,10.000 m,Veff kN,585.7912363267027,585.7912363267026,1.1368683772161603e-13,1.9407398177293926e-16
Torsion,ENV_ULS / Left Exterior Girder / Max / set 1,10.000 m,phiTcr kN-m,110.89298521815172,110.89298521815458,2.8563817977556027e-12,2.5758002565593998e-14
Torsion,ENV_ULS / Left Exterior Girder / Max / set 1,10.000 m,Investigation threshold kN-m,27.723246304537927,27.723246304538645,7.176481631177012e-13,2.5886151832089488e-14
Torsion,ENV_ULS / Left Exterior Girder / Min / set 1,10.000 m,theta deg,29.0,29.0,0.0,0.0
Torsion,ENV_ULS / Left Exterior Girder / Min / set 1,10.000 m,phiTn kN-m,184.49924568330744,184.49924568331707,9.634959496906959e-12,5.222221620051956e-14
Torsion,ENV_ULS / Left Exterior Girder / Min / set 1,10.000 m,Veff kN,530.8256699761264,530.8256699761264,0.0,0.0
Torsion,ENV_ULS / Left Exterior Girder / Min / set 1,10.000 m,phiTcr kN-m,110.89298521815172,110.89298521815458,2.8563817977556027e-12,2.5758002565593998e-14
Torsion,ENV_ULS / Left Exterior Girder / Min / set 1,10.000 m,Investigation threshold kN-m,27.723246304537927,27.723246304538645,7.176481631177012e-13,2.5886151832089488e-14
Torsion,ENV_ULS / Left Exterior Girder / Max / set 2,10.000 m,theta deg,38.55088738745803,38.55088738745785,1.8474111129762605e-13,4.79213641545719e-15
Torsion,ENV_ULS / Left Exterior Girder / Max / set 2,10.000 m,phiTn kN-m,128.33638407178117,128.33638407178873,7.560174708487466e-12,5.890905188865583e-14
Torsion,ENV_ULS / Left Exterior Girder / Max / set 2,10.000 m,Veff kN,551.7663693717659,551.7663693717658,1.1368683772161603e-13,2.0604162202030983e-16
Torsion,ENV_ULS / Left Exterior Girder / Max / set 2,10.000 m,phiTcr kN-m,110.89298521815172,110.89298521815458,2.8563817977556027e-12,2.5758002565593998e-14
Torsion,ENV_ULS / Left Exterior Girder / Max / set 2,10.000 m,Investigation threshold kN-m,27.723246304537927,27.723246304538645,7.176481631177012e-13,2.5886151832089488e-14
Torsion,ENV_ULS / Left Exterior Girder / Min / set 2,10.000 m,theta deg,29.0,29.0,0.0,0.0
Torsion,ENV_ULS / Left Exterior Girder / Min / set 2,10.000 m,phiTn kN-m,184.49924568330744,184.49924568331707,9.634959496906959e-12,5.222221620051956e-14
Torsion,ENV_ULS / Left Exterior Girder / Min / set 2,10.000 m,Veff kN,577.607243470319,577.607243470319,0.0,0.0
Torsion,ENV_ULS / Left Exterior Girder / Min / set 2,10.000 m,phiTcr kN-m,110.89298521815172,110.89298521815458,2.8563817977556027e-12,2.5758002565593998e-14
Torsion,ENV_ULS / Left Exterior Girder / Min / set 2,10.000 m,Investigation threshold kN-m,27.723246304537927,27.723246304538645,7.176481631177012e-13,2.5886151832089488e-14
Torsion,ENV_ULS / Left Exterior Girder / Max / set 1,11.000 m,theta deg,38.35653274486643,38.3565327448663,1.2789769243681803e-13,3.3344435298035657e-15
Torsion,ENV_ULS / Left Exterior Girder / Max / set 1,11.000 m,phiTn kN-m,129.23341013052433,129.23341013053172,7.389644451905042e-12,5.718060402833261e-14
Torsion,ENV_ULS / Left Exterior Girder / Max / set 1,11.000 m,Veff kN,531.9796062478498,531.9796062478498,0.0,0.0
Torsion,ENV_ULS / Left Exterior Girder / Max / set 1,11.000 m,phiTcr kN-m,110.89298521815172,110.89298521815458,2.8563817977556027e-12,2.5758002565593998e-14
Torsion,ENV_ULS / Left Exterior Girder / Max / set 1,11.000 m,Investigation threshold kN-m,27.723246304537927,27.723246304538645,7.176481631177012e-13,2.5886151832089488e-14
Torsion,ENV_ULS / Left Exterior Girder / Min / set 1,11.000 m,theta deg,29.0,29.0,0.0,0.0
Torsion,ENV_ULS / Left Exterior Girder / Min / set 1,11.000 m,phiTn kN-m,184.49924568330744,184.49924568331707,9.634959496906959e-12,5.222221620051956e-14
Torsion,ENV_ULS / Left Exterior Girder / Min / set 1,11.000 m,Veff kN,628.7754593782741,628.7754593782741,0.0,0.0
Torsion,ENV_ULS / Left Exterior Girder / Min / set 1,11.000 m,phiTcr kN-m,110.89298521815172,110.89298521815458,2.8563817977556027e-12,2.5758002565593998e-14
Torsion,ENV_ULS / Left Exterior Girder / Min / set 1,11.000 m,Investigation threshold kN-m,27.723246304537927,27.723246304538645,7.176481631177012e-13,2.5886151832089488e-14
Torsion,ENV_ULS / Left Exterior Girder / Max / set 2,11.000 m,theta deg,38.27009175440785,38.27009175440775,9.947598300641403e-14,2.5993139406298105e-15
Torsion,ENV_ULS / Left Exterior Girder / Max / set 2,11.000 m,phiTn kN-m,129.63484483230295,129.6348448323102,7.247535904753022e-12,5.590731345517564e-14
Torsion,ENV_ULS / Left Exterior Girder / Max / set 2,11.000 m,Veff kN,505.69355576872255,505.6935557687225,5.684341886080802e-14,1.1240684840129778e-16
Torsion,ENV_ULS / Left Exterior Girder / Max / set 2,11.000 m,phiTcr kN-m,110.89298521815172,110.89298521815458,2.8563817977556027e-12,2.5758002565593998e-14
Torsion,ENV_ULS / Left Exterior Girder / Max / set 2,11.000 m,Investigation threshold kN-m,27.723246304537927,27.723246304538645,7.176481631177012e-13,2.5886151832089488e-14
Torsion,ENV_ULS / Left Exterior Girder / Min / set 2,11.000 m,theta deg,29.0,29.0,0.0,0.0
Torsion,ENV_ULS / Left Exterior Girder / Min / set 2,11.000 m,phiTn kN-m,184.49924568330744,184.49924568331707,9.634959496906959e-12,5.222221620051956e-14
Torsion,ENV_ULS / Left Exterior Girder / Min / set 2,11.000 m,Veff kN,679.8193575219029,679.8193575219028,1.1368683772161603e-13,1.672309510809321e-16
Torsion,ENV_ULS / Left Exterior Girder / Min / set 2,11.000 m,phiTcr kN-m,110.89298521815172,110.89298521815458,2.8563817977556027e-12,2.5758002565593998e-14
Torsion,ENV_ULS / Left Exterior Girder / Min / set 2,11.000 m,Investigation threshold kN-m,27.723246304537927,27.723246304538645,7.176481631177012e-13,2.5886151832089488e-14
Torsion,ENV_ULS / Left Exterior Girder / Max / set 1,12.000 m,theta deg,38.28840511003037,38.2884051100302,1.7053025658242404e-13,4.45383546513279e-15
Torsion,ENV_ULS / Left Exterior Girder / Max / set 1,12.000 m,phiTn kN-m,129.54966895584755,129.54966895585514,7.58859641791787e-12,5.857673338018124e-14
Torsion,ENV_ULS / Left Exterior Girder / Max / set 1,12.000 m,Veff kN,510.4500908061912,510.45009080619116,5.684341886080802e-14,1.1135940591377122e-16
Torsion,ENV_ULS / Left Exterior Girder / Max / set 1,12.000 m,phiTcr kN-m,110.89298521815172,110.89298521815458,2.8563817977556027e-12,2.5758002565593998e-14
Torsion,ENV_ULS / Left Exterior Girder / Max / set 1,12.000 m,Investigation threshold kN-m,27.723246304537927,27.723246304538645,7.176481631177012e-13,2.5886151832089488e-14
Torsion,ENV_ULS / Left Exterior Girder / Min / set 1,12.000 m,theta deg,29.0,29.0,0.0,0.0
Torsion,ENV_ULS / Left Exterior Girder / Min / set 1,12.000 m,phiTn kN-m,184.49924568330744,184.49924568331707,9.634959496906959e-12,5.222221620051956e-14
Torsion,ENV_ULS / Left Exterior Girder / Min / set 1,12.000 m,Veff kN,738.8484485898306,738.8484485898306,0.0,0.0
Torsion,ENV_ULS / Left Exterior Girder / Min / set 1,12.000 m,phiTcr kN-m,110.89298521815172,110.89298521815458,2.8563817977556027e-12,2.5758002565593998e-14
Torsion,ENV_ULS / Left Exterior Girder / Min / set 1,12.000 m,Investigation threshold kN-m,27.723246304537927,27.723246304538645,7.176481631177012e-13,2.5886151832089488e-14
Torsion,ENV_ULS / Left Exterior Girder / Max / set 2,12.000 m,theta deg,38.2273800189819,38.2273800189816,2.984279490192421e-13,7.806654520164848e-15
Torsion,ENV_ULS / Left Exterior Girder / Max / set 2,12.000 m,phiTn kN-m,129.8337666679607,129.8337666679689,8.185452315956354e-12,6.304563539999164e-14
Torsion,ENV_ULS / Left Exterior Girder / Max / set 2,12.000 m,Veff kN,493.9582111829852,493.9582111829852,0.0,0.0
Torsion,ENV_ULS / Left Exterior Girder / Max / set 2,12.000 m,phiTcr kN-m,110.89298521815172,110.89298521815458,2.8563817977556027e-12,2.5758002565593998e-14
Torsion,ENV_ULS / Left Exterior Girder / Max / set 2,12.000 m,Investigation threshold kN-m,27.723246304537927,27.723246304538645,7.176481631177012e-13,2.5886151832089488e-14
Torsion,ENV_ULS / Left Exterior Girder / Min / set 2,12.000 m,theta deg,29.0,29.0,0.0,0.0
Torsion,ENV_ULS / Left Exterior Girder / Min / set 2,12.000 m,phiTn kN-m,184.49924568330744,184.49924568331707,9.634959496906959e-12,5.222221620051956e-14
Torsion,ENV_ULS / Left Exterior Girder / Min / set 2,12.000 m,Veff kN,789.5543845766168,789.5543845766168,0.0,0.0
Torsion,ENV_ULS / Left Exterior Girder / Min / set 2,12.000 m,phiTcr kN-m,110.89298521815172,110.89298521815458,2.8563817977556027e-12,2.5758002565593998e-14
Torsion,ENV_ULS / Left Exterior Girder / Min / set 2,12.000 m,Investigation threshold kN-m,27.723246304537927,27.723246304538645,7.176481631177012e-13,2.5886151832089488e-14
Torsion,ENV_ULS / Left Exterior Girder / Max / set 1,13.000 m,theta deg,38.51393394360083,38.513933943600804,2.842170943040401e-14,7.379591363485306e-16
Torsion,ENV_ULS / Left Exterior Girder / Max / set 1,13.000 m,phiTn kN-m,128.50635023325762,128.50635023326447,6.849631972727366e-12,5.330189488919363e-14
Torsion,ENV_ULS / Left Exterior Girder / Max / set 1,13.000 m,Veff kN,530.0359804179196,530.0359804179196,0.0,0.0
Torsion,ENV_ULS / Left Exterior Girder / Max / set 1,13.000 m,phiTcr kN-m,110.89298521815172,110.89298521815458,2.8563817977556027e-12,2.5758002565593998e-14
Torsion,ENV_ULS / Left Exterior Girder / Max / set 1,13.000 m,Investigation threshold kN-m,27.723246304537927,27.723246304538645,7.176481631177012e-13,2.5886151832089488e-14
Torsion,ENV_ULS / Left Exterior Girder / Min / set 1,13.000 m,theta deg,29.0,29.0,0.0,0.0
Torsion,ENV_ULS / Left Exterior Girder / Min / set 1,13.000 m,phiTn kN-m,184.49924568330744,184.49924568331707,9.634959496906959e-12,5.222221620051956e-14
Torsion,ENV_ULS / Left Exterior Girder / Min / set 1,13.000 m,Veff kN,854.1447191201311,854.144719120131,1.1368683772161603e-13,1.331002055936455e-16
Torsion,ENV_ULS / Left Exterior Girder / Min / set 1,13.000 m,phiTcr kN-m,110.89298521815172,110.89298521815458,2.8563817977556027e-12,2.5758002565593998e-14
Torsion,ENV_ULS / Left Exterior Girder / Min / set 1,13.000 m,Investigation threshold kN-m,27.723246304537927,27.723246304538645,7.176481631177012e-13,2.5886151832089488e-14
Torsion,ENV_ULS / Left Exterior Girder / Max / set 2,13.000 m,theta deg,38.49371932603911,38.49371932603885,2.6290081223123707e-13,6.829706685511144e-15
Torsion,ENV_ULS / Left Exterior Girder / Max / set 2,13.000 m,phiTn kN-m,128.5994433197207,128.59944331972866,7.958078640513122e-12,6.188268343220938e-14
Torsion,ENV_ULS / Left Exterior Girder / Max / set 2,13.000 m,Veff kN,527.6580521230754,527.6580521230755,1.1368683772161603e-13,2.1545551567760161e-16
Torsion,ENV_ULS / Left Exterior Girder / Max / set 2,13.000 m,phiTcr kN-m,110.89298521815172,110.89298521815458,2.8563817977556027e-12,2.5758002565593998e-14
Torsion,ENV_ULS / Left Exterior Girder / Max / set 2,13.000 m,Investigation threshold kN-m,27.723246304537927,27.723246304538645,7.176481631177012e-13,2.5886151832089488e-14
Torsion,ENV_ULS / Left Exterior Girder / Min / set 2,13.000 m,theta deg,29.0,29.0,0.0,0.0
Torsion,ENV_ULS / Left Exterior Girder / Min / set 2,13.000 m,phiTn kN-m,184.49924568330744,184.49924568331707,9.634959496906959e-12,5.222221620051956e-14
Torsion,ENV_ULS / Left Exterior Girder / Min / set 2,13.000 m,Veff kN,903.388792536658,903.3887925366579,1.1368683772161603e-13,1.258448617703023e-16
Torsion,ENV_ULS / Left Exterior Girder / Min / set 2,13.000 m,phiTcr kN-m,110.89298521815172,110.89298521815458,2.8563817977556027e-12,2.5758002565593998e-14
Torsion,ENV_ULS / Left Exterior Girder / Min / set 2,13.000 m,Investigation threshold kN-m,27.723246304537927,27.723246304538645,7.176481631177012e-13,2.5886151832089488e-14
Torsion,ENV_ULS / Left Exterior Girder / Min / set 1,14.000 m,theta deg,29.0,29.0,0.0,0.0
Torsion,ENV_ULS / Left Exterior Girder / Min / set 1,14.000 m,phiTn kN-m,184.49924568330744,184.49924568331707,9.634959496906959e-12,5.222221620051956e-14
Torsion,ENV_ULS / Left Exterior Girder / Min / set 1,14.000 m,Veff kN,976.5817735570156,976.5817735570157,1.1368683772161603e-13,1.1641302428524042e-16
Torsion,ENV_ULS / Left Exterior Girder / Min / set 1,14.000 m,phiTcr kN-m,110.89298521815172,110.89298521815458,2.8563817977556027e-12,2.5758002565593998e-14
Torsion,ENV_ULS / Left Exterior Girder / Min / set 1,14.000 m,Investigation threshold kN-m,27.723246304537927,27.723246304538645,7.176481631177012e-13,2.5886151832089488e-14
Torsion,ENV_ULS / Left Exterior Girder / Min / set 2,14.000 m,theta deg,29.152116564973515,29.152116564973515,0.0,0.0
Torsion,ENV_ULS / Left Exterior Girder / Min / set 2,14.000 m,phiTn kN-m,183.34954747110325,183.34954747111286,9.606537787476555e-12,5.2394663199210165e-14
Torsion,ENV_ULS / Left Exterior Girder / Min / set 2,14.000 m,Veff kN,1027.4417956267864,1027.4417956267862,2.2737367544323206e-13,2.2130078454178884e-16
Torsion,ENV_ULS / Left Exterior Girder / Min / set 2,14.000 m,phiTcr kN-m,110.89298521815172,110.89298521815458,2.8563817977556027e-12,2.5758002565593998e-14
Torsion,ENV_ULS / Left Exterior Girder / Min / set 2,14.000 m,Investigation threshold kN-m,27.723246304537927,27.723246304538645,7.176481631177012e-13,2.5886151832089488e-14
Torsion,ENV_ULS / Left Exterior Girder / Min / set 1,15.000 m,theta deg,30.369492897315435,30.3694928973152,2.3447910280083306e-13,7.720876459598772e-15
Torsion,ENV_ULS / Left Exterior Girder / Min / set 1,15.000 m,phiTn kN-m,174.52715961616136,174.52715961617213,1.0771827874123119e-11,6.172006636567627e-14
Torsion,ENV_ULS / Left Exterior Girder / Min / set 1,15.000 m,Veff kN,1117.1412648176351,1117.1412648176351,0.0,0.0
Torsion,ENV_ULS / Left Exterior Girder / Min / set 1,15.000 m,phiTcr kN-m,110.89298521815172,110.89298521815458,2.8563817977556027e-12,2.5758002565593998e-14
Torsion,ENV_ULS / Left Exterior Girder / Min / set 1,15.000 m,Investigation threshold kN-m,27.723246304537927,27.723246304538645,7.176481631177012e-13,2.5886151832089488e-14
Torsion,ENV_ULS / Left Exterior Girder / Min / set 2,15.000 m,theta deg,30.560649677235016,30.5606496772349,1.1723955140041653e-13,3.836291199259094e-15
Torsion,ENV_ULS / Left Exterior Girder / Min / set 2,15.000 m,phiTn kN-m,173.19982829590634,173.19982829591618,9.833911462919787e-12,5.677783609645563e-14
Torsion,ENV_ULS / Left Exterior Girder / Min / set 2,15.000 m,Veff kN,1167.5838338920848,1167.5838338920846,2.2737367544323206e-13,1.9473862933275878e-16
Torsion,ENV_ULS / Left Exterior Girder / Min / set 2,15.000 m,phiTcr kN-m,110.89298521815172,110.89298521815458,2.8563817977556027e-12,2.5758002565593998e-14
Torsion,ENV_ULS / Left Exterior Girder / Min / set 2,15.000 m,Investigation threshold kN-m,27.723246304537927,27.723246304538645,7.176481631177012e-13,2.5886151832089488e-14
Torsion,ENV_ULS / Left Exterior Girder / Min / set 1,16.000 m,theta deg,31.204913849190486,31.20491384919015,3.375077994860476e-13,1.0815854231073509e-14
Torsion,ENV_ULS / Left Exterior Girder / Min / set 1,16.000 m,phiTn kN-m,225.11267233847127,225.1126723384861,1.4836132322670892e-11,6.59053627170435e-14
Torsion,ENV_ULS / Left Exterior Girder / Min / set 1,16.000 m,Veff kN,1272.8842031180552,1272.8842031180552,0.0,0.0
Torsion,ENV_ULS / Left Exterior Girder / Min / set 1,16.000 m,phiTcr kN-m,110.89298521815172,110.89298521815458,2.8563817977556027e-12,2.5758002565593998e-14
Torsion,ENV_ULS / Left Exterior Girder / Min / set 1,16.000 m,Investigation threshold kN-m,27.723246304537927,27.723246304538645,7.176481631177012e-13,2.5886151832089488e-14
Torsion,ENV_ULS / Left Exterior Girder / Min / set 2,16.000 m,theta deg,31.441949181128383,31.441949181128102,2.8066438062523957e-13,8.926430705946763e-15
Torsion,ENV_ULS / Left Exterior Girder / Min / set 2,16.000 m,phiTn kN-m,223.02532666344328,223.0253266634575,1.4210854715202004e-11,6.371856922171898e-14
Torsion,ENV_ULS / Left Exterior Girder / Min / set 2,16.000 m,Veff kN,1330.5739169178632,1330.5739169178635,2.2737367544323206e-13,1.708839114852932e-16
Torsion,ENV_ULS / Left Exterior Girder / Min / set 2,16.000 m,phiTcr kN-m,110.89298521815172,110.89298521815458,2.8563817977556027e-12,2.5758002565593998e-14
Torsion,ENV_ULS / Left Exterior Girder / Min / set 2,16.000 m,Investigation threshold kN-m,27.723246304537927,27.723246304538645,7.176481631177012e-13,2.5886151832089488e-14
Torsion,ENV_ULS / Left Exterior Girder / Min / set 1,17.000 m,theta deg,32.500394780512075,32.500394780512,7.105427357601002e-14,2.1862587841122415e-15
Torsion,ENV_ULS / Left Exterior Girder / Min / set 1,17.000 m,phiTn kN-m,214.0382375679557,214.0382375679675,1.1823431123048067e-11,5.523980788382989e-14
Torsion,ENV_ULS / Left Exterior Girder / Min / set 1,17.000 m,Veff kN,1459.3568023473074,1459.3568023473072,2.2737367544323206e-13,1.5580403303531537e-16
Torsion,ENV_ULS / Left Exterior Girder / Min / set 1,17.000 m,phiTcr kN-m,110.89298521815172,110.89298521815458,2.8563817977556027e-12,2.5758002565593998e-14
Torsion,ENV_ULS / Left Exterior Girder / Min / set 1,17.000 m,Investigation threshold kN-m,27.723246304537927,27.723246304538645,7.176481631177012e-13,2.5886151832089488e-14
Torsion,ENV_ULS / Left Exterior Girder / Max / set 2,17.000 m,theta deg,39.092880842561925,39.09288084256165,2.7711166694643907e-13,7.088545560570172e-15
Torsion,ENV_ULS / Left Exterior Girder / Max / set 2,17.000 m,phiTn kN-m,167.83289268794567,167.83289268795608,1.0402345651527867e-11,6.198037515130282e-14
Torsion,ENV_ULS / Left Exterior Girder / Max / set 2,17.000 m,Veff kN,1027.603966907668,1027.6039669076679,2.2737367544323206e-13,2.2126585996690884e-16
Torsion,ENV_ULS / Left Exterior Girder / Max / set 2,17.000 m,phiTcr kN-m,110.89298521815172,110.89298521815458,2.8563817977556027e-12,2.5758002565593998e-14
Torsion,ENV_ULS / Left Exterior Girder / Max / set 2,17.000 m,Investigation threshold kN-m,27.723246304537927,27.723246304538645,7.176481631177012e-13,2.5886151832089488e-14
Torsion,ENV_ULS / Left Exterior Girder / Min / set 2,17.000 m,theta deg,32.76646944392075,32.7664694439204,3.481659405224491e-13,1.062567760369584e-14
Torsion,ENV_ULS / Left Exterior Girder / Min / set 2,17.000 m,phiTn kN-m,211.86066508801207,211.86066508802597,1.389821591146756e-11,6.560073766261892e-14
Torsion,ENV_ULS / Left Exterior Girder / Min / set 2,17.000 m,Veff kN,1518.1490730477478,1518.149073047748,2.2737367544323206e-13,1.4977032195314644e-16
Torsion,ENV_ULS / Left Exterior Girder / Min / set 2,17.000 m,phiTcr kN-m,110.89298521815172,110.89298521815458,2.8563817977556027e-12,2.5758002565593998e-14
Torsion,ENV_ULS / Left Exterior Girder / Min / set 2,17.000 m,Investigation threshold kN-m,27.723246304537927,27.723246304538645,7.176481631177012e-13,2.5886151832089488e-14
Torsion,ENV_ULS / Left Exterior Girder / Max / set 1,18.000 m,theta deg,40.89706617766393,40.8970661776638,1.2789769243681803e-13,3.1273072714118106e-15
Torsion,ENV_ULS / Left Exterior Girder / Max / set 1,18.000 m,phiTn kN-m,157.4339654072546,157.43396540726357,8.981260180007666e-12,5.70477924301416e-14
Torsion,ENV_ULS / Left Exterior Girder / Max / set 1,18.000 m,Veff kN,1140.4767103783142,1140.476710378314,2.2737367544323206e-13,1.993672237005249e-16
Torsion,ENV_ULS / Left Exterior Girder / Max / set 1,18.000 m,phiTcr kN-m,110.89298521815172,110.89298521815458,2.8563817977556027e-12,2.5758002565593998e-14
Torsion,ENV_ULS / Left Exterior Girder / Max / set 1,18.000 m,Investigation threshold kN-m,27.723246304537927,27.723246304538645,7.176481631177012e-13,2.5886151832089488e-14
Torsion,ENV_ULS / Left Exterior Girder / Min / set 1,18.000 m,theta deg,39.032079393328,39.03207939332795,4.973799150320701e-14,1.2742849542294462e-15
Torsion,ENV_ULS / Left Exterior Girder / Min / set 1,18.000 m,phiTn kN-m,168.19728134494505,168.19728134495412,9.066525308298878e-12,5.3904113287684074e-14
Torsion,ENV_ULS / Left Exterior Girder / Min / set 1,18.000 m,Veff kN,1612.1312170160554,1612.1312170160554,0.0,0.0
Torsion,ENV_ULS / Left Exterior Girder / Min / set 1,18.000 m,phiTcr kN-m,110.89298521815172,110.89298521815458,2.8563817977556027e-12,2.5758002565593998e-14
Torsion,ENV_ULS / Left Exterior Girder / Min / set 1,18.000 m,Investigation threshold kN-m,27.723246304537927,27.723246304538645,7.176481631177012e-13,2.5886151832089488e-14
Torsion,ENV_ULS / Left Exterior Girder / Max / set 2,18.000 m,theta deg,41.05946549911633,41.059465499116,3.268496584496461e-13,7.960397303678565e-15
Torsion,ENV_ULS / Left Exterior Girder / Max / set 2,18.000 m,phiTn kN-m,156.53520968940438,156.5352096894144,1.000444171950221e-11,6.391176617294145e-14
Torsion,ENV_ULS / Left Exterior Girder / Max / set 2,18.000 m,Veff kN,1173.721089264367,1173.721089264367,0.0,0.0
Torsion,ENV_ULS / Left Exterior Girder / Max / set 2,18.000 m,phiTcr kN-m,110.89298521815172,110.89298521815458,2.8563817977556027e-12,2.5758002565593998e-14
Torsion,ENV_ULS / Left Exterior Girder / Max / set 2,18.000 m,Investigation threshold kN-m,27.723246304537927,27.723246304538645,7.176481631177012e-13,2.5886151832089488e-14
Torsion,ENV_ULS / Left Exterior Girder / Min / set 2,18.000 m,theta deg,39.365821711565935,39.3658217115656,3.339550858072471e-13,8.48337647449975e-15
Torsion,ENV_ULS / Left Exterior Girder / Min / set 2,18.000 m,phiTn kN-m,166.2087804360977,166.20878043610838,1.0686562745831907e-11,6.429601804304126e-14
Torsion,ENV_ULS / Left Exterior Girder / Min / set 2,18.000 m,Veff kN,1641.0664699957272,1641.0664699957274,2.2737367544323206e-13,1.385523862685611e-16
Torsion,ENV_ULS / Left Exterior Girder / Min / set 2,18.000 m,phiTcr kN-m,110.89298521815172,110.89298521815458,2.8563817977556027e-12,2.5758002565593998e-14
Torsion,ENV_ULS / Left Exterior Girder / Min / set 2,18.000 m,Investigation threshold kN-m,27.723246304537927,27.723246304538645,7.176481631177012e-13,2.5886151832089488e-14
Torsion,ENV_ULS / Left Exterior Girder / Max / set 1,19.000 m,theta deg,41.9772462354902,41.9772462354899,2.984279490192421e-13,7.1092788541935e-15
Torsion,ENV_ULS / Left Exterior Girder / Max / set 1,19.000 m,phiTn kN-m,227.34529960260963,227.3452996026239,1.4267698134062812e-11,6.275783206866943e-14
Torsion,ENV_ULS / Left Exterior Girder / Max / set 1,19.000 m,Veff kN,1290.1771609747536,1290.1771609747539,2.2737367544323206e-13,1.7623446013526301e-16
Torsion,ENV_ULS / Left Exterior Girder / Max / set 1,19.000 m,phiTcr kN-m,110.89298521815172,110.89298521815458,2.8563817977556027e-12,2.5758002565593998e-14
Torsion,ENV_ULS / Left Exterior Girder / Max / set 1,19.000 m,Investigation threshold kN-m,27.723246304537927,27.723246304538645,7.176481631177012e-13,2.5886151832089488e-14
Torsion,ENV_ULS / Left Exterior Girder / Min / set 1,19.000 m,theta deg,45.80913512080368,45.809135120803546,1.3500311979441904e-13,2.9470785562399616e-15
Torsion,ENV_ULS / Left Exterior Girder / Min / set 1,19.000 m,phiTn kN-m,198.84224319393428,198.84224319394565,1.1368683772161603e-11,5.71743890510875e-14
Torsion,ENV_ULS / Left Exterior Girder / Min / set 1,19.000 m,Veff kN,1561.5369213489578,1561.5369213489578,0.0,0.0
Torsion,ENV_ULS / Left Exterior Girder / Min / set 1,19.000 m,phiTcr kN-m,110.89298521815172,110.89298521815458,2.8563817977556027e-12,2.5758002565593998e-14
Torsion,ENV_ULS / Left Exterior Girder / Min / set 1,19.000 m,Investigation threshold kN-m,27.723246304537927,27.723246304538645,7.176481631177012e-13,2.5886151832089488e-14
Torsion,ENV_ULS / Left Exterior Girder / Max / set 2,19.000 m,theta deg,42.43744526922569,42.4374452692256,9.237055564881302e-14,2.1766285661827402e-15
Torsion,ENV_ULS / Left Exterior Girder / Max / set 2,19.000 m,phiTn kN-m,223.70522433931177,223.70522433932413,1.2363443602225743e-11,5.52666735376391e-14
Torsion,ENV_ULS / Left Exterior Girder / Max / set 2,19.000 m,Veff kN,1322.7667018660695,1322.7667018660698,2.2737367544323206e-13,1.7189250010789405e-16
Torsion,ENV_ULS / Left Exterior Girder / Max / set 2,19.000 m,phiTcr kN-m,110.89298521815172,110.89298521815458,2.8563817977556027e-12,2.5758002565593998e-14
Torsion,ENV_ULS / Left Exterior Girder / Max / set 2,19.000 m,Investigation threshold kN-m,27.723246304537927,27.723246304538645,7.176481631177012e-13,2.5886151832089488e-14
Torsion,ENV_ULS / Left Exterior Girder / Min / set 2,19.000 m,theta deg,44.80513502707089,44.80513502707055,3.410605131648481e-13,7.61208537724046e-15
Torsion,ENV_ULS / Left Exterior Girder / Min / set 2,19.000 m,phiTn kN-m,205.93524724772857,205.93524724774173,1.3159251466277055e-11,6.389994739679687e-14
Torsion,ENV_ULS / Left Exterior Girder / Min / set 2,19.000 m,Veff kN,1490.4374628298938,1490.437462829894,2.2737367544323206e-13,1.525549921507727e-16
Torsion,ENV_ULS / Left Exterior Girder / Min / set 2,19.000 m,phiTcr kN-m,110.89298521815172,110.89298521815458,2.8563817977556027e-12,2.5758002565593998e-14
Torsion,ENV_ULS / Left Exterior Girder / Min / set 2,19.000 m,Investigation threshold kN-m,27.723246304537927,27.723246304538645,7.176481631177012e-13,2.5886151832089488e-14
Combined,ENV_ULS / Left Exterior Girder / Max / set 1,1.000 m,beta,1.163912812072763,1.1639128120727749,1.176836406102666e-14,1.0111035757110327e-14
Combined,ENV_ULS / Left Exterior Girder / Max / set 1,1.000 m,theta deg,43.57876114171769,43.5787611417175,1.9184653865522705e-13,4.4022944578746714e-15
Combined,ENV_ULS / Left Exterior Girder / Max / set 1,1.000 m,Vc kN,139.93521871756892,139.93521871757397,5.059064278611913e-12,3.6152902214148344e-14
Combined,ENV_ULS / Left Exterior Girder / Max / set 1,1.000 m,At torsion mm2/mm,0.9507399173636556,0.950739917363649,6.5503158452884236e-15,6.889703193962971e-15
Combined,ENV_ULS / Left Exterior Girder / Max / set 1,1.000 m,Combined transverse mm2/mm,3.2209242106498155,3.220924210649782,3.3306690738754696e-14,1.0340724761119255e-14
Combined,ENV_ULS / Left Exterior Girder / Max / set 1,1.000 m,Vs allocated kN,159.5541762955997,159.55417629560645,6.764366844436154e-12,4.239542330690106e-14
Combined,ENV_ULS / Left Exterior Girder / Max / set 1,1.000 m,Vs used kN,159.5541762955997,159.55417629560645,6.764366844436154e-12,4.239542330690106e-14
Combined,ENV_ULS / Left Exterior Girder / Max / set 1,1.000 m,Longitudinal required kN,2585.240425485101,2585.240425485106,5.002220859751105e-12,1.9349151477129897e-15
Combined,ENV_ULS / Left Exterior Girder / Max / set 1,1.000 m,Longitudinal resistance kN,1748.718938090193,1748.7189380901937,6.821210263296962e-13,3.900689879156066e-16
Combined,ENV_ULS / Left Exterior Girder / Max / set 1,1.000 m,Transverse D/C,1.4239611373591092,1.4239611373590944,1.4876988529977098e-14,1.0447608533452146e-14
Combined,ENV_ULS / Left Exterior Girder / Max / set 1,1.000 m,Longitudinal D/C,1.4783624567527631,1.4783624567527656,2.4424906541753444e-15,1.652159551954731e-15
Combined,ENV_ULS / Left Exterior Girder / Max / set 1,1.000 m,Conservative Veff D/C,0.6795402276785395,0.6795402276785395,0.0,0.0
Combined,ENV_ULS / Left Exterior Girder / Min / set 1,1.000 m,beta,1.2577066350502308,1.2577066350502322,1.3322676295501878e-15,1.0592832958195992e-15
Combined,ENV_ULS / Left Exterior Girder / Min / set 1,1.000 m,theta deg,42.14352799697632,42.1435279969763,1.4210854715202004e-14,3.372013542914964e-16
Combined,ENV_ULS / Left Exterior Girder / Min / set 1,1.000 m,Vc kN,151.21188737914588,151.21188737915,4.121147867408581e-12,2.7254126238601724e-14
Combined,ENV_ULS / Left Exterior Girder / Min / set 1,1.000 m,At torsion mm2/mm,0.1649424781610594,0.16494247816105934,5.551115123125783e-17,3.3654854619713876e-16
Combined,ENV_ULS / Left Exterior Girder / Min / set 1,1.000 m,Combined transverse mm2/mm,3.2440711825273607,3.244071182527351,9.769962616701378e-15,3.0116363257756617e-15
Combined,ENV_ULS / Left Exterior Girder / Min / set 1,1.000 m,Vs allocated kN,899.2587325597697,899.2587325597702,5.684341886080801e-13,6.321141714020537e-16
Combined,ENV_ULS / Left Exterior Girder / Min / set 1,1.000 m,Vs used kN,899.2587325597697,899.2587325597702,5.684341886080801e-13,6.321141714020537e-16
Combined,ENV_ULS / Left Exterior Girder / Min / set 1,1.000 m,Longitudinal required kN,1958.050597867114,1958.0505978671142,2.2737367544323206e-13,1.1612247185588975e-16
Combined,ENV_ULS / Left Exterior Girder / Min / set 1,1.000 m,Longitudinal resistance kN,1748.718938090193,1748.7189380901937,6.821210263296962e-13,3.900689879156066e-16
Combined,ENV_ULS / Left Exterior Girder / Min / set 1,1.000 m,Transverse D/C,1.4341943456699993,1.4341943456699948,4.440892098500626e-15,3.0964367638934104e-15
Combined,ENV_ULS / Left Exterior Girder / Min / set 1,1.000 m,Longitudinal D/C,1.119705720123061,1.1197057201230607,2.220446049250313e-16,1.983062164767968e-16
Combined,ENV_ULS / Left Exterior Girder / Min / set 1,1.000 m,Conservative Veff D/C,0.6303328982391263,0.6303328982391263,0.0,0.0
Combined,ENV_ULS / Left Exterior Girder / Max / set 2,1.000 m,beta,1.1091514825527888,1.1091514825527966,7.771561172376096e-15,7.00676264209579e-15
Combined,ENV_ULS / Left Exterior Girder / Max / set 2,1.000 m,theta deg,44.52895165270378,44.52895165270365,1.3500311979441904e-13,3.031805483483061e-15
Combined,ENV_ULS / Left Exterior Girder / Max / set 2,1.000 m,Vc kN,133.3513590468469,133.35135904685131,4.405364961712621e-12,3.3035771012763746e-14
Combined,ENV_ULS / Left Exterior Girder / Max / set 2,1.000 m,At torsion mm2/mm,1.0461864738508688,1.046186473850864,4.884981308350689e-15,4.669321799171964e-15
Combined,ENV_ULS / Left Exterior Girder / Max / set 2,1.000 m,Combined transverse mm2/mm,3.4301409355189185,3.4301409355188923,2.6201263381153694e-14,7.638538437252321e-15
Combined,ENV_ULS / Left Exterior Girder / Max / set 2,1.000 m,Vs allocated kN,72.60864143961915,72.6086414396237,4.547473508864641e-12,6.262992143498518e-14
Combined,ENV_ULS / Left Exterior Girder / Max / set 2,1.000 m,Vs used kN,72.60864143961915,72.6086414396237,4.547473508864641e-12,6.262992143498518e-14
Combined,ENV_ULS / Left Exterior Girder / Max / set 2,1.000 m,Longitudinal required kN,2602.869762454204,2602.8697624542074,3.183231456205249e-12,1.222969931927684e-15
Combined,ENV_ULS / Left Exterior Girder / Max / set 2,1.000 m,Longitudinal resistance kN,1748.718938090193,1748.7189380901937,6.821210263296962e-13,3.900689879156066e-16
Combined,ENV_ULS / Left Exterior Girder / Max / set 2,1.000 m,Transverse D/C,1.5164552371935949,1.516455237193583,1.176836406102666e-14,7.760442756494216e-15
Combined,ENV_ULS / Left Exterior Girder / Max / set 2,1.000 m,Longitudinal D/C,1.4884437434507596,1.4884437434507611,1.5543122344752192e-15,1.0442532620492263e-15
Combined,ENV_ULS / Left Exterior Girder / Max / set 2,1.000 m,Conservative Veff D/C,0.7121177483939787,0.7121177483939787,0.0,0.0
Combined,ENV_ULS / Left Exterior Girder / Min / set 2,1.000 m,beta,1.2885980477598944,1.2885980477599104,1.5987211554602254e-14,1.2406670631229272e-14
Combined,ENV_ULS / Left Exterior Girder / Min / set 2,1.000 m,theta deg,41.71656624986636,41.71656624986615,2.1316282072803006e-13,5.109788266159466e-15
Combined,ENV_ULS / Left Exterior Girder / Min / set 2,1.000 m,Vc kN,154.92590835149275,154.92590835149872,5.9685589803848416e-12,3.8525247609607466e-14
Combined,ENV_ULS / Left Exterior Girder / Min / set 2,1.000 m,At torsion mm2/mm,0.1492782547939247,0.14927825479392362,1.0824674490095276e-15,7.251340461501627e-15
Combined,ENV_ULS / Left Exterior Girder / Min / set 2,1.000 m,Combined transverse mm2/mm,3.0932148334183767,3.0932148334183407,3.597122599785507e-14,1.1629074582609231e-14
Combined,ENV_ULS / Left Exterior Girder / Min / set 2,1.000 m,Vs allocated kN,927.6418048238974,927.6418048239053,7.958078640513122e-12,8.578827085120218e-15
Combined,ENV_ULS / Left Exterior Girder / Min / set 2,1.000 m,Vs used kN,927.6418048238974,927.6418048239053,7.958078640513122e-12,8.578827085120218e-15
Combined,ENV_ULS / Left Exterior Girder / Min / set 2,1.000 m,Longitudinal required kN,1918.0625249719808,1918.0625249719844,3.637978807091713e-12,1.8966945861917874e-15
Combined,ENV_ULS / Left Exterior Girder / Min / set 2,1.000 m,Longitudinal resistance kN,1748.718938090193,1748.7189380901937,6.821210263296962e-13,3.900689879156066e-16
Combined,ENV_ULS / Left Exterior Girder / Min / set 2,1.000 m,Transverse D/C,1.367501196621412,1.367501196621396,1.5987211554602254e-14,1.1690820888567344e-14
Combined,ENV_ULS / Left Exterior Girder / Min / set 2,1.000 m,Longitudinal D/C,1.096838653252495,1.096838653252497,1.9984014443252818e-15,1.8219648244519342e-15
Combined,ENV_ULS / Left Exterior Girder / Min / set 2,1.000 m,Conservative Veff D/C,0.6156944073256149,0.6156944073256149,0.0,0.0
Combined,ENV_ULS / Left Exterior Girder / Max / set 1,2.000 m,beta,1.1878172858185196,1.1878172858185223,2.6645352591003757e-15,2.243219804015775e-15
Combined,ENV_ULS / Left Exterior Girder / Max / set 1,2.000 m,theta deg,43.19145256382109,43.19145256382105,3.552713678800501e-14,8.225501732202452e-16
Combined,ENV_ULS / Left Exterior Girder / Max / set 1,2.000 m,Vc kN,142.80921213635747,142.8092121363615,4.035882739117369e-12,2.8260661050799037e-14
Combined,ENV_ULS / Left Exterior Girder / Max / set 1,2.000 m,At torsion mm2/mm,1.078951171064966,1.0789511710649644,1.5543122344752192e-15,1.4405769938050635e-15
Combined,ENV_ULS / Left Exterior Girder / Max / set 1,2.000 m,Combined transverse mm2/mm,3.2300654547024017,3.2300654547023875,1.4210854715202004e-14,4.399556267354764e-15
Combined,ENV_ULS / Left Exterior Girder / Max / set 1,2.000 m,Vs allocated kN,0.0,0.0,0.0,0.0
Combined,ENV_ULS / Left Exterior Girder / Max / set 1,2.000 m,Vs used kN,0.0,0.0,0.0,0.0
Combined,ENV_ULS / Left Exterior Girder / Max / set 1,2.000 m,Longitudinal required kN,3950.347643666855,3950.347643666857,1.8189894035458565e-12,4.604631206223167e-16
Combined,ENV_ULS / Left Exterior Girder / Max / set 1,2.000 m,Longitudinal resistance kN,2736.642048409589,2736.6420484095893,4.547473508864641e-13,1.6616983253280875e-16
Combined,ENV_ULS / Left Exterior Girder / Max / set 1,2.000 m,Transverse D/C,2.142003681776074,2.142003681776065,9.325873406851315e-15,4.353808299301647e-15
Combined,ENV_ULS / Left Exterior Girder / Max / set 1,2.000 m,Longitudinal D/C,1.4435017710710891,1.4435017710710898,6.661338147750939e-16,4.614707291150862e-16
Combined,ENV_ULS / Left Exterior Girder / Max / set 1,2.000 m,Conservative Veff D/C,0.7479980703121423,0.7479980703121423,0.0,0.0
Combined,ENV_ULS / Left Exterior Girder / Min / set 1,2.000 m,beta,2.3200393800026338,2.320039380002656,2.220446049250313e-14,9.570725688491421e-15
Combined,ENV_ULS / Left Exterior Girder / Min / set 1,2.000 m,theta deg,33.98834186166899,33.9883418616689,9.237055564881302e-14,2.7177129153507177e-15
Combined,ENV_ULS / Left Exterior Girder / Min / set 1,2.000 m,Vc kN,278.9343108062164,278.9343108062264,1.000444171950221e-11,3.5866658678832175e-14
Combined,ENV_ULS / Left Exterior Girder / Min / set 1,2.000 m,At torsion mm2/mm,0.1173386585465068,0.11733865854650644,3.608224830031759e-16,3.075052054222745e-15
Combined,ENV_ULS / Left Exterior Girder / Min / set 1,2.000 m,Combined transverse mm2/mm,1.9360815280223893,1.9360815280223669,2.2426505097428162e-14,1.1583450785947005e-14
Combined,ENV_ULS / Left Exterior Girder / Min / set 1,2.000 m,Vs allocated kN,795.4592071241121,795.4592071241156,3.410605131648481e-12,4.287592752844111e-15
Combined,ENV_ULS / Left Exterior Girder / Min / set 1,2.000 m,Vs used kN,795.4592071241121,795.4592071241156,3.410605131648481e-12,4.287592752844111e-15
Combined,ENV_ULS / Left Exterior Girder / Min / set 1,2.000 m,Longitudinal required kN,2811.202549665941,2811.202549665944,2.7284841053187847e-12,9.705754235471262e-16
Combined,ENV_ULS / Left Exterior Girder / Min / set 1,2.000 m,Longitudinal resistance kN,2736.642048409589,2736.6420484095893,4.547473508864641e-13,1.6616983253280875e-16
Combined,ENV_ULS / Left Exterior Girder / Min / set 1,2.000 m,Transverse D/C,1.2839039392236384,1.2839039392236233,1.509903313490213e-14,1.1760251428181235e-14
Combined,ENV_ULS / Left Exterior Girder / Min / set 1,2.000 m,Longitudinal D/C,1.0272452516395718,1.0272452516395725,6.661338147750939e-16,6.484661902421906e-16
Combined,ENV_ULS / Left Exterior Girder / Min / set 1,2.000 m,Conservative Veff D/C,0.562356858547732,0.562356858547732,0.0,0.0
Combined,ENV_ULS / Left Exterior Girder / Max / set 2,2.000 m,beta,1.1974652949041356,1.1974652949041436,7.993605777301127e-15,6.675438370797219e-15
Combined,ENV_ULS / Left Exterior Girder / Max / set 2,2.000 m,theta deg,43.03951220576008,43.03951220575995,1.3500311979441904e-13,3.1367251364050465e-15
Combined,ENV_ULS / Left Exterior Girder / Max / set 2,2.000 m,Vc kN,143.96917553531722,143.96917553532197,4.746425474877469e-12,3.296834518381306e-14
Combined,ENV_ULS / Left Exterior Girder / Max / set 2,2.000 m,At torsion mm2/mm,1.053644844431974,1.053644844431969,4.884981308350689e-15,4.636269359799538e-15
Combined,ENV_ULS / Left Exterior Girder / Max / set 2,2.000 m,Combined transverse mm2/mm,3.1394029311859524,3.1394029311859275,2.4868995751603507e-14,7.92156862203384e-15
Combined,ENV_ULS / Left Exterior Girder / Max / set 2,2.000 m,Vs allocated kN,0.0,0.0,0.0,0.0
Combined,ENV_ULS / Left Exterior Girder / Max / set 2,2.000 m,Vs used kN,0.0,0.0,0.0,0.0
Combined,ENV_ULS / Left Exterior Girder / Max / set 2,2.000 m,Longitudinal required kN,3937.010487450637,3937.0104874506424,5.4569682106375694e-12,1.3860690054120621e-15
Combined,ENV_ULS / Left Exterior Girder / Max / set 2,2.000 m,Longitudinal resistance kN,2736.642048409589,2736.6420484095893,4.547473508864641e-13,1.6616983253280875e-16
Combined,ENV_ULS / Left Exterior Girder / Max / set 2,2.000 m,Transverse D/C,2.0818812285642903,2.081881228564274,1.6431300764452317e-14,7.892525538444776e-15
Combined,ENV_ULS / Left Exterior Girder / Max / set 2,2.000 m,Longitudinal D/C,1.438628223131574,1.4386282231315757,1.7763568394002505e-15,1.2347573965520531e-15
Combined,ENV_ULS / Left Exterior Girder / Max / set 2,2.000 m,Conservative Veff D/C,0.7339303743234387,0.7339303743234387,0.0,0.0
Combined,ENV_ULS / Left Exterior Girder / Min / set 2,2.000 m,beta,2.3918917255849883,2.391891725585077,8.881784197001252e-14,3.713288566533542e-14
Combined,ENV_ULS / Left Exterior Girder / Min / set 2,2.000 m,theta deg,33.69830573588705,33.6983057358867,3.481659405224491e-13,1.0331852979530452e-14
Combined,ENV_ULS / Left Exterior Girder / Min / set 2,2.000 m,Vc kN,287.5729936956428,287.5729936956609,1.807620719773695e-11,6.28578051277897e-14
Combined,ENV_ULS / Left Exterior Girder / Min / set 2,2.000 m,At torsion mm2/mm,0.0,0.0,0.0,0.0
Combined,ENV_ULS / Left Exterior Girder / Min / set 2,2.000 m,Combined transverse mm2/mm,1.6195647416179697,1.6195647416179195,5.0182080713057076e-14,3.098491799897173e-14
Combined,ENV_ULS / Left Exterior Girder / Min / set 2,2.000 m,Vs allocated kN,952.4352122376284,952.4352122376409,1.2505552149377763e-11,1.3130081698677809e-14
Combined,ENV_ULS / Left Exterior Girder / Min / set 2,2.000 m,Vs used kN,952.4352122376284,952.4352122376409,1.2505552149377763e-11,1.3130081698677809e-14
Combined,ENV_ULS / Left Exterior Girder / Min / set 2,2.000 m,Longitudinal required kN,2645.6993090899427,2645.69930908995,7.275957614183426e-12,2.7501075383680547e-15
Combined,ENV_ULS / Left Exterior Girder / Min / set 2,2.000 m,Longitudinal resistance kN,2736.642048409589,2736.6420484095893,4.547473508864641e-13,1.6616983253280875e-16
Combined,ENV_ULS / Left Exterior Girder / Min / set 2,2.000 m,Transverse D/C,1.0740072261910338,1.0740072261910008,3.3084646133829665e-14,3.08048636238374e-14
Combined,ENV_ULS / Left Exterior Girder / Min / set 2,2.000 m,Longitudinal D/C,0.9667684930250569,0.9667684930250593,2.4424906541753444e-15,2.526448339801278e-15
Combined,ENV_ULS / Left Exterior Girder / Min / set 2,2.000 m,Conservative Veff D/C,0.5392984749455337,0.5392984749455337,0.0,0.0
Combined,ENV_ULS / Left Exterior Girder / Max / set 1,3.000 m,beta,1.3525420391070937,1.3525420391071217,2.7977620220553945e-14,2.0685213037092232e-14
Combined,ENV_ULS / Left Exterior Girder / Max / set 1,3.000 m,theta deg,40.894740929054194,40.89474092905385,3.410605131648481e-13,8.339960234900036e-15
Combined,ENV_ULS / Left Exterior Girder / Max / set 1,3.000 m,Vc kN,162.61378352739143,162.61378352739905,7.617018127348274e-12,4.684115923091397e-14
Combined,ENV_ULS / Left Exterior Girder / Max / set 1,3.000 m,At torsion mm2/mm,0.9306849078816736,0.9306849078816626,1.099120794378905e-14,1.180980571481083e-14
Combined,ENV_ULS / Left Exterior Girder / Max / set 1,3.000 m,Combined transverse mm2/mm,2.626129837704016,2.62612983770397,4.618527782440651e-14,1.7586821931388733e-14
Combined,ENV_ULS / Left Exterior Girder / Max / set 1,3.000 m,Vs allocated kN,0.0,0.0,0.0,0.0
Combined,ENV_ULS / Left Exterior Girder / Max / set 1,3.000 m,Vs used kN,0.0,0.0,0.0,0.0
Combined,ENV_ULS / Left Exterior Girder / Max / set 1,3.000 m,Longitudinal required kN,5083.359269256486,5083.3592692565,1.3642420526593924e-11,2.6837411648437916e-15
Combined,ENV_ULS / Left Exterior Girder / Max / set 1,3.000 m,Longitudinal resistance kN,3838.069097533252,3838.0690975332523,4.547473508864641e-13,1.184833673731233e-16
Combined,ENV_ULS / Left Exterior Girder / Max / set 1,3.000 m,Transverse D/C,1.7415064369654627,1.741506436965432,3.064215547965432e-14,1.7595200815363137e-14
Combined,ENV_ULS / Left Exterior Girder / Max / set 1,3.000 m,Longitudinal D/C,1.3244574654801264,1.3244574654801295,3.1086244689504383e-15,2.3470927152979803e-15
Combined,ENV_ULS / Left Exterior Girder / Max / set 1,3.000 m,Conservative Veff D/C,0.6927517114016541,0.6927517114016541,0.0,0.0
Combined,ENV_ULS / Left Exterior Girder / Min / set 1,3.000 m,beta,3.6072962238114297,3.6072962238116295,1.9984014443252818e-13,5.539887273836585e-14
Combined,ENV_ULS / Left Exterior Girder / Min / set 1,3.000 m,theta deg,30.542970305240345,30.54297030524,3.446132268436486e-13,1.128289827085109e-14
Combined,ENV_ULS / Left Exterior Girder / Min / set 1,3.000 m,Vc kN,433.6989685328383,433.6989685328738,3.54702933691442e-11,8.178551470651146e-14
Combined,ENV_ULS / Left Exterior Girder / Min / set 1,3.000 m,At torsion mm2/mm,0.0,0.0,0.0,0.0
Combined,ENV_ULS / Left Exterior Girder / Min / set 1,3.000 m,Combined transverse mm2/mm,1.0466473191993309,1.0466473191992665,6.439293542825908e-14,6.152305007337395e-14
Combined,ENV_ULS / Left Exterior Girder / Min / set 1,3.000 m,Vs allocated kN,1076.4317367350293,1076.4317367350443,1.5006662579253316e-11,1.3941118667469292e-14
Combined,ENV_ULS / Left Exterior Girder / Min / set 1,3.000 m,Vs used kN,1076.4317367350293,1076.4317367350443,1.5006662579253316e-11,1.3941118667469292e-14
Combined,ENV_ULS / Left Exterior Girder / Min / set 1,3.000 m,Longitudinal required kN,3018.35399017964,3018.353990179642,2.2737367544323206e-12,7.533035428680768e-16
Combined,ENV_ULS / Left Exterior Girder / Min / set 1,3.000 m,Longitudinal resistance kN,3838.069097533252,3838.0690975332523,4.547473508864641e-13,1.184833673731233e-16
Combined,ENV_ULS / Left Exterior Girder / Min / set 1,3.000 m,Transverse D/C,0.6940795605185597,0.694079560518517,4.263256414560601e-14,6.142316611910751e-14
Combined,ENV_ULS / Left Exterior Girder / Min / set 1,3.000 m,Longitudinal D/C,0.7864251303134568,0.7864251303134575,6.661338147750939e-16,8.470403463703949e-16
Combined,ENV_ULS / Left Exterior Girder / Min / set 1,3.000 m,Conservative Veff D/C,0.4859375453885258,0.4859375453885258,0.0,0.0
Combined,ENV_ULS / Left Exterior Girder / Max / set 2,3.000 m,beta,1.3719605373171195,1.3719605373171386,1.9095836023552692e-14,1.391864817110155e-14
Combined,ENV_ULS / Left Exterior Girder / Max / set 2,3.000 m,theta deg,40.66033355726353,40.6603335572633,2.2737367544323206e-13,5.5920268121513105e-15
Combined,ENV_ULS / Left Exterior Girder / Max / set 2,3.000 m,Vc kN,164.94843588794714,164.94843588795376,6.622258297284134e-12,4.014744524029621e-14
Combined,ENV_ULS / Left Exterior Girder / Max / set 2,3.000 m,At torsion mm2/mm,0.8861625046356266,0.8861625046356197,6.8833827526759706e-15,7.7676303349196e-15
Combined,ENV_ULS / Left Exterior Girder / Max / set 2,3.000 m,Combined transverse mm2/mm,2.5005574054644466,2.5005574054644137,3.2862601528904634e-14,1.3142110417897507e-14
Combined,ENV_ULS / Left Exterior Girder / Max / set 2,3.000 m,Vs allocated kN,0.0,0.0,0.0,0.0
Combined,ENV_ULS / Left Exterior Girder / Max / set 2,3.000 m,Vs used kN,0.0,0.0,0.0,0.0
Combined,ENV_ULS / Left Exterior Girder / Max / set 2,3.000 m,Longitudinal required kN,5060.385034886521,5060.385034886529,8.185452315956354e-12,1.6175552373041709e-15
Combined,ENV_ULS / Left Exterior Girder / Max / set 2,3.000 m,Longitudinal resistance kN,3838.069097533252,3838.0690975332523,4.547473508864641e-13,1.184833673731233e-16
Combined,ENV_ULS / Left Exterior Girder / Max / set 2,3.000 m,Transverse D/C,1.658233631519631,1.6582336315196093,2.1760371282653068e-14,1.3122620883470933e-14
Combined,ENV_ULS / Left Exterior Girder / Max / set 2,3.000 m,Longitudinal D/C,1.318471582009521,1.318471582009523,1.9984014443252818e-15,1.51569550045171e-15
Combined,ENV_ULS / Left Exterior Girder / Max / set 2,3.000 m,Conservative Veff D/C,0.6662568119485569,0.6662568119485569,0.0,0.0
Combined,ENV_ULS / Left Exterior Girder / Min / set 2,3.000 m,beta,3.683509021926395,3.6835090219264366,4.1744385725905886e-14,1.1332776837906049e-14
Combined,ENV_ULS / Left Exterior Girder / Min / set 2,3.000 m,theta deg,30.414491236480067,30.41449123648,6.750155989720952e-14,2.21938809932307e-15
Combined,ENV_ULS / Left Exterior Girder / Min / set 2,3.000 m,Vc kN,442.8619010675383,442.86190106755487,1.6541434888495132e-11,3.735122585307214e-14
Combined,ENV_ULS / Left Exterior Girder / Min / set 2,3.000 m,At torsion mm2/mm,0.0,0.0,0.0,0.0
Combined,ENV_ULS / Left Exterior Girder / Min / set 2,3.000 m,Combined transverse mm2/mm,0.9858537522694732,0.9858537522694473,2.5979218776228663e-14,2.6352000706417345e-14
Combined,ENV_ULS / Left Exterior Girder / Min / set 2,3.000 m,Vs allocated kN,1081.9677975112515,1081.9677975112547,3.183231456205249e-12,2.9420759689219275e-15
Combined,ENV_ULS / Left Exterior Girder / Min / set 2,3.000 m,Vs used kN,1081.9677975112515,1081.9677975112547,3.183231456205249e-12,2.9420759689219275e-15
Combined,ENV_ULS / Left Exterior Girder / Min / set 2,3.000 m,Longitudinal required kN,2966.0860307711177,2966.0860307711177,0.0,0.0
Combined,ENV_ULS / Left Exterior Girder / Min / set 2,3.000 m,Longitudinal resistance kN,3838.069097533252,3838.0690975332523,4.547473508864641e-13,1.184833673731233e-16
Combined,ENV_ULS / Left Exterior Girder / Min / set 2,3.000 m,Transverse D/C,0.653764574330748,0.6537645743307308,1.7208456881689926e-14,2.632210058078858e-14
Combined,ENV_ULS / Left Exterior Girder / Min / set 2,3.000 m,Longitudinal D/C,0.7728068347381858,0.7728068347381858,0.0,0.0
Combined,ENV_ULS / Left Exterior Girder / Min / set 2,3.000 m,Conservative Veff D/C,0.4733391430646332,0.47333914306463326,5.551115123125783e-17,1.1727564061541793e-16
Combined,ENV_ULS / Left Exterior Girder / Max / set 1,4.000 m,beta,1.3393251836768796,1.3393251836768898,1.021405182655144e-14,7.626267280743946e-15
Combined,ENV_ULS / Left Exterior Girder / Max / set 1,4.000 m,theta deg,41.05817377761198,41.05817377761185,1.2789769243681803e-13,3.115036073683285e-15
Combined,ENV_ULS / Left Exterior Girder / Max / set 1,4.000 m,Vc kN,161.0247439221896,161.02474392219503,5.4285465012071654e-12,3.37124988929041e-14
Combined,ENV_ULS / Left Exterior Girder / Max / set 1,4.000 m,At torsion mm2/mm,0.8317156378270495,0.8317156378270458,3.6637359812630166e-15,4.405034382706756e-15
Combined,ENV_ULS / Left Exterior Girder / Max / set 1,4.000 m,Combined transverse mm2/mm,2.264202955647989,2.264202955647968,2.0872192862952943e-14,9.21834008337815e-15
Combined,ENV_ULS / Left Exterior Girder / Max / set 1,4.000 m,Vs allocated kN,0.0,0.0,0.0,0.0
Combined,ENV_ULS / Left Exterior Girder / Max / set 1,4.000 m,Vs used kN,0.0,0.0,0.0,0.0
Combined,ENV_ULS / Left Exterior Girder / Max / set 1,4.000 m,Longitudinal required kN,5947.417377867928,5947.417377867932,4.547473508864641e-12,7.646131454952381e-16
Combined,ENV_ULS / Left Exterior Girder / Max / set 1,4.000 m,Longitudinal resistance kN,4397.708506191375,4397.708506191375,0.0,0.0
Combined,ENV_ULS / Left Exterior Girder / Max / set 1,4.000 m,Transverse D/C,1.5014962189777374,1.5014962189777232,1.4210854715202004e-14,9.464462537825971e-15
Combined,ENV_ULS / Left Exterior Girder / Max / set 1,4.000 m,Longitudinal D/C,1.352390084402996,1.3523900844029972,1.3322676295501878e-15,9.851208204756304e-16
Combined,ENV_ULS / Left Exterior Girder / Max / set 1,4.000 m,Conservative Veff D/C,0.6125337665358545,0.6125337665358545,0.0,0.0
Combined,ENV_ULS / Left Exterior Girder / Min / set 1,4.000 m,beta,4.241800085953247,4.241800085953381,1.341149413747189e-13,3.1617459252461546e-14
Combined,ENV_ULS / Left Exterior Girder / Min / set 1,4.000 m,theta deg,29.614110254946816,29.61411025494665,1.6697754290362354e-13,5.638445371686699e-15
Combined,ENV_ULS / Left Exterior Girder / Min / set 1,4.000 m,Vc kN,509.9842674014332,509.9842674014626,2.9388047551037744e-11,5.762540029083544e-14
Combined,ENV_ULS / Left Exterior Girder / Min / set 1,4.000 m,At torsion mm2/mm,0.0,0.0,0.0,0.0
Combined,ENV_ULS / Left Exterior Girder / Min / set 1,4.000 m,Combined transverse mm2/mm,0.6880019444149669,0.6880019444149225,4.440892098500626e-14,6.454766784528734e-14
Combined,ENV_ULS / Left Exterior Girder / Min / set 1,4.000 m,Vs allocated kN,1117.433515523638,1117.4335155236454,7.275957614183426e-12,6.511311423099573e-15
Combined,ENV_ULS / Left Exterior Girder / Min / set 1,4.000 m,Vs used kN,1019.8082352941176,1019.8082352941177,1.1368683772161603e-13,1.1147864253991652e-16
Combined,ENV_ULS / Left Exterior Girder / Min / set 1,4.000 m,Longitudinal required kN,3282.0452239576475,3282.0452239576534,5.9117155615240335e-12,1.801229159906393e-15
Combined,ENV_ULS / Left Exterior Girder / Min / set 1,4.000 m,Longitudinal resistance kN,4397.708506191375,4397.708506191375,0.0,0.0
Combined,ENV_ULS / Left Exterior Girder / Min / set 1,4.000 m,Transverse D/C,0.4562454596269891,0.4562454596269597,2.936539900133539e-14,6.436315886923114e-14
Combined,ENV_ULS / Left Exterior Girder / Min / set 1,4.000 m,Longitudinal D/C,0.7463080418670257,0.746308041867027,1.3322676295501878e-15,1.7851444106340793e-15
Combined,ENV_ULS / Left Exterior Girder / Min / set 1,4.000 m,Conservative Veff D/C,0.4196741709029291,0.4196741709029291,0.0,0.0
Combined,ENV_ULS / Left Exterior Girder / Max / set 2,4.000 m,beta,1.3565582109578045,1.356558210957825,2.042810365310288e-14,1.5058774100581508e-14
Combined,ENV_ULS / Left Exterior Girder / Max / set 2,4.000 m,theta deg,40.8457098897248,40.84570988972455,2.4868995751603507e-13,6.0885208798537085e-15
Combined,ENV_ULS / Left Exterior Girder / Max / set 2,4.000 m,Vc kN,163.09664090339686,163.09664090340362,6.764366844436154e-12,4.1474593265488827e-14
Combined,ENV_ULS / Left Exterior Girder / Max / set 2,4.000 m,At torsion mm2/mm,0.7882671985861709,0.7882671985861641,6.772360450213455e-15,8.591452825083118e-15
Combined,ENV_ULS / Left Exterior Girder / Max / set 2,4.000 m,Combined transverse mm2/mm,2.145469021356151,2.1454690213561185,3.241851231905457e-14,1.511022158621676e-14
Combined,ENV_ULS / Left Exterior Girder / Max / set 2,4.000 m,Vs allocated kN,0.0,0.0,0.0,0.0
Combined,ENV_ULS / Left Exterior Girder / Max / set 2,4.000 m,Vs used kN,0.0,0.0,0.0,0.0
Combined,ENV_ULS / Left Exterior Girder / Max / set 2,4.000 m,Longitudinal required kN,5923.948045315276,5923.9480453152855,9.094947017729282e-12,1.5352847371647111e-15
Combined,ENV_ULS / Left Exterior Girder / Max / set 2,4.000 m,Longitudinal resistance kN,4397.708506191375,4397.708506191375,0.0,0.0
Combined,ENV_ULS / Left Exterior Girder / Max / set 2,4.000 m,Transverse D/C,1.4227583333306777,1.4227583333306562,2.1538326677728037e-14,1.513842946701084e-14
Combined,ENV_ULS / Left Exterior Girder / Max / set 2,4.000 m,Longitudinal D/C,1.3470533658552322,1.3470533658552342,1.9984014443252818e-15,1.4835354671019373e-15
Combined,ENV_ULS / Left Exterior Girder / Max / set 2,4.000 m,Conservative Veff D/C,0.5860492870631121,0.5860492870631121,0.0,0.0
Combined,ENV_ULS / Left Exterior Girder / Min / set 2,4.000 m,beta,4.332672620159997,4.332672620160211,2.1405099914773018e-13,4.940391714613673e-14
Combined,ENV_ULS / Left Exterior Girder / Min / set 2,4.000 m,theta deg,29.50335238710916,29.5033523871089,2.5934809855243657e-13,8.790462017657197e-15
Combined,ENV_ULS / Left Exterior Girder / Min / set 2,4.000 m,Vc kN,520.9097145807588,520.9097145807982,3.944933268940076e-11,7.573161257157124e-14
Combined,ENV_ULS / Left Exterior Girder / Min / set 2,4.000 m,At torsion mm2/mm,0.0,0.0,0.0,0.0
Combined,ENV_ULS / Left Exterior Girder / Min / set 2,4.000 m,Combined transverse mm2/mm,0.6300557782236826,0.6300557782236229,5.972999872483342e-14,9.480112839094338e-14
Combined,ENV_ULS / Left Exterior Girder / Min / set 2,4.000 m,Vs allocated kN,1122.4787733540898,1122.4787733541018,1.2050804798491299e-11,1.0735886579380065e-14
Combined,ENV_ULS / Left Exterior Girder / Min / set 2,4.000 m,Vs used kN,989.9023529411766,989.9023529411766,0.0,0.0
Combined,ENV_ULS / Left Exterior Girder / Min / set 2,4.000 m,Longitudinal required kN,3259.9028439286963,3259.9028439287054,9.094947017729282e-12,2.789944195627749e-15
Combined,ENV_ULS / Left Exterior Girder / Min / set 2,4.000 m,Longitudinal resistance kN,4397.708506191375,4397.708506191375,0.0,0.0
Combined,ENV_ULS / Left Exterior Girder / Min / set 2,4.000 m,Transverse D/C,0.4178187146996252,0.4178187146995856,3.963496197911809e-14,9.486162439520184e-14
Combined,ENV_ULS / Left Exterior Girder / Min / set 2,4.000 m,Longitudinal D/C,0.7412730605812543,0.7412730605812564,2.1094237467877974e-15,2.8456770641762287e-15
Combined,ENV_ULS / Left Exterior Girder / Min / set 2,4.000 m,Conservative Veff D/C,0.4073672234325829,0.4073672234325829,0.0,0.0
Combined,ENV_ULS / Left Exterior Girder / Max / set 1,5.000 m,beta,1.3203766898151268,1.3203766898151326,5.773159728050814e-15,4.372358110062607e-15
Combined,ENV_ULS / Left Exterior Girder / Max / set 1,5.000 m,theta deg,41.29818902397442,41.29818902397435,7.105427357601002e-14,1.7205179029705569e-15
Combined,ENV_ULS / Left Exterior Girder / Max / set 1,5.000 m,Vc kN,158.74659936925627,158.7465993692611,4.831690603168681e-12,3.043649830841205e-14
Combined,ENV_ULS / Left Exterior Girder / Max / set 1,5.000 m,At torsion mm2/mm,0.7412417578274938,0.7412417578274917,2.1094237467877974e-15,2.8457972375575757e-15
Combined,ENV_ULS / Left Exterior Girder / Max / set 1,5.000 m,Combined transverse mm2/mm,1.928958007672044,1.9289580076720283,1.5765166949677223e-14,8.172892767480971e-15
Combined,ENV_ULS / Left Exterior Girder / Max / set 1,5.000 m,Vs allocated kN,0.0,0.0,0.0,0.0
Combined,ENV_ULS / Left Exterior Girder / Max / set 1,5.000 m,Vs used kN,0.0,0.0,0.0,0.0
Combined,ENV_ULS / Left Exterior Girder / Max / set 1,5.000 m,Longitudinal required kN,6674.840912004057,6674.840912004061,3.637978807091713e-12,5.450285415116273e-16
Combined,ENV_ULS / Left Exterior Girder / Max / set 1,5.000 m,Longitudinal resistance kN,4837.473130948422,4837.473130948423,9.094947017729282e-13,1.8801028494697084e-16
Combined,ENV_ULS / Left Exterior Girder / Max / set 1,5.000 m,Transverse D/C,1.705573344098333,1.7055733440983192,1.3766765505351941e-14,8.071635003553588e-15
Combined,ENV_ULS / Left Exterior Girder / Max / set 1,5.000 m,Longitudinal D/C,1.379819738801403,1.3798197388014033,2.220446049250313e-16,1.60922908029938e-16
Combined,ENV_ULS / Left Exterior Girder / Max / set 1,5.000 m,Conservative Veff D/C,0.5381345571765773,0.5381345571765773,0.0,0.0
Combined,ENV_ULS / Left Exterior Girder / Min / set 1,5.000 m,beta,4.8,4.8,0.0,0.0
Combined,ENV_ULS / Left Exterior Girder / Min / set 1,5.000 m,theta deg,29.0,29.0,0.0,0.0
Combined,ENV_ULS / Left Exterior Girder / Min / set 1,5.000 m,Vc kN,577.0956749313103,577.0956749313254,1.5120349416974932e-11,2.620076717569276e-14
Combined,ENV_ULS / Left Exterior Girder / Min / set 1,5.000 m,At torsion mm2/mm,0.0,0.0,0.0,0.0
Combined,ENV_ULS / Left Exterior Girder / Min / set 1,5.000 m,Combined transverse mm2/mm,0.3723365773742547,0.3723365773742348,1.9872992140790302e-14,5.3373730512691464e-14
Combined,ENV_ULS / Left Exterior Girder / Min / set 1,5.000 m,Vs allocated kN,859.3869719439667,859.3869719439667,0.0,0.0
Combined,ENV_ULS / Left Exterior Girder / Min / set 1,5.000 m,Vs used kN,859.3869719439667,859.3869719439667,0.0,0.0
Combined,ENV_ULS / Left Exterior Girder / Min / set 1,5.000 m,Longitudinal required kN,3544.6082835958414,3544.6082835958414,0.0,0.0
Combined,ENV_ULS / Left Exterior Girder / Min / set 1,5.000 m,Longitudinal resistance kN,4837.473130948422,4837.473130948423,9.094947017729282e-13,1.8801028494697084e-16
Combined,ENV_ULS / Left Exterior Girder / Min / set 1,5.000 m,Transverse D/C,0.329217815461281,0.3292178154612635,1.7486012637846216e-14,5.3113810421670996e-14
Combined,ENV_ULS / Left Exterior Girder / Min / set 1,5.000 m,Longitudinal D/C,0.7327396323751558,0.7327396323751557,1.1102230246251565e-16,1.5151671556599152e-16
Combined,ENV_ULS / Left Exterior Girder / Min / set 1,5.000 m,Conservative Veff D/C,0.353918179617526,0.35391817961752603,5.551115123125783e-17,1.5684741397361357e-16
Combined,ENV_ULS / Left Exterior Girder / Max / set 2,5.000 m,beta,1.3343406933952795,1.3343406933953006,2.1094237467877974e-14,1.5808734285246573e-14
Combined,ENV_ULS / Left Exterior Girder / Max / set 2,5.000 m,theta deg,41.12065017893021,41.12065017892995,2.6290081223123707e-13,6.393401152152656e-15
Combined,ENV_ULS / Left Exterior Girder / Max / set 2,5.000 m,Vc kN,160.42546730067951,160.42546730068622,6.707523425575346e-12,4.181083925411545e-14
Combined,ENV_ULS / Left Exterior Girder / Max / set 2,5.000 m,At torsion mm2/mm,0.7030674746900669,0.7030674746900606,6.328271240363392e-15,9.000944387525734e-15
Combined,ENV_ULS / Left Exterior Girder / Max / set 2,5.000 m,Combined transverse mm2/mm,1.824760133318376,1.8247601333183454,3.064215547965432e-14,1.6792429273392354e-14
Combined,ENV_ULS / Left Exterior Girder / Max / set 2,5.000 m,Vs allocated kN,0.0,0.0,0.0,0.0
Combined,ENV_ULS / Left Exterior Girder / Max / set 2,5.000 m,Vs used kN,0.0,0.0,0.0,0.0
Combined,ENV_ULS / Left Exterior Girder / Max / set 2,5.000 m,Longitudinal required kN,6652.910923875316,6652.9109238753235,7.275957614183426e-12,1.0936502378338139e-15
Combined,ENV_ULS / Left Exterior Girder / Max / set 2,5.000 m,Longitudinal resistance kN,4837.473130948422,4837.473130948423,9.094947017729282e-13,1.8801028494697084e-16
Combined,ENV_ULS / Left Exterior Girder / Max / set 2,5.000 m,Transverse D/C,1.613442195414697,1.61344219541467,2.6867397195928788e-14,1.6652221735792406e-14
Combined,ENV_ULS / Left Exterior Girder / Max / set 2,5.000 m,Longitudinal D/C,1.3752863827423396,1.375286382742341,1.3322676295501878e-15,9.68720148958086e-16
Combined,ENV_ULS / Left Exterior Girder / Max / set 2,5.000 m,Conservative Veff D/C,0.5143985363609253,0.5143985363609253,0.0,0.0
Combined,ENV_ULS / Left Exterior Girder / Min / set 2,5.000 m,beta,4.8,4.8,0.0,0.0
Combined,ENV_ULS / Left Exterior Girder / Min / set 2,5.000 m,theta deg,29.0,29.0,0.0,0.0
Combined,ENV_ULS / Left Exterior Girder / Min / set 2,5.000 m,Vc kN,577.0956749313103,577.0956749313254,1.5120349416974932e-11,2.620076717569276e-14
Combined,ENV_ULS / Left Exterior Girder / Min / set 2,5.000 m,At torsion mm2/mm,0.0,0.0,0.0,0.0
Combined,ENV_ULS / Left Exterior Girder / Min / set 2,5.000 m,Combined transverse mm2/mm,0.3337229028777682,0.3337229028777483,1.9872992140790302e-14,5.954938054722098e-14
Combined,ENV_ULS / Left Exterior Girder / Min / set 2,5.000 m,Vs allocated kN,859.3869719439667,859.3869719439667,0.0,0.0
Combined,ENV_ULS / Left Exterior Girder / Min / set 2,5.000 m,Vs used kN,830.68,830.68,0.0,0.0
Combined,ENV_ULS / Left Exterior Girder / Min / set 2,5.000 m,Longitudinal required kN,3518.394283999052,3518.394283999052,0.0,0.0
Combined,ENV_ULS / Left Exterior Girder / Min / set 2,5.000 m,Longitudinal resistance kN,4837.473130948422,4837.473130948423,9.094947017729282e-13,1.8801028494697084e-16
Combined,ENV_ULS / Left Exterior Girder / Min / set 2,5.000 m,Transverse D/C,0.2950758311998517,0.29507583119983416,1.7541523789077473e-14,5.944751123041938e-14
Combined,ENV_ULS / Left Exterior Girder / Min / set 2,5.000 m,Longitudinal D/C,0.7273206876312396,0.7273206876312394,2.220446049250313e-16,3.052911991932927e-16
Combined,ENV_ULS / Left Exterior Girder / Min / set 2,5.000 m,Conservative Veff D/C,0.3418436213991769,0.34184362139917696,5.551115123125783e-17,1.623875589781342e-16
Combined,ENV_ULS / Left Exterior Girder / Max / set 1,6.000 m,beta,1.400170129470709,1.4001701294707327,2.375877272697835e-14,1.6968489919120912e-14
Combined,ENV_ULS / Left Exterior Girder / Max / set 1,6.000 m,theta deg,40.33138923277437,40.3313892327741,2.7000623958883807e-13,6.6946922663756286e-15
Combined,ENV_ULS / Left Exterior Girder / Max / set 1,6.000 m,Vc kN,168.34002622615813,168.34002622616538,7.247535904753022e-12,4.305295696589671e-14
Combined,ENV_ULS / Left Exterior Girder / Max / set 1,6.000 m,At torsion mm2/mm,0.6333669958281407,0.6333669958281345,6.217248937900877e-15,9.816187106137025e-15
Combined,ENV_ULS / Left Exterior Girder / Max / set 1,6.000 m,Combined transverse mm2/mm,1.552176217702553,1.5521762177025331,1.9984014443252818e-14,1.2874836127068309e-14
Combined,ENV_ULS / Left Exterior Girder / Max / set 1,6.000 m,Vs allocated kN,0.0,0.0,0.0,0.0
Combined,ENV_ULS / Left Exterior Girder / Max / set 1,6.000 m,Vs used kN,0.0,0.0,0.0,0.0
Combined,ENV_ULS / Left Exterior Girder / Max / set 1,6.000 m,Longitudinal required kN,7287.217326385468,7287.217326385475,6.366462912410498e-12,8.736480095576236e-16
Combined,ENV_ULS / Left Exterior Girder / Max / set 1,6.000 m,Longitudinal resistance kN,5456.095143088231,5456.0951430882305,9.094947017729282e-13,1.6669333615361788e-16
Combined,ENV_ULS / Left Exterior Girder / Max / set 1,6.000 m,Transverse D/C,1.372425097761351,1.3724250977613333,1.7763568394002505e-14,1.2943196989750486e-14
Combined,ENV_ULS / Left Exterior Girder / Max / set 1,6.000 m,Longitudinal D/C,1.3356103834840378,1.335610383484039,1.1102230246251565e-15,8.312476739878716e-16
Combined,ENV_ULS / Left Exterior Girder / Max / set 1,6.000 m,Conservative Veff D/C,0.4715133262681786,0.4715133262681786,0.0,0.0
Combined,ENV_ULS / Left Exterior Girder / Min / set 1,6.000 m,beta,4.8,4.8,0.0,0.0
Combined,ENV_ULS / Left Exterior Girder / Min / set 1,6.000 m,theta deg,29.0,29.0,0.0,0.0
Combined,ENV_ULS / Left Exterior Girder / Min / set 1,6.000 m,Vc kN,577.0956749313103,577.0956749313254,1.5120349416974932e-11,2.620076717569276e-14
Combined,ENV_ULS / Left Exterior Girder / Min / set 1,6.000 m,At torsion mm2/mm,0.0,0.0,0.0,0.0
Combined,ENV_ULS / Left Exterior Girder / Min / set 1,6.000 m,Combined transverse mm2/mm,0.2854422260462717,0.28544222604626424,7.438494264988549e-15,2.6059544055625897e-14
Combined,ENV_ULS / Left Exterior Girder / Min / set 1,6.000 m,Vs allocated kN,859.3869719439667,859.3869719439667,0.0,0.0
Combined,ENV_ULS / Left Exterior Girder / Min / set 1,6.000 m,Vs used kN,704.3529411764706,704.3529411764706,0.0,0.0
Combined,ENV_ULS / Left Exterior Girder / Min / set 1,6.000 m,Longitudinal required kN,3716.2087485661664,3716.2087485661664,0.0,0.0
Combined,ENV_ULS / Left Exterior Girder / Min / set 1,6.000 m,Longitudinal resistance kN,5456.095143088231,5456.0951430882305,9.094947017729282e-13,1.6669333615361788e-16
Combined,ENV_ULS / Left Exterior Girder / Min / set 1,6.000 m,Transverse D/C,0.2523863402356572,0.2523863402356506,6.6058269965196814e-15,2.6173472741638423e-14
Combined,ENV_ULS / Left Exterior Girder / Min / set 1,6.000 m,Longitudinal D/C,0.6811114269650982,0.6811114269650982,0.0,0.0
Combined,ENV_ULS / Left Exterior Girder / Min / set 1,6.000 m,Conservative Veff D/C,0.2898571774388768,0.2898571774388768,0.0,0.0
Combined,ENV_ULS / Left Exterior Girder / Max / set 2,6.000 m,beta,1.4138058850113788,1.4138058850113961,1.7319479184152442e-14,1.2250252575524423e-14
Combined,ENV_ULS / Left Exterior Girder / Max / set 2,6.000 m,theta deg,40.177092534986194,40.177092534986,1.9184653865522705e-13,4.775022943438928e-15
Combined,ENV_ULS / Left Exterior Girder / Max / set 2,6.000 m,Vc kN,169.9794294651042,169.97942946511077,6.565414878423326e-12,3.862476123777621e-14
Combined,ENV_ULS / Left Exterior Girder / Max / set 2,6.000 m,At torsion mm2/mm,0.6004565878671652,0.600456587867161,4.107825191113079e-15,6.841169327001959e-15
Combined,ENV_ULS / Left Exterior Girder / Max / set 2,6.000 m,Combined transverse mm2/mm,1.486355401780602,1.4863554017805862,1.5765166949677223e-14,1.060659310067516e-14
Combined,ENV_ULS / Left Exterior Girder / Max / set 2,6.000 m,Vs allocated kN,0.0,0.0,0.0,0.0
Combined,ENV_ULS / Left Exterior Girder / Max / set 2,6.000 m,Vs used kN,0.0,0.0,0.0,0.0
Combined,ENV_ULS / Left Exterior Girder / Max / set 2,6.000 m,Longitudinal required kN,7262.356284405323,7262.356284405328,4.547473508864641e-12,6.261705334712874e-16
Combined,ENV_ULS / Left Exterior Girder / Max / set 2,6.000 m,Longitudinal resistance kN,5456.095143088231,5456.0951430882305,9.094947017729282e-13,1.6669333615361788e-16
Combined,ENV_ULS / Left Exterior Girder / Max / set 2,6.000 m,Transverse D/C,1.3142267188040164,1.3142267188040024,1.3988810110276972e-14,1.064413765914555e-14
Combined,ENV_ULS / Left Exterior Girder / Max / set 2,6.000 m,Longitudinal D/C,1.3310538203508528,1.3310538203508537,8.881784197001252e-16,6.672746106284489e-16
Combined,ENV_ULS / Left Exterior Girder / Max / set 2,6.000 m,Conservative Veff D/C,0.4494025896454461,0.44940258964544616,5.551115123125783e-17,1.2352209913844302e-16
Combined,ENV_ULS / Left Exterior Girder / Min / set 2,6.000 m,beta,4.8,4.8,0.0,0.0
Combined,ENV_ULS / Left Exterior Girder / Min / set 2,6.000 m,theta deg,29.0,29.0,0.0,0.0
Combined,ENV_ULS / Left Exterior Girder / Min / set 2,6.000 m,Vc kN,577.0956749313103,577.0956749313254,1.5120349416974932e-11,2.620076717569276e-14
Combined,ENV_ULS / Left Exterior Girder / Min / set 2,6.000 m,At torsion mm2/mm,0.0,0.0,0.0,0.0
Combined,ENV_ULS / Left Exterior Girder / Min / set 2,6.000 m,Combined transverse mm2/mm,0.2854422260462717,0.28544222604626424,7.438494264988549e-15,2.6059544055625897e-14
Combined,ENV_ULS / Left Exterior Girder / Min / set 2,6.000 m,Vs allocated kN,859.3869719439667,859.3869719439667,0.0,0.0
Combined,ENV_ULS / Left Exterior Girder / Min / set 2,6.000 m,Vs used kN,677.5729411764706,677.5729411764706,0.0,0.0
Combined,ENV_ULS / Left Exterior Girder / Min / set 2,6.000 m,Longitudinal required kN,3693.064531693888,3693.064531693888,0.0,0.0
Combined,ENV_ULS / Left Exterior Girder / Min / set 2,6.000 m,Longitudinal resistance kN,5456.095143088231,5456.0951430882305,9.094947017729282e-13,1.6669333615361788e-16
Combined,ENV_ULS / Left Exterior Girder / Min / set 2,6.000 m,Transverse D/C,0.2523863402356572,0.2523863402356506,6.6058269965196814e-15,2.6173472741638423e-14
Combined,ENV_ULS / Left Exterior Girder / Min / set 2,6.000 m,Longitudinal D/C,0.676869525703241,0.676869525703241,0.0,0.0
Combined,ENV_ULS / Left Exterior Girder / Min / set 2,6.000 m,Conservative Veff D/C,0.2788366013071895,0.27883660130718957,5.551115123125783e-17,1.9908129338480255e-16
Combined,ENV_ULS / Left Exterior Girder / Max / set 1,7.000 m,beta,1.471741850389202,1.47174185038922,1.7985612998927536e-14,1.2220630264859985e-14
Combined,ENV_ULS / Left Exterior Girder / Max / set 1,7.000 m,theta deg,39.55339383108728,39.5533938310871,1.7763568394002505e-13,4.491035199118913e-15
Combined,ENV_ULS / Left Exterior Girder / Max / set 1,7.000 m,Vc kN,176.94497009896085,176.94497009896764,6.792788553866558e-12,3.838927181748801e-14
Combined,ENV_ULS / Left Exterior Girder / Max / set 1,7.000 m,At torsion mm2/mm,0.5519707393265623,0.5519707393265585,3.774758283725532e-15,6.8386927327542615e-15
Combined,ENV_ULS / Left Exterior Girder / Max / set 1,7.000 m,Combined transverse mm2/mm,1.3893837046993962,1.389383704699381,1.509903313490213e-14,1.0867432145513095e-14
Combined,ENV_ULS / Left Exterior Girder / Max / set 1,7.000 m,Vs allocated kN,13.785916763227972,13.785916763231915,3.943512183468556e-12,2.860536771835299e-13
Combined,ENV_ULS / Left Exterior Girder / Max / set 1,7.000 m,Vs used kN,13.785916763227972,13.785916763231915,3.943512183468556e-12,2.860536771835299e-13
Combined,ENV_ULS / Left Exterior Girder / Max / set 1,7.000 m,Longitudinal required kN,7745.335162652068,7745.335162652071,2.7284841053187847e-12,3.522745043333319e-16
Combined,ENV_ULS / Left Exterior Girder / Max / set 1,7.000 m,Longitudinal resistance kN,5964.763613518843,5964.763613518843,0.0,0.0
Combined,ENV_ULS / Left Exterior Girder / Max / set 1,7.000 m,Transverse D/C,1.2284849136346618,1.2284849136346485,1.3322676295501878e-14,1.0844802526784665e-14
Combined,ENV_ULS / Left Exterior Girder / Max / set 1,7.000 m,Longitudinal D/C,1.2985150233108391,1.29851502331084,8.881784197001252e-16,6.839954900448711e-16
Combined,ENV_ULS / Left Exterior Girder / Max / set 1,7.000 m,Conservative Veff D/C,0.4165127989952826,0.4165127989952826,0.0,0.0
Combined,ENV_ULS / Left Exterior Girder / Min / set 1,7.000 m,beta,4.8,4.8,0.0,0.0
Combined,ENV_ULS / Left Exterior Girder / Min / set 1,7.000 m,theta deg,29.0,29.0,0.0,0.0
Combined,ENV_ULS / Left Exterior Girder / Min / set 1,7.000 m,Vc kN,577.0956749313103,577.0956749313254,1.5120349416974932e-11,2.620076717569276e-14
Combined,ENV_ULS / Left Exterior Girder / Min / set 1,7.000 m,At torsion mm2/mm,0.0,0.0,0.0,0.0
Combined,ENV_ULS / Left Exterior Girder / Min / set 1,7.000 m,Combined transverse mm2/mm,0.2854422260462717,0.28544222604626424,7.438494264988549e-15,2.6059544055625897e-14
Combined,ENV_ULS / Left Exterior Girder / Min / set 1,7.000 m,Vs allocated kN,859.3869719439667,859.3869719439667,0.0,0.0
Combined,ENV_ULS / Left Exterior Girder / Min / set 1,7.000 m,Vs used kN,557.584705882353,557.584705882353,0.0,0.0
Combined,ENV_ULS / Left Exterior Girder / Min / set 1,7.000 m,Longitudinal required kN,3826.547311102961,3826.5473111029605,4.547473508864641e-13,1.188401224171427e-16
Combined,ENV_ULS / Left Exterior Girder / Min / set 1,7.000 m,Longitudinal resistance kN,5964.763613518843,5964.763613518843,0.0,0.0
Combined,ENV_ULS / Left Exterior Girder / Min / set 1,7.000 m,Transverse D/C,0.2523863402356572,0.2523863402356506,6.6058269965196814e-15,2.6173472741638423e-14
Combined,ENV_ULS / Left Exterior Girder / Min / set 1,7.000 m,Longitudinal D/C,0.6415253912879765,0.6415253912879765,0.0,0.0
Combined,ENV_ULS / Left Exterior Girder / Min / set 1,7.000 m,Conservative Veff D/C,0.2294587267005567,0.22945872670055675,5.551115123125783e-17,2.4192216190452317e-16
Combined,ENV_ULS / Left Exterior Girder / Max / set 2,7.000 m,beta,1.4848897598417468,1.4848897598417539,7.105427357601002e-15,4.7851547971872565e-15
Combined,ENV_ULS / Left Exterior Girder / Max / set 2,7.000 m,theta deg,39.41862828639927,39.4186282863992,7.105427357601002e-14,1.8025557119785983e-15
Combined,ENV_ULS / Left Exterior Girder / Max / set 2,7.000 m,Vc kN,178.52572044884673,178.5257204488522,5.4853899200679734e-12,3.0726048360295195e-14
Combined,ENV_ULS / Left Exterior Girder / Max / set 2,7.000 m,At torsion mm2/mm,0.5231089861504494,0.523108986150448,1.4432899320127035e-15,2.7590616300321177e-15
Combined,ENV_ULS / Left Exterior Girder / Max / set 2,7.000 m,Combined transverse mm2/mm,1.3316601983471703,1.3316601983471603,9.992007221626409e-15,7.503421093480425e-15
Combined,ENV_ULS / Left Exterior Girder / Max / set 2,7.000 m,Vs allocated kN,43.43183656103324,43.431836561034835,1.5916157281026244e-12,3.664629115708529e-14
Combined,ENV_ULS / Left Exterior Girder / Max / set 2,7.000 m,Vs used kN,43.43183656103324,43.431836561034835,1.5916157281026244e-12,3.664629115708529e-14
Combined,ENV_ULS / Left Exterior Girder / Max / set 2,7.000 m,Longitudinal required kN,7713.429255827001,7713.429255827002,9.094947017729282e-13,1.1791055205255992e-16
Combined,ENV_ULS / Left Exterior Girder / Max / set 2,7.000 m,Longitudinal resistance kN,5964.763613518843,5964.763613518843,0.0,0.0
Combined,ENV_ULS / Left Exterior Girder / Max / set 2,7.000 m,Transverse D/C,1.177446128253811,1.177446128253802,8.881784197001252e-15,7.543261626902014e-15
Combined,ENV_ULS / Left Exterior Girder / Max / set 2,7.000 m,Longitudinal D/C,1.2931659585544837,1.2931659585544837,0.0,0.0
Combined,ENV_ULS / Left Exterior Girder / Max / set 2,7.000 m,Conservative Veff D/C,0.3959153527594505,0.3959153527594505,0.0,0.0
Combined,ENV_ULS / Left Exterior Girder / Min / set 2,7.000 m,beta,4.8,4.8,0.0,0.0
Combined,ENV_ULS / Left Exterior Girder / Min / set 2,7.000 m,theta deg,29.0,29.0,0.0,0.0
Combined,ENV_ULS / Left Exterior Girder / Min / set 2,7.000 m,Vc kN,577.0956749313103,577.0956749313254,1.5120349416974932e-11,2.620076717569276e-14
Combined,ENV_ULS / Left Exterior Girder / Min / set 2,7.000 m,At torsion mm2/mm,0.0907878014163201,0.09078780141632019,8.326672684688674e-17,9.171576527671982e-16
Combined,ENV_ULS / Left Exterior Girder / Min / set 2,7.000 m,Combined transverse mm2/mm,0.4670178288789121,0.46701782887890464,7.438494264988549e-15,1.5927645166877156e-14
Combined,ENV_ULS / Left Exterior Girder / Min / set 2,7.000 m,Vs allocated kN,721.4140420185662,721.4140420185662,0.0,0.0
Combined,ENV_ULS / Left Exterior Girder / Min / set 2,7.000 m,Vs used kN,533.0694117647059,533.0694117647059,0.0,0.0
Combined,ENV_ULS / Left Exterior Girder / Min / set 2,7.000 m,Longitudinal required kN,3853.081213153345,3853.0812131533453,4.547473508864641e-13,1.1802174045386935e-16
Combined,ENV_ULS / Left Exterior Girder / Min / set 2,7.000 m,Longitudinal resistance kN,5964.763613518843,5964.763613518843,0.0,0.0
Combined,ENV_ULS / Left Exterior Girder / Min / set 2,7.000 m,Transverse D/C,0.4129344221006876,0.412934422100681,6.6058269965196814e-15,1.5997278606405594e-14
Combined,ENV_ULS / Left Exterior Girder / Min / set 2,7.000 m,Longitudinal D/C,0.6459738327970829,0.6459738327970829,0.0,0.0
Combined,ENV_ULS / Left Exterior Girder / Min / set 2,7.000 m,Conservative Veff D/C,0.2411375593019605,0.2411375593019605,0.0,0.0
Combined,ENV_ULS / Left Exterior Girder / Max / set 1,8.000 m,beta,1.5227200412031046,1.5227200412031212,1.6653345369377348e-14,1.0936577255671581e-14
Combined,ENV_ULS / Left Exterior Girder / Max / set 1,8.000 m,theta deg,39.04385095566771,39.04385095566755,1.5631940186722204e-13,4.0036881107018706e-15
Combined,ENV_ULS / Left Exterior Girder / Max / set 1,8.000 m,Vc kN,183.0739895644872,183.07398956449393,6.73594513500575e-12,3.6793567185756815e-14
Combined,ENV_ULS / Left Exterior Girder / Max / set 1,8.000 m,At torsion mm2/mm,0.4850090596527995,0.4850090596527967,2.7755575615628914e-15,5.722692197852611e-15
Combined,ENV_ULS / Left Exterior Girder / Max / set 1,8.000 m,Combined transverse mm2/mm,1.255460345351871,1.2554603453518576,1.3322676295501878e-14,1.0611785824081955e-14
Combined,ENV_ULS / Left Exterior Girder / Max / set 1,8.000 m,Vs allocated kN,83.58815748165993,83.58815748166329,3.353761712787673e-12,4.0122450522053756e-14
Combined,ENV_ULS / Left Exterior Girder / Max / set 1,8.000 m,Vs used kN,83.58815748165993,83.58815748166329,3.353761712787673e-12,4.0122450522053756e-14
Combined,ENV_ULS / Left Exterior Girder / Max / set 1,8.000 m,Longitudinal required kN,8048.690841916962,8048.690841916965,2.7284841053187847e-12,3.389972554429658e-16
Combined,ENV_ULS / Left Exterior Girder / Max / set 1,8.000 m,Longitudinal resistance kN,6313.05650095176,6313.05650095176,0.0,0.0
Combined,ENV_ULS / Left Exterior Girder / Max / set 1,8.000 m,Transverse D/C,1.1100706656589348,1.1100706656589232,1.1546319456101628e-14,1.0401427416558104e-14
Combined,ENV_ULS / Left Exterior Girder / Max / set 1,8.000 m,Longitudinal D/C,1.2749277375711017,1.274927737571102,2.220446049250313e-16,1.741625022199723e-16
Combined,ENV_ULS / Left Exterior Girder / Max / set 1,8.000 m,Conservative Veff D/C,0.3675121554897269,0.3675121554897269,0.0,0.0
Combined,ENV_ULS / Left Exterior Girder / Min / set 1,8.000 m,beta,4.8,4.8,0.0,0.0
Combined,ENV_ULS / Left Exterior Girder / Min / set 1,8.000 m,theta deg,29.0,29.0,0.0,0.0
Combined,ENV_ULS / Left Exterior Girder / Min / set 1,8.000 m,Vc kN,577.0956749313103,577.0956749313254,1.5120349416974932e-11,2.620076717569276e-14
Combined,ENV_ULS / Left Exterior Girder / Min / set 1,8.000 m,At torsion mm2/mm,0.1224974815720531,0.12249748157205313,2.7755575615628914e-17,2.2658078565723866e-16
Combined,ENV_ULS / Left Exterior Girder / Min / set 1,8.000 m,Combined transverse mm2/mm,0.530437189190378,0.5304371891903705,7.438494264988549e-15,1.4023327203626593e-14
Combined,ENV_ULS / Left Exterior Girder / Min / set 1,8.000 m,Vs allocated kN,673.2238952165604,673.2238952165604,0.0,0.0
Combined,ENV_ULS / Left Exterior Girder / Min / set 1,8.000 m,Vs used kN,418.8964705882353,418.8964705882353,0.0,0.0
Combined,ENV_ULS / Left Exterior Girder / Min / set 1,8.000 m,Longitudinal required kN,3976.941931804609,3976.941931804609,0.0,0.0
Combined,ENV_ULS / Left Exterior Girder / Min / set 1,8.000 m,Longitudinal resistance kN,6313.05650095176,6313.05650095176,0.0,0.0
Combined,ENV_ULS / Left Exterior Girder / Min / set 1,8.000 m,Transverse D/C,0.4690094481078862,0.4690094481078797,6.494804694057166e-15,1.38479186725536e-14
Combined,ENV_ULS / Left Exterior Girder / Min / set 1,8.000 m,Longitudinal D/C,0.6299550671224062,0.6299550671224062,0.0,0.0
Combined,ENV_ULS / Left Exterior Girder / Min / set 1,8.000 m,Conservative Veff D/C,0.2190111870099776,0.2190111870099776,0.0,0.0
Combined,ENV_ULS / Left Exterior Girder / Max / set 2,8.000 m,beta,1.5369373498409324,1.5369373498409684,3.597122599785507e-14,2.340448425017267e-14
Combined,ENV_ULS / Left Exterior Girder / Max / set 2,8.000 m,theta deg,38.90777255970669,38.90777255970635,3.410605131648481e-13,8.765870948830852e-15
Combined,ENV_ULS / Left Exterior Girder / Max / set 2,8.000 m,Vc kN,184.78331192366505,184.78331192367426,9.208633855450898e-12,4.983477003190945e-14
Combined,ENV_ULS / Left Exterior Girder / Max / set 2,8.000 m,At torsion mm2/mm,0.4560794973371035,0.4560794973370979,5.6066262743570405e-15,1.2293089926410495e-14
Combined,ENV_ULS / Left Exterior Girder / Max / set 2,8.000 m,Combined transverse mm2/mm,1.1976012207204787,1.19760122072046,1.865174681370263e-14,1.5574255011598938e-14
Combined,ENV_ULS / Left Exterior Girder / Max / set 2,8.000 m,Vs allocated kN,114.18915127651228,114.18915127651954,7.261746759468224e-12,6.359401640426625e-14
Combined,ENV_ULS / Left Exterior Girder / Max / set 2,8.000 m,Vs used kN,70.92941176470589,70.92941176470589,0.0,0.0
Combined,ENV_ULS / Left Exterior Girder / Max / set 2,8.000 m,Longitudinal required kN,8023.617982890513,8023.617982890521,7.275957614183426e-12,9.06817551595627e-16
Combined,ENV_ULS / Left Exterior Girder / Max / set 2,8.000 m,Longitudinal resistance kN,6313.05650095176,6313.05650095176,0.0,0.0
Combined,ENV_ULS / Left Exterior Girder / Max / set 2,8.000 m,Transverse D/C,1.0589119673919565,1.05891196739194,1.6431300764452317e-14,1.5517154655378942e-14
Combined,ENV_ULS / Left Exterior Girder / Max / set 2,8.000 m,Longitudinal D/C,1.2709561496370054,1.270956149637006,6.661338147750939e-16,5.241202184397521e-16
Combined,ENV_ULS / Left Exterior Girder / Max / set 2,8.000 m,Conservative Veff D/C,0.3466512736147092,0.3466512736147092,0.0,0.0
Combined,ENV_ULS / Left Exterior Girder / Min / set 2,8.000 m,beta,4.8,4.8,0.0,0.0
Combined,ENV_ULS / Left Exterior Girder / Min / set 2,8.000 m,theta deg,29.0,29.0,0.0,0.0
Combined,ENV_ULS / Left Exterior Girder / Min / set 2,8.000 m,Vc kN,577.0956749313103,577.0956749313254,1.5120349416974932e-11,2.620076717569276e-14
Combined,ENV_ULS / Left Exterior Girder / Min / set 2,8.000 m,At torsion mm2/mm,0.145215733543899,0.14521573354389908,8.326672684688674e-17,5.734001737608893e-16
Combined,ENV_ULS / Left Exterior Girder / Min / set 2,8.000 m,Combined transverse mm2/mm,0.5758736931340699,0.5758736931340624,7.438494264988549e-15,1.2916884993489153e-14
Combined,ENV_ULS / Left Exterior Girder / Min / set 2,8.000 m,Vs allocated kN,638.6982900312848,638.6982900312848,0.0,0.0
Combined,ENV_ULS / Left Exterior Girder / Min / set 2,8.000 m,Vs used kN,395.7176470588236,395.71764705882356,5.684341886080802e-14,1.4364640870402786e-16
Combined,ENV_ULS / Left Exterior Girder / Min / set 2,8.000 m,Longitudinal required kN,3998.1938764626034,3998.1938764626034,0.0,0.0
Combined,ENV_ULS / Left Exterior Girder / Min / set 2,8.000 m,Longitudinal resistance kN,6313.05650095176,6313.05650095176,0.0,0.0
Combined,ENV_ULS / Left Exterior Girder / Min / set 2,8.000 m,Transverse D/C,0.5091841381048472,0.5091841381048406,6.5503158452884236e-15,1.286433601342805e-14
Combined,ENV_ULS / Left Exterior Girder / Min / set 2,8.000 m,Longitudinal D/C,0.6333214150482945,0.6333214150482944,1.1102230246251565e-16,1.7530167119652754e-16
Combined,ENV_ULS / Left Exterior Girder / Min / set 2,8.000 m,Conservative Veff D/C,0.2283963206491246,0.2283963206491246,0.0,0.0
Combined,ENV_ULS / Left Exterior Girder / Max / set 1,9.000 m,beta,1.5539058763630371,1.5539058763630702,3.3084646133829665e-14,2.1291280660617978e-14
Combined,ENV_ULS / Left Exterior Girder / Max / set 1,9.000 m,theta deg,38.748620861834006,38.7486208618337,3.055333763768431e-13,7.885012926428688e-15
Combined,ENV_ULS / Left Exterior Girder / Max / set 1,9.000 m,Vc kN,186.82340843738672,186.82340843739556,8.839151632855646e-12,4.7312869981267056e-14
Combined,ENV_ULS / Left Exterior Girder / Max / set 1,9.000 m,At torsion mm2/mm,0.421579935092732,0.42157993509272745,4.551914400963142e-15,1.0797274780076851e-14
Combined,ENV_ULS / Left Exterior Girder / Max / set 1,9.000 m,Combined transverse mm2/mm,1.1286020962317358,1.1286020962317191,1.6653345369377348e-14,1.475572783798743e-14
Combined,ENV_ULS / Left Exterior Girder / Max / set 1,9.000 m,Vs allocated kN,151.05320956433366,151.05320956434016,6.508571459562518e-12,4.3087938868258425e-14
Combined,ENV_ULS / Left Exterior Girder / Max / set 1,9.000 m,Vs used kN,18.64588235294118,18.64588235294118,0.0,0.0
Combined,ENV_ULS / Left Exterior Girder / Max / set 1,9.000 m,Longitudinal required kN,8227.206260627483,8227.206260627489,5.4569682106375694e-12,6.632832626006592e-16
Combined,ENV_ULS / Left Exterior Girder / Max / set 1,9.000 m,Longitudinal resistance kN,6496.383518480729,6496.383518480731,1.8189894035458565e-12,2.800003106915172e-16
Combined,ENV_ULS / Left Exterior Girder / Max / set 1,9.000 m,Transverse D/C,0.997903346661976,0.9979033466619613,1.4654943925052066e-14,1.4685734819983935e-14
Combined,ENV_ULS / Left Exterior Girder / Max / set 1,9.000 m,Longitudinal D/C,1.2664286579175872,1.2664286579175876,4.440892098500626e-16,3.5066263470402415e-16
Combined,ENV_ULS / Left Exterior Girder / Max / set 1,9.000 m,Conservative Veff D/C,0.321203928207068,0.321203928207068,0.0,0.0
Combined,ENV_ULS / Left Exterior Girder / Min / set 1,9.000 m,beta,4.8,4.8,0.0,0.0
Combined,ENV_ULS / Left Exterior Girder / Min / set 1,9.000 m,theta deg,29.0,29.0,0.0,0.0
Combined,ENV_ULS / Left Exterior Girder / Min / set 1,9.000 m,Vc kN,577.0956749313103,577.0956749313254,1.5120349416974932e-11,2.620076717569276e-14
Combined,ENV_ULS / Left Exterior Girder / Min / set 1,9.000 m,At torsion mm2/mm,0.1746309689428629,0.17463096894286292,2.7755575615628914e-17,1.589384505145258e-16
Combined,ENV_ULS / Left Exterior Girder / Min / set 1,9.000 m,Combined transverse mm2/mm,0.6347041639319976,0.6347041639319901,7.438494264988549e-15,1.1719624177202654e-14
Combined,ENV_ULS / Left Exterior Girder / Min / set 1,9.000 m,Vs allocated kN,593.995079367227,593.995079367227,0.0,0.0
Combined,ENV_ULS / Left Exterior Girder / Min / set 1,9.000 m,Vs used kN,285.7070588235294,285.7070588235294,0.0,0.0
Combined,ENV_ULS / Left Exterior Girder / Min / set 1,9.000 m,Longitudinal required kN,4095.522732903702,4095.522732903702,0.0,0.0
Combined,ENV_ULS / Left Exterior Girder / Min / set 1,9.000 m,Longitudinal resistance kN,6496.383518480729,6496.383518480731,1.8189894035458565e-12,2.800003106915172e-16
Combined,ENV_ULS / Left Exterior Girder / Min / set 1,9.000 m,Transverse D/C,0.5612016949488116,0.561201694948805,6.5503158452884236e-15,1.1671945940729863e-14
Combined,ENV_ULS / Left Exterior Girder / Min / set 1,9.000 m,Longitudinal D/C,0.63043118086438,0.6304311808643799,1.1102230246251565e-16,1.7610534794661288e-16
Combined,ENV_ULS / Left Exterior Girder / Min / set 1,9.000 m,Conservative Veff D/C,0.225636225761311,0.225636225761311,0.0,0.0
Combined,ENV_ULS / Left Exterior Girder / Max / set 2,9.000 m,beta,1.5675343548541716,1.567534354854173,1.3322676295501878e-15,8.49912874588403e-16
Combined,ENV_ULS / Left Exterior Girder / Max / set 2,9.000 m,theta deg,38.62329127309656,38.62329127309655,1.4210854715202004e-14,3.6793484570541304e-16
Combined,ENV_ULS / Left Exterior Girder / Max / set 2,9.000 m,Vc kN,188.4619367692884,188.46193676929352,5.115907697472721e-12,2.7145575309116034e-14
Combined,ENV_ULS / Left Exterior Girder / Max / set 2,9.000 m,At torsion mm2/mm,0.3946036563875996,0.3946036563875993,2.7755575615628914e-16,7.03378571544862e-16
Combined,ENV_ULS / Left Exterior Girder / Max / set 2,9.000 m,Combined transverse mm2/mm,1.074649538821471,1.074649538821463,7.993605777301127e-15,7.43833732629475e-15
Combined,ENV_ULS / Left Exterior Girder / Max / set 2,9.000 m,Vs allocated kN,180.1751092715806,180.17510927158102,4.263256414560601e-13,2.366173902597457e-15
Combined,ENV_ULS / Left Exterior Girder / Max / set 2,9.000 m,Vs used kN,39.72,39.72,0.0,0.0
Combined,ENV_ULS / Left Exterior Girder / Max / set 2,9.000 m,Longitudinal required kN,8202.848653427865,8202.848653427865,0.0,0.0
Combined,ENV_ULS / Left Exterior Girder / Max / set 2,9.000 m,Longitudinal resistance kN,6496.383518480729,6496.383518480731,1.8189894035458565e-12,2.800003106915172e-16
Combined,ENV_ULS / Left Exterior Girder / Max / set 2,9.000 m,Transverse D/C,0.950198812193682,0.9501988121936751,6.8833827526759706e-15,7.244150028755203e-15
Combined,ENV_ULS / Left Exterior Girder / Max / set 2,9.000 m,Longitudinal D/C,1.26267924762949,1.2626792476294897,2.220446049250313e-16,1.7585194762794287e-16
Combined,ENV_ULS / Left Exterior Girder / Max / set 2,9.000 m,Conservative Veff D/C,0.3023574581973535,0.30235745819735355,5.551115123125783e-17,1.8359444996731257e-16
Combined,ENV_ULS / Left Exterior Girder / Min / set 2,9.000 m,beta,4.8,4.8,0.0,0.0
Combined,ENV_ULS / Left Exterior Girder / Min / set 2,9.000 m,theta deg,29.0,29.0,0.0,0.0
Combined,ENV_ULS / Left Exterior Girder / Min / set 2,9.000 m,Vc kN,577.0956749313103,577.0956749313254,1.5120349416974932e-11,2.620076717569276e-14
Combined,ENV_ULS / Left Exterior Girder / Min / set 2,9.000 m,At torsion mm2/mm,0.1972857758085572,0.19728577580855722,2.7755575615628914e-17,1.4068716055111067e-16
Combined,ENV_ULS / Left Exterior Girder / Min / set 2,9.000 m,Combined transverse mm2/mm,0.6800137776633861,0.6800137776633787,7.438494264988549e-15,1.0938740521623316e-14
Combined,ENV_ULS / Left Exterior Girder / Min / set 2,9.000 m,Vs allocated kN,559.5658936022766,559.5658936022766,0.0,0.0
Combined,ENV_ULS / Left Exterior Girder / Min / set 2,9.000 m,Vs used kN,262.76823529411763,262.76823529411763,0.0,0.0
Combined,ENV_ULS / Left Exterior Girder / Min / set 2,9.000 m,Longitudinal required kN,4133.8010614946,4133.8010614946,0.0,0.0
Combined,ENV_ULS / Left Exterior Girder / Min / set 2,9.000 m,Longitudinal resistance kN,6496.383518480729,6496.383518480731,1.8189894035458565e-12,2.800003106915172e-16
Combined,ENV_ULS / Left Exterior Girder / Min / set 2,9.000 m,Transverse D/C,0.6012641893651166,0.60126418936511,6.661338147750939e-15,1.1078887227235027e-14
Combined,ENV_ULS / Left Exterior Girder / Min / set 2,9.000 m,Longitudinal D/C,0.6363234328353427,0.6363234328353425,1.1102230246251565e-16,1.7447464093506706e-16
Combined,ENV_ULS / Left Exterior Girder / Min / set 2,9.000 m,Conservative Veff D/C,0.2429567898987828,0.24295678989878286,5.551115123125783e-17,2.2848158001422428e-16
Combined,ENV_ULS / Left Exterior Girder / Max / set 1,10.000 m,beta,1.5636080674322477,1.5636080674322494,1.7763568394002505e-15,1.1360627233891011e-15
Combined,ENV_ULS / Left Exterior Girder / Max / set 1,10.000 m,theta deg,38.659173974962414,38.6591739749624,1.4210854715202004e-14,3.675933356570334e-16
Combined,ENV_ULS / Left Exterior Girder / Max / set 1,10.000 m,Vc kN,187.98988604226145,187.98988604226653,5.087485988042317e-12,2.7062551582687152e-14
Combined,ENV_ULS / Left Exterior Girder / Max / set 1,10.000 m,At torsion mm2/mm,0.3642477429344874,0.3642477429344872,2.220446049250313e-16,6.095977510695729e-16
Combined,ENV_ULS / Left Exterior Girder / Max / set 1,10.000 m,Combined transverse mm2/mm,1.0139377119152466,1.0139377119152386,7.993605777301127e-15,7.883724693701266e-15
Combined,ENV_ULS / Left Exterior Girder / Max / set 1,10.000 m,Vs allocated kN,211.9094072875193,211.90940728751966,3.694822225952521e-13,1.743585748856996e-15
Combined,ENV_ULS / Left Exterior Girder / Max / set 1,10.000 m,Vs used kN,132.30588235294118,132.30588235294118,0.0,0.0
Combined,ENV_ULS / Left Exterior Girder / Max / set 1,10.000 m,Longitudinal required kN,8254.988189619637,8254.988189619637,0.0,0.0
Combined,ENV_ULS / Left Exterior Girder / Max / set 1,10.000 m,Longitudinal resistance kN,6514.744666105751,6514.744666105751,0.0,0.0
Combined,ENV_ULS / Left Exterior Girder / Max / set 1,10.000 m,Transverse D/C,0.8965177713255424,0.8965177713255353,7.105427357601002e-15,7.925584505810029e-15
Combined,ENV_ULS / Left Exterior Girder / Max / set 1,10.000 m,Longitudinal D/C,1.267123826443705,1.267123826443705,0.0,0.0
Combined,ENV_ULS / Left Exterior Girder / Max / set 1,10.000 m,Conservative Veff D/C,0.2836074734092,0.2836074734092,0.0,0.0
Combined,ENV_ULS / Left Exterior Girder / Min / set 1,10.000 m,beta,4.8,4.8,0.0,0.0
Combined,ENV_ULS / Left Exterior Girder / Min / set 1,10.000 m,theta deg,29.0,29.0,0.0,0.0
Combined,ENV_ULS / Left Exterior Girder / Min / set 1,10.000 m,Vc kN,577.0956749313103,577.0956749313254,1.5120349416974932e-11,2.620076717569276e-14
Combined,ENV_ULS / Left Exterior Girder / Min / set 1,10.000 m,At torsion mm2/mm,0.2256408342887841,0.22564083428878418,8.326672684688674e-17,3.6902330692643445e-16
Combined,ENV_ULS / Left Exterior Girder / Min / set 1,10.000 m,Combined transverse mm2/mm,0.7367238946238401,0.7367238946238326,7.549516567451064e-15,1.024741646435373e-14
Combined,ENV_ULS / Left Exterior Girder / Min / set 1,10.000 m,Vs allocated kN,516.4738654256836,516.4738654256836,0.0,0.0
Combined,ENV_ULS / Left Exterior Girder / Min / set 1,10.000 m,Vs used kN,156.12588235294118,156.12588235294118,0.0,0.0
Combined,ENV_ULS / Left Exterior Girder / Min / set 1,10.000 m,Longitudinal required kN,4198.590221693764,4198.590221693764,0.0,0.0
Combined,ENV_ULS / Left Exterior Girder / Min / set 1,10.000 m,Longitudinal resistance kN,6514.744666105751,6514.744666105751,0.0,0.0
Combined,ENV_ULS / Left Exterior Girder / Min / set 1,10.000 m,Transverse D/C,0.6514069417960932,0.6514069417960865,6.661338147750939e-15,1.0226077925089374e-14
Combined,ENV_ULS / Left Exterior Girder / Min / set 1,10.000 m,Longitudinal D/C,0.6444750234859948,0.6444750234859948,0.0,0.0
Combined,ENV_ULS / Left Exterior Girder / Min / set 1,10.000 m,Conservative Veff D/C,0.2569962091387685,0.2569962091387685,0.0,0.0
Combined,ENV_ULS / Left Exterior Girder / Max / set 2,10.000 m,beta,1.5755171328855593,1.575517132885579,1.9761969838327786e-14,1.2543164035375163e-14
Combined,ENV_ULS / Left Exterior Girder / Max / set 2,10.000 m,theta deg,38.55088738745803,38.55088738745785,1.8474111129762605e-13,4.79213641545719e-15
Combined,ENV_ULS / Left Exterior Girder / Max / set 2,10.000 m,Vc kN,189.42169232675724,189.42169232676457,7.332801033044234e-12,3.871151684356553e-14
Combined,ENV_ULS / Left Exterior Girder / Max / set 2,10.000 m,At torsion mm2/mm,0.3382722581094804,0.33827225810947825,2.1649348980190553e-15,6.399977669225234e-15
Combined,ENV_ULS / Left Exterior Girder / Max / set 2,10.000 m,Combined transverse mm2/mm,0.9619867422652326,0.9619867422652207,1.1879386363489175e-14,1.2348804657657138e-14
Combined,ENV_ULS / Left Exterior Girder / Max / set 2,10.000 m,Vs allocated kN,240.1914151065185,240.19141510652236,3.865352482534945e-12,1.6092800322695555e-14
Combined,ENV_ULS / Left Exterior Girder / Max / set 2,10.000 m,Vs used kN,154.20823529411766,154.20823529411766,0.0,0.0
Combined,ENV_ULS / Left Exterior Girder / Max / set 2,10.000 m,Longitudinal required kN,8233.75904771028,8233.759047710284,3.637978807091713e-12,4.4183692843226863e-16
Combined,ENV_ULS / Left Exterior Girder / Max / set 2,10.000 m,Longitudinal resistance kN,6514.744666105751,6514.744666105751,0.0,0.0
Combined,ENV_ULS / Left Exterior Girder / Max / set 2,10.000 m,Transverse D/C,0.850583029002116,0.8505830290021055,1.0547118733938987e-14,1.2399869706209338e-14
Combined,ENV_ULS / Left Exterior Girder / Max / set 2,10.000 m,Longitudinal D/C,1.2638651965207544,1.2638651965207548,4.440892098500626e-16,3.5137387363191775e-16
Combined,ENV_ULS / Left Exterior Girder / Max / set 2,10.000 m,Conservative Veff D/C,0.2671345288655366,0.2671345288655366,0.0,0.0
Combined,ENV_ULS / Left Exterior Girder / Min / set 2,10.000 m,beta,4.8,4.8,0.0,0.0
Combined,ENV_ULS / Left Exterior Girder / Min / set 2,10.000 m,theta deg,29.0,29.0,0.0,0.0
Combined,ENV_ULS / Left Exterior Girder / Min / set 2,10.000 m,Vc kN,577.0956749313103,577.0956749313254,1.5120349416974932e-11,2.620076717569276e-14
Combined,ENV_ULS / Left Exterior Girder / Min / set 2,10.000 m,At torsion mm2/mm,0.2485898793279353,0.24858987932793536,5.551115123125783e-17,2.2330414810664315e-16
Combined,ENV_ULS / Left Exterior Girder / Min / set 2,10.000 m,Combined transverse mm2/mm,0.7826219847021425,0.782621984702135,7.549516567451064e-15,9.646440701923805e-15
Combined,ENV_ULS / Left Exterior Girder / Min / set 2,10.000 m,Vs allocated kN,481.5975171316882,481.5975171316882,0.0,0.0
Combined,ENV_ULS / Left Exterior Girder / Min / set 2,10.000 m,Vs used kN,134.1305882352941,134.1305882352941,0.0,0.0
Combined,ENV_ULS / Left Exterior Girder / Min / set 2,10.000 m,Longitudinal required kN,4244.7944090915225,4244.7944090915225,0.0,0.0
Combined,ENV_ULS / Left Exterior Girder / Min / set 2,10.000 m,Longitudinal resistance kN,6514.744666105751,6514.744666105751,0.0,0.0
Combined,ENV_ULS / Left Exterior Girder / Min / set 2,10.000 m,Transverse D/C,0.6919897635429759,0.6919897635429693,6.661338147750939e-15,9.626353594661667e-15
Combined,ENV_ULS / Left Exterior Girder / Min / set 2,10.000 m,Longitudinal D/C,0.6515672718803404,0.6515672718803404,0.0,0.0
Combined,ENV_ULS / Left Exterior Girder / Min / set 2,10.000 m,Conservative Veff D/C,0.2796452401211905,0.2796452401211905,0.0,0.0
Combined,ENV_ULS / Left Exterior Girder / Max / set 1,11.000 m,beta,1.5973530249864074,1.597353024986422,1.4654943925052066e-14,9.17451790293923e-15
Combined,ENV_ULS / Left Exterior Girder / Max / set 1,11.000 m,theta deg,38.35653274486643,38.3565327448663,1.2789769243681803e-13,3.3344435298035657e-15
Combined,ENV_ULS / Left Exterior Girder / Max / set 1,11.000 m,Vc kN,192.0469837621044,192.04698376211113,6.73594513500575e-12,3.507446460783562e-14
Combined,ENV_ULS / Left Exterior Girder / Max / set 1,11.000 m,At torsion mm2/mm,0.3023158243143976,0.3023158243143962,1.3877787807814457e-15,4.590493348896656e-15
Combined,ENV_ULS / Left Exterior Girder / Max / set 1,11.000 m,Combined transverse mm2/mm,0.8900738746750669,0.8900738746750566,1.0325074129013956e-14,1.1600244005345487e-14
Combined,ENV_ULS / Left Exterior Girder / Max / set 1,11.000 m,Vs allocated kN,280.14597425112044,280.1459742511233,2.8421709430404007e-12,1.0145321383389484e-14
Combined,ENV_ULS / Left Exterior Girder / Max / set 1,11.000 m,Vs used kN,263.9658823529412,263.9658823529412,0.0,0.0
Combined,ENV_ULS / Left Exterior Girder / Max / set 1,11.000 m,Longitudinal required kN,8154.378384924284,8154.3783849242855,1.8189894035458565e-12,2.230690455705099e-16
Combined,ENV_ULS / Left Exterior Girder / Max / set 1,11.000 m,Longitudinal resistance kN,6496.383518480729,6496.383518480731,1.8189894035458565e-12,2.800003106915172e-16
Combined,ENV_ULS / Left Exterior Girder / Max / set 1,11.000 m,Transverse D/C,0.786998093730517,0.7869980937305079,9.103828801926284e-15,1.1567790156609594e-14
Combined,ENV_ULS / Left Exterior Girder / Max / set 1,11.000 m,Longitudinal D/C,1.2552181320155955,1.2552181320155955,0.0,0.0
Combined,ENV_ULS / Left Exterior Girder / Max / set 1,11.000 m,Conservative Veff D/C,0.2575548807784312,0.25755488077843125,5.551115123125783e-17,2.155313503028228e-16
Combined,ENV_ULS / Left Exterior Girder / Min / set 1,11.000 m,beta,4.8,4.8,0.0,0.0
Combined,ENV_ULS / Left Exterior Girder / Min / set 1,11.000 m,theta deg,29.0,29.0,0.0,0.0
Combined,ENV_ULS / Left Exterior Girder / Min / set 1,11.000 m,Vc kN,577.0956749313103,577.0956749313254,1.5120349416974932e-11,2.620076717569276e-14
Combined,ENV_ULS / Left Exterior Girder / Min / set 1,11.000 m,At torsion mm2/mm,0.2755368855489321,0.27553688554893213,5.551115123125783e-17,2.014654085991681e-16
Combined,ENV_ULS / Left Exterior Girder / Min / set 1,11.000 m,Combined transverse mm2/mm,0.836515997144136,0.8365159971441285,7.549516567451064e-15,9.024951815894934e-15
Combined,ENV_ULS / Left Exterior Girder / Min / set 1,11.000 m,Vs allocated kN,440.6453479742956,440.6453479742956,0.0,0.0
Combined,ENV_ULS / Left Exterior Girder / Min / set 1,11.000 m,Vs used kN,44.74941176470588,44.74941176470588,0.0,0.0
Combined,ENV_ULS / Left Exterior Girder / Min / set 1,11.000 m,Longitudinal required kN,4255.755355417225,4255.755355417225,0.0,0.0
Combined,ENV_ULS / Left Exterior Girder / Min / set 1,11.000 m,Longitudinal resistance kN,6496.383518480729,6496.383518480731,1.8189894035458565e-12,2.800003106915172e-16
Combined,ENV_ULS / Left Exterior Girder / Min / set 1,11.000 m,Transverse D/C,0.7396425328940837,0.739642532894077,6.661338147750939e-15,9.006158855800817e-15
Combined,ENV_ULS / Left Exterior Girder / Min / set 1,11.000 m,Longitudinal D/C,0.6550960766572003,0.6550960766572002,1.1102230246251565e-16,1.694748395213052e-16
Combined,ENV_ULS / Left Exterior Girder / Min / set 1,11.000 m,Conservative Veff D/C,0.3044180389146813,0.3044180389146813,0.0,0.0
Combined,ENV_ULS / Left Exterior Girder / Max / set 2,11.000 m,beta,1.6072604061305795,1.6072604061305906,1.1102230246251565e-14,6.9075491463015015e-15
Combined,ENV_ULS / Left Exterior Girder / Max / set 2,11.000 m,theta deg,38.27009175440785,38.27009175440775,9.947598300641403e-14,2.5993139406298105e-15
Combined,ENV_ULS / Left Exterior Girder / Max / set 2,11.000 m,Vc kN,193.23813101381225,193.23813101381864,6.394884621840902e-12,3.3093285410546625e-14
Combined,ENV_ULS / Left Exterior Girder / Max / set 2,11.000 m,At torsion mm2/mm,0.2767614243301505,0.27676142433014944,1.0547118733938987e-15,3.810906364377321e-15
Combined,ENV_ULS / Left Exterior Girder / Max / set 2,11.000 m,Combined transverse mm2/mm,0.8389650747065727,0.8389650747065631,9.547918011776346e-15,1.1380590562862026e-14
Combined,ENV_ULS / Left Exterior Girder / Max / set 2,11.000 m,Vs allocated kN,308.3034013908224,308.30340139082466,2.2737367544323206e-12,7.374997305170791e-15
Combined,ENV_ULS / Left Exterior Girder / Max / set 2,11.000 m,Vs used kN,287.0282352941177,287.0282352941177,0.0,0.0
Combined,ENV_ULS / Left Exterior Girder / Max / set 2,11.000 m,Longitudinal required kN,8136.805825415353,8136.805825415355,1.8189894035458565e-12,2.235507940799366e-16
Combined,ENV_ULS / Left Exterior Girder / Max / set 2,11.000 m,Longitudinal resistance kN,6496.383518480729,6496.383518480731,1.8189894035458565e-12,2.800003106915172e-16
Combined,ENV_ULS / Left Exterior Girder / Max / set 2,11.000 m,Transverse D/C,0.7418079928945127,0.7418079928945043,8.43769498715119e-15,1.1374499962217515e-14
Combined,ENV_ULS / Left Exterior Girder / Max / set 2,11.000 m,Longitudinal D/C,1.2525131563227443,1.2525131563227443,0.0,0.0
Combined,ENV_ULS / Left Exterior Girder / Max / set 2,11.000 m,Conservative Veff D/C,0.2448286399267598,0.24482863992675988,8.326672684688674e-17,3.401020684173055e-16
Combined,ENV_ULS / Left Exterior Girder / Min / set 2,11.000 m,beta,4.8,4.8,0.0,0.0
Combined,ENV_ULS / Left Exterior Girder / Min / set 2,11.000 m,theta deg,29.0,29.0,0.0,0.0
Combined,ENV_ULS / Left Exterior Girder / Min / set 2,11.000 m,Vc kN,577.0956749313103,577.0956749313254,1.5120349416974932e-11,2.620076717569276e-14
Combined,ENV_ULS / Left Exterior Girder / Min / set 2,11.000 m,At torsion mm2/mm,0.2983188891250271,0.2983188891250271,0.0,0.0
Combined,ENV_ULS / Left Exterior Girder / Min / set 2,11.000 m,Combined transverse mm2/mm,0.8820800042963259,0.8820800042963184,7.549516567451064e-15,8.55876624646277e-15
Combined,ENV_ULS / Left Exterior Girder / Min / set 2,11.000 m,Vs allocated kN,406.0228575743935,406.02285757439347,5.684341886080802e-14,1.4000053888688493e-16
Combined,ENV_ULS / Left Exterior Girder / Min / set 2,11.000 m,Vs used kN,23.841176470588238,23.841176470588234,3.552713678800501e-15,1.490158710575093e-16
Combined,ENV_ULS / Left Exterior Girder / Min / set 2,11.000 m,Longitudinal required kN,4305.2869895433805,4305.2869895433805,0.0,0.0
Combined,ENV_ULS / Left Exterior Girder / Min / set 2,11.000 m,Longitudinal resistance kN,6496.383518480729,6496.383518480731,1.8189894035458565e-12,2.800003106915172e-16
Combined,ENV_ULS / Left Exterior Girder / Min / set 2,11.000 m,Transverse D/C,0.7799299604793364,0.7799299604793297,6.661338147750939e-15,8.540944040227677e-15
Combined,ENV_ULS / Left Exterior Girder / Min / set 2,11.000 m,Longitudinal D/C,0.6627205701904484,0.6627205701904482,2.220446049250313e-16,3.3505011751969857e-16
Combined,ENV_ULS / Left Exterior Girder / Min / set 2,11.000 m,Conservative Veff D/C,0.3291306499742933,0.3291306499742933,0.0,0.0
Combined,ENV_ULS / Left Exterior Girder / Max / set 1,12.000 m,beta,1.6051511850626794,1.605151185062699,1.9539925233402755e-14,1.2173261568902934e-14
Combined,ENV_ULS / Left Exterior Girder / Max / set 1,12.000 m,theta deg,38.28840511003037,38.2884051100302,1.7053025658242404e-13,4.45383546513279e-15
Combined,ENV_ULS / Left Exterior Girder / Max / set 1,12.000 m,Vc kN,192.98454302302912,192.9845430230365,7.389644451905042e-12,3.829137990094337e-14
Combined,ENV_ULS / Left Exterior Girder / Max / set 1,12.000 m,At torsion mm2/mm,0.2382566676709582,0.2382566676709568,1.4155343563970746e-15,5.941216127273262e-15
Combined,ENV_ULS / Left Exterior Girder / Max / set 1,12.000 m,Combined transverse mm2/mm,0.8636757566094115,0.8636757566093924,1.9095836023552692e-14,2.210995952754178e-14
Combined,ENV_ULS / Left Exterior Girder / Max / set 1,12.000 m,Vs allocated kN,349.18954012355664,349.18954012356033,3.694822225952521e-12,1.0581136607485758e-14
Combined,ENV_ULS / Left Exterior Girder / Max / set 1,12.000 m,Vs used kN,349.18954012355664,349.18954012356033,3.694822225952521e-12,1.0581136607485758e-14
Combined,ENV_ULS / Left Exterior Girder / Max / set 1,12.000 m,Longitudinal required kN,7934.384637853122,7934.3846378531225,9.094947017729282e-13,1.1462699922990102e-16
Combined,ENV_ULS / Left Exterior Girder / Max / set 1,12.000 m,Longitudinal resistance kN,6313.05650095176,6313.05650095176,0.0,0.0
Combined,ENV_ULS / Left Exterior Girder / Max / set 1,12.000 m,Transverse D/C,0.763657032739003,0.7636570327389861,1.687538997430238e-14,2.2098126843376165e-14
Combined,ENV_ULS / Left Exterior Girder / Max / set 1,12.000 m,Longitudinal D/C,1.2568214202830166,1.2568214202830166,0.0,0.0
Combined,ENV_ULS / Left Exterior Girder / Max / set 1,12.000 m,Conservative Veff D/C,0.2471314891339584,0.24713148913395844,2.7755575615628914e-17,1.123109633373508e-16
Combined,ENV_ULS / Left Exterior Girder / Min / set 1,12.000 m,beta,4.8,4.8,0.0,0.0
Combined,ENV_ULS / Left Exterior Girder / Min / set 1,12.000 m,theta deg,29.0,29.0,0.0,0.0
Combined,ENV_ULS / Left Exterior Girder / Min / set 1,12.000 m,Vc kN,577.0956749313103,577.0956749313254,1.5120349416974932e-11,2.620076717569276e-14
Combined,ENV_ULS / Left Exterior Girder / Min / set 1,12.000 m,At torsion mm2/mm,0.3235115002367871,0.3235115002367871,0.0,0.0
Combined,ENV_ULS / Left Exterior Girder / Min / set 1,12.000 m,Combined transverse mm2/mm,0.932465226519846,0.9324652265198384,7.549516567451064e-15,8.09629823476366e-15
Combined,ENV_ULS / Left Exterior Girder / Min / set 1,12.000 m,Vs allocated kN,367.73689499643086,367.73689499643086,0.0,0.0
Combined,ENV_ULS / Left Exterior Girder / Min / set 1,12.000 m,Vs used kN,63.06117647058824,63.06117647058824,0.0,0.0
Combined,ENV_ULS / Left Exterior Girder / Min / set 1,12.000 m,Longitudinal required kN,4257.203440074836,4257.203440074836,0.0,0.0
Combined,ENV_ULS / Left Exterior Girder / Min / set 1,12.000 m,Longitudinal resistance kN,6313.05650095176,6313.05650095176,0.0,0.0
Combined,ENV_ULS / Left Exterior Girder / Min / set 1,12.000 m,Transverse D/C,0.8244802781218742,0.8244802781218676,6.5503158452884236e-15,7.944781723839138e-15
Combined,ENV_ULS / Left Exterior Girder / Min / set 1,12.000 m,Longitudinal D/C,0.6743490161117706,0.6743490161117704,1.1102230246251565e-16,1.6463626372981047e-16
Combined,ENV_ULS / Left Exterior Girder / Min / set 1,12.000 m,Conservative Veff D/C,0.3577092464729269,0.3577092464729269,0.0,0.0
Combined,ENV_ULS / Left Exterior Girder / Max / set 2,12.000 m,beta,1.612201290725286,1.6122012907253207,3.4638958368304884e-14,2.1485504674618517e-14
Combined,ENV_ULS / Left Exterior Girder / Max / set 2,12.000 m,theta deg,38.2273800189819,38.2273800189816,2.984279490192421e-13,7.806654520164848e-15
Combined,ENV_ULS / Left Exterior Girder / Max / set 2,12.000 m,Vc kN,193.8321649992164,193.83216499922568,9.29389898374211e-12,4.794817714479554e-14
Combined,ENV_ULS / Left Exterior Girder / Max / set 2,12.000 m,At torsion mm2/mm,0.2113882321774432,0.21138823217744093,2.275957200481571e-15,1.0766716657013881e-14
Combined,ENV_ULS / Left Exterior Girder / Max / set 2,12.000 m,Combined transverse mm2/mm,0.8510628539166398,0.8510628539166134,2.6423307986078726e-14,3.1047422484106754e-14
Combined,ENV_ULS / Left Exterior Girder / Max / set 2,12.000 m,Vs allocated kN,378.68967993754296,378.6896799375493,6.30961949354969e-12,1.6661714928672537e-14
Combined,ENV_ULS / Left Exterior Girder / Max / set 2,12.000 m,Vs used kN,378.68967993754296,378.6896799375493,6.30961949354969e-12,1.6661714928672537e-14
Combined,ENV_ULS / Left Exterior Girder / Max / set 2,12.000 m,Longitudinal required kN,7920.403028090749,7920.403028090751,1.8189894035458565e-12,2.2965869250523883e-16
Combined,ENV_ULS / Left Exterior Girder / Max / set 2,12.000 m,Longitudinal resistance kN,6313.05650095176,6313.05650095176,0.0,0.0
Combined,ENV_ULS / Left Exterior Girder / Max / set 2,12.000 m,Transverse D/C,0.7525047782373825,0.7525047782373591,2.3425705819590803e-14,3.1130308400781664e-14
Combined,ENV_ULS / Left Exterior Girder / Max / set 2,12.000 m,Longitudinal D/C,1.254606707051753,1.254606707051753,0.0,0.0
Combined,ENV_ULS / Left Exterior Girder / Max / set 2,12.000 m,Conservative Veff D/C,0.2391470400304939,0.23914704003049395,5.551115123125783e-17,2.3212142297132147e-16
Combined,ENV_ULS / Left Exterior Girder / Min / set 2,12.000 m,beta,4.8,4.8,0.0,0.0
Combined,ENV_ULS / Left Exterior Girder / Min / set 2,12.000 m,theta deg,29.0,29.0,0.0,0.0
Combined,ENV_ULS / Left Exterior Girder / Min / set 2,12.000 m,Vc kN,577.0956749313103,577.0956749313254,1.5120349416974932e-11,2.620076717569276e-14
Combined,ENV_ULS / Left Exterior Girder / Min / set 2,12.000 m,At torsion mm2/mm,0.3452241319512246,0.34522413195122464,5.551115123125783e-17,1.6079742432113864e-16
Combined,ENV_ULS / Left Exterior Girder / Min / set 2,12.000 m,Combined transverse mm2/mm,0.9758904899487212,0.9758904899487135,7.66053886991358e-15,7.849793546319084e-15
Combined,ENV_ULS / Left Exterior Girder / Min / set 2,12.000 m,Vs allocated kN,334.7395609130261,334.7395609130261,0.0,0.0
Combined,ENV_ULS / Left Exterior Girder / Min / set 2,12.000 m,Vs used kN,83.48470588235294,83.48470588235294,0.0,0.0
Combined,ENV_ULS / Left Exterior Girder / Min / set 2,12.000 m,Longitudinal required kN,4306.021852054994,4306.021852054994,0.0,0.0
Combined,ENV_ULS / Left Exterior Girder / Min / set 2,12.000 m,Longitudinal resistance kN,6313.05650095176,6313.05650095176,0.0,0.0
Combined,ENV_ULS / Left Exterior Girder / Min / set 2,12.000 m,Transverse D/C,0.8628766410650587,0.862876641065052,6.661338147750939e-15,7.719919430810901e-15
Combined,ENV_ULS / Left Exterior Girder / Min / set 2,12.000 m,Longitudinal D/C,0.682081944206553,0.6820819442065529,1.1102230246251565e-16,1.6276974255881358e-16
Combined,ENV_ULS / Left Exterior Girder / Min / set 2,12.000 m,Conservative Veff D/C,0.3822582350891391,0.3822582350891391,0.0,0.0
Combined,ENV_ULS / Left Exterior Girder / Max / set 1,13.000 m,beta,1.579622797061305,1.5796227970613088,3.774758283725532e-15,2.3896580188308243e-15
Combined,ENV_ULS / Left Exterior Girder / Max / set 1,13.000 m,theta deg,38.51393394360083,38.513933943600804,2.842170943040401e-14,7.379591363485306e-16
Combined,ENV_ULS / Left Exterior Girder / Max / set 1,13.000 m,Vc kN,189.91530920978715,189.91530920979258,5.4285465012071654e-12,2.85840384526897e-14
Combined,ENV_ULS / Left Exterior Girder / Max / set 1,13.000 m,At torsion mm2/mm,0.1683966912209672,0.1683966912209671,1.1102230246251565e-16,6.592902844916008e-16
Combined,ENV_ULS / Left Exterior Girder / Max / set 1,13.000 m,Combined transverse mm2/mm,0.9955396009045928,0.9955396009045814,1.1435297153639112e-14,1.1486531669105488e-14
Combined,ENV_ULS / Left Exterior Girder / Max / set 1,13.000 m,Vs allocated kN,420.3250927827219,420.3250927827224,4.547473508864641e-13,1.081894368656062e-15
Combined,ENV_ULS / Left Exterior Girder / Max / set 1,13.000 m,Vs used kN,420.3250927827219,420.3250927827224,4.547473508864641e-13,1.081894368656062e-15
Combined,ENV_ULS / Left Exterior Girder / Max / set 1,13.000 m,Longitudinal required kN,7606.552110817641,7606.552110817641,0.0,0.0
Combined,ENV_ULS / Left Exterior Girder / Max / set 1,13.000 m,Longitudinal resistance kN,5964.763613518843,5964.763613518843,0.0,0.0
Combined,ENV_ULS / Left Exterior Girder / Max / set 1,13.000 m,Transverse D/C,0.880250269598326,0.8802502695983158,1.021405182655144e-14,1.160357704998195e-14
Combined,ENV_ULS / Left Exterior Girder / Max / set 1,13.000 m,Longitudinal D/C,1.2752478729547243,1.2752478729547245,2.220446049250313e-16,1.7411878085360635e-16
Combined,ENV_ULS / Left Exterior Girder / Max / set 1,13.000 m,Conservative Veff D/C,0.2566138854601402,0.2566138854601402,0.0,0.0
Combined,ENV_ULS / Left Exterior Girder / Min / set 1,13.000 m,beta,4.8,4.8,0.0,0.0
Combined,ENV_ULS / Left Exterior Girder / Min / set 1,13.000 m,theta deg,29.0,29.0,0.0,0.0
Combined,ENV_ULS / Left Exterior Girder / Min / set 1,13.000 m,Vc kN,577.0956749313103,577.0956749313254,1.5120349416974932e-11,2.620076717569276e-14
Combined,ENV_ULS / Left Exterior Girder / Min / set 1,13.000 m,At torsion mm2/mm,0.3696759371616874,0.36967593716168745,5.551115123125783e-17,1.5016165687565045e-16
Combined,ENV_ULS / Left Exterior Girder / Min / set 1,13.000 m,Combined transverse mm2/mm,1.0247941003696466,1.0247941003696392,7.327471962526033e-15,7.150189447697877e-15
Combined,ENV_ULS / Left Exterior Girder / Min / set 1,13.000 m,Vs allocated kN,297.57942316079425,297.57942316079425,0.0,0.0
Combined,ENV_ULS / Left Exterior Girder / Min / set 1,13.000 m,Vs used kN,168.46588235294118,168.46588235294118,0.0,0.0
Combined,ENV_ULS / Left Exterior Girder / Min / set 1,13.000 m,Longitudinal required kN,4196.603971820296,4196.603971820296,0.0,0.0
Combined,ENV_ULS / Left Exterior Girder / Min / set 1,13.000 m,Longitudinal resistance kN,5964.763613518843,5964.763613518843,0.0,0.0
Combined,ENV_ULS / Left Exterior Girder / Min / set 1,13.000 m,Transverse D/C,0.90611692625134,0.9061169262513334,6.5503158452884236e-15,7.228996231631518e-15
Combined,ENV_ULS / Left Exterior Girder / Min / set 1,13.000 m,Longitudinal D/C,0.7035658483278197,0.7035658483278197,0.0,0.0
Combined,ENV_ULS / Left Exterior Girder / Min / set 1,13.000 m,Conservative Veff D/C,0.4135292757783254,0.4135292757783254,0.0,0.0
Combined,ENV_ULS / Left Exterior Girder / Max / set 2,13.000 m,beta,1.5818777829600534,1.5818777829600819,2.842170943040401e-14,1.7967070361921392e-14
Combined,ENV_ULS / Left Exterior Girder / Max / set 2,13.000 m,theta deg,38.49371932603911,38.49371932603885,2.6290081223123707e-13,6.829706685511144e-15
Combined,ENV_ULS / Left Exterior Girder / Max / set 2,13.000 m,Vc kN,190.1864222533702,190.1864222533786,8.384404281969182e-12,4.408518853569336e-14
Combined,ENV_ULS / Left Exterior Girder / Max / set 2,13.000 m,At torsion mm2/mm,0.1396736153677809,0.13967361536777967,1.2212453270876722e-15,8.743564945118423e-15
Combined,ENV_ULS / Left Exterior Girder / Max / set 2,13.000 m,Combined transverse mm2/mm,0.9837956718534628,0.9837956718534377,2.5091040356528538e-14,2.5504320738937452e-14
Combined,ENV_ULS / Left Exterior Girder / Max / set 2,13.000 m,Vs allocated kN,451.0553737998684,451.0553737998739,5.5138116294983774e-12,1.2224245513467195e-14
Combined,ENV_ULS / Left Exterior Girder / Max / set 2,13.000 m,Vs used kN,451.0553737998684,451.0553737998739,5.5138116294983774e-12,1.2224245513467195e-14
Combined,ENV_ULS / Left Exterior Girder / Max / set 2,13.000 m,Longitudinal required kN,7600.545123949653,7600.545123949654,9.094947017729282e-13,1.1966177253616588e-16
Combined,ENV_ULS / Left Exterior Girder / Max / set 2,13.000 m,Longitudinal resistance kN,5964.763613518843,5964.763613518843,0.0,0.0
Combined,ENV_ULS / Left Exterior Girder / Max / set 2,13.000 m,Transverse D/C,0.8698663564882824,0.8698663564882602,2.220446049250313e-14,2.5526289558024543e-14
Combined,ENV_ULS / Left Exterior Girder / Max / set 2,13.000 m,Longitudinal D/C,1.27424079417387,1.27424079417387,0.0,0.0
Combined,ENV_ULS / Left Exterior Girder / Max / set 2,13.000 m,Conservative Veff D/C,0.2554626250898453,0.2554626250898453,0.0,0.0
Combined,ENV_ULS / Left Exterior Girder / Min / set 2,13.000 m,beta,4.8,4.8,0.0,0.0
Combined,ENV_ULS / Left Exterior Girder / Min / set 2,13.000 m,theta deg,29.0,29.0,0.0,0.0
Combined,ENV_ULS / Left Exterior Girder / Min / set 2,13.000 m,Vc kN,577.0956749313103,577.0956749313254,1.5120349416974932e-11,2.620076717569276e-14
Combined,ENV_ULS / Left Exterior Girder / Min / set 2,13.000 m,At torsion mm2/mm,0.3904994178957099,0.3904994178957099,0.0,0.0
Combined,ENV_ULS / Left Exterior Girder / Min / set 2,13.000 m,Combined transverse mm2/mm,1.0664410618376916,1.066441061837684,7.549516567451064e-15,7.0791690582898115e-15
Combined,ENV_ULS / Left Exterior Girder / Min / set 2,13.000 m,Vs allocated kN,265.9333583448471,265.9333583448471,0.0,0.0
Combined,ENV_ULS / Left Exterior Girder / Min / set 2,13.000 m,Vs used kN,185.72705882352943,185.72705882352943,0.0,0.0
Combined,ENV_ULS / Left Exterior Girder / Min / set 2,13.000 m,Longitudinal required kN,4243.723227221224,4243.723227221224,0.0,0.0
Combined,ENV_ULS / Left Exterior Girder / Min / set 2,13.000 m,Longitudinal resistance kN,5964.763613518843,5964.763613518843,0.0,0.0
Combined,ENV_ULS / Left Exterior Girder / Min / set 2,13.000 m,Transverse D/C,0.9429409250424348,0.942940925042428,6.772360450213455e-15,7.182168331392265e-15
Combined,ENV_ULS / Left Exterior Girder / Min / set 2,13.000 m,Longitudinal D/C,0.7114654497963733,0.7114654497963733,0.0,0.0
Combined,ENV_ULS / Left Exterior Girder / Min / set 2,13.000 m,Conservative Veff D/C,0.4373705120003185,0.4373705120003185,0.0,0.0
Combined,ENV_ULS / Left Exterior Girder / Max / set 1,14.000 m,beta,1.5261404456631869,1.526140445663221,3.419486915845482e-14,2.2406108989264495e-14
Combined,ENV_ULS / Left Exterior Girder / Max / set 1,14.000 m,theta deg,39.01088156531538,39.010881565315046,3.339550858072471e-13,8.560562397138181e-15
Combined,ENV_ULS / Left Exterior Girder / Max / set 1,14.000 m,Vc kN,183.4852188604099,183.48521886041885,8.952838470577262e-12,4.879324081896689e-14
Combined,ENV_ULS / Left Exterior Girder / Max / set 1,14.000 m,At torsion mm2/mm,0.0,0.0,0.0,0.0
Combined,ENV_ULS / Left Exterior Girder / Max / set 1,14.000 m,Combined transverse mm2/mm,0.9614621194074384,0.9614621194074098,2.864375403532904e-14,2.9791869546543765e-14
Combined,ENV_ULS / Left Exterior Girder / Max / set 1,14.000 m,Vs allocated kN,588.0346076396293,588.0346076396362,6.934897101018578e-12,1.1793348573233081e-14
Combined,ENV_ULS / Left Exterior Girder / Max / set 1,14.000 m,Vs used kN,588.0346076396293,588.0346076396362,6.934897101018578e-12,1.1793348573233081e-14
Combined,ENV_ULS / Left Exterior Girder / Max / set 1,14.000 m,Longitudinal required kN,7085.179714694256,7085.179714694258,1.8189894035458565e-12,2.5673158293689803e-16
Combined,ENV_ULS / Left Exterior Girder / Max / set 1,14.000 m,Longitudinal resistance kN,5456.095143088231,5456.0951430882305,9.094947017729282e-13,1.6669333615361788e-16
Combined,ENV_ULS / Left Exterior Girder / Max / set 1,14.000 m,Transverse D/C,0.8501191605516885,0.8501191605516633,2.5202062658991053e-14,2.9645329535493373e-14
Combined,ENV_ULS / Left Exterior Girder / Max / set 1,14.000 m,Longitudinal D/C,1.2985806751683475,1.2985806751683477,2.220446049250313e-16,1.7099022738517612e-16
Combined,ENV_ULS / Left Exterior Girder / Max / set 1,14.000 m,Conservative Veff D/C,0.2812282740256596,0.28122827402565964,5.551115123125783e-17,1.973882299835646e-16
Combined,ENV_ULS / Left Exterior Girder / Min / set 1,14.000 m,beta,4.8,4.8,0.0,0.0
Combined,ENV_ULS / Left Exterior Girder / Min / set 1,14.000 m,theta deg,29.0,29.0,0.0,0.0
Combined,ENV_ULS / Left Exterior Girder / Min / set 1,14.000 m,Vc kN,577.0956749313103,577.0956749313254,1.5120349416974932e-11,2.620076717569276e-14
Combined,ENV_ULS / Left Exterior Girder / Min / set 1,14.000 m,At torsion mm2/mm,0.4171883527187371,0.41718835271873717,5.551115123125783e-17,1.3306016543727123e-16
Combined,ENV_ULS / Left Exterior Girder / Min / set 1,14.000 m,Combined transverse mm2/mm,1.119818931483746,1.1198189314837386,7.327471962526033e-15,6.543443548339796e-15
Combined,ENV_ULS / Left Exterior Girder / Min / set 1,14.000 m,Vs allocated kN,225.3733879889709,225.3733879889709,0.0,0.0
Combined,ENV_ULS / Left Exterior Girder / Min / set 1,14.000 m,Vs used kN,225.3733879889709,225.3733879889709,0.0,0.0
Combined,ENV_ULS / Left Exterior Girder / Min / set 1,14.000 m,Longitudinal required kN,4084.791587297865,4084.791587297865,0.0,0.0
Combined,ENV_ULS / Left Exterior Girder / Min / set 1,14.000 m,Longitudinal resistance kN,5456.095143088231,5456.0951430882305,9.094947017729282e-13,1.6669333615361788e-16
Combined,ENV_ULS / Left Exterior Girder / Min / set 1,14.000 m,Transverse D/C,0.9901373239640148,0.9901373239640081,6.661338147750939e-15,6.7276911863925265e-15
Combined,ENV_ULS / Left Exterior Girder / Min / set 1,14.000 m,Longitudinal D/C,0.7486657545685342,0.7486657545685342,0.0,0.0
Combined,ENV_ULS / Left Exterior Girder / Min / set 1,14.000 m,Conservative Veff D/C,0.4728064747310654,0.4728064747310654,0.0,0.0
Combined,ENV_ULS / Left Exterior Girder / Max / set 2,14.000 m,beta,1.518987987685018,1.5189879876850205,2.4424906541753444e-15,1.6079723302471716e-15
Combined,ENV_ULS / Left Exterior Girder / Max / set 2,14.000 m,theta deg,39.07999372933703,39.079993729337,3.552713678800501e-14,9.09087576473563e-16
Combined,ENV_ULS / Left Exterior Girder / Max / set 2,14.000 m,Vc kN,182.62529124284137,182.6252912428464,5.030642569181509e-12,2.7546253505994418e-14
Combined,ENV_ULS / Left Exterior Girder / Max / set 2,14.000 m,At torsion mm2/mm,0.0,0.0,0.0,0.0
Combined,ENV_ULS / Left Exterior Girder / Max / set 2,14.000 m,Combined transverse mm2/mm,1.0171360423972238,1.0171360423972131,1.0658141036401503e-14,1.047857965123536e-14
Combined,ENV_ULS / Left Exterior Girder / Max / set 2,14.000 m,Vs allocated kN,586.586571689243,586.5865716892437,6.821210263296962e-13,1.162865055647854e-15
Combined,ENV_ULS / Left Exterior Girder / Max / set 2,14.000 m,Vs used kN,586.586571689243,586.5865716892437,6.821210263296962e-13,1.162865055647854e-15
Combined,ENV_ULS / Left Exterior Girder / Max / set 2,14.000 m,Longitudinal required kN,7112.428375414681,7112.428375414681,0.0,0.0
Combined,ENV_ULS / Left Exterior Girder / Max / set 2,14.000 m,Longitudinal resistance kN,5456.095143088231,5456.0951430882305,9.094947017729282e-13,1.6669333615361788e-16
Combined,ENV_ULS / Left Exterior Girder / Max / set 2,14.000 m,Transverse D/C,0.8993457163580322,0.8993457163580227,9.43689570931383e-15,1.049306794669501e-14
Combined,ENV_ULS / Left Exterior Girder / Max / set 2,14.000 m,Longitudinal D/C,1.3035748440759305,1.3035748440759303,2.220446049250313e-16,1.7033514104242541e-16
Combined,ENV_ULS / Left Exterior Girder / Max / set 2,14.000 m,Conservative Veff D/C,0.2922507867344469,0.2922507867344469,0.0,0.0
Combined,ENV_ULS / Left Exterior Girder / Min / set 2,14.000 m,beta,4.64847637323077,4.6484763732307695,8.881784197001252e-16,1.910687176587339e-16
Combined,ENV_ULS / Left Exterior Girder / Min / set 2,14.000 m,theta deg,29.152116564973515,29.152116564973515,0.0,0.0
Combined,ENV_ULS / Left Exterior Girder / Min / set 2,14.000 m,Vc kN,558.8782520858043,558.8782520858189,1.4551915228366852e-11,2.6037719617925522e-14
Combined,ENV_ULS / Left Exterior Girder / Min / set 2,14.000 m,At torsion mm2/mm,0.4416398626652181,0.4416398626652181,0.0,0.0
Combined,ENV_ULS / Left Exterior Girder / Min / set 2,14.000 m,Combined transverse mm2/mm,1.168721951376708,1.1687219513767004,7.549516567451064e-15,6.459634439618494e-15
Combined,ENV_ULS / Left Exterior Girder / Min / set 2,14.000 m,Vs allocated kN,187.0408543083504,187.04085430835036,2.842170943040401e-14,1.5195455311356078e-16
Combined,ENV_ULS / Left Exterior Girder / Min / set 2,14.000 m,Vs used kN,187.0408543083504,187.04085430835036,2.842170943040401e-14,1.5195455311356078e-16
Combined,ENV_ULS / Left Exterior Girder / Min / set 2,14.000 m,Longitudinal required kN,4140.025471099247,4140.025471099247,0.0,0.0
Combined,ENV_ULS / Left Exterior Girder / Min / set 2,14.000 m,Longitudinal resistance kN,5456.095143088231,5456.0951430882305,9.094947017729282e-13,1.6669333615361788e-16
Combined,ENV_ULS / Left Exterior Girder / Min / set 2,14.000 m,Transverse D/C,1.0333770870089378,1.0333770870089312,6.661338147750939e-15,6.446183326003402e-15
Combined,ENV_ULS / Left Exterior Girder / Min / set 2,14.000 m,Longitudinal D/C,0.7587890904622185,0.7587890904622185,0.0,0.0
Combined,ENV_ULS / Left Exterior Girder / Min / set 2,14.000 m,Conservative Veff D/C,0.4974300632422107,0.49743006324221073,5.551115123125783e-17,1.1159589122828732e-16
Combined,ENV_ULS / Left Exterior Girder / Max / set 1,15.000 m,beta,1.4447180514741007,1.4447180514741278,2.708944180085382e-14,1.87506771810686e-14
Combined,ENV_ULS / Left Exterior Girder / Max / set 1,15.000 m,theta deg,39.83808872636274,39.83808872636245,2.913225216616411e-13,7.312663106472308e-15
Combined,ENV_ULS / Left Exterior Girder / Max / set 1,15.000 m,Vc kN,173.69594562518623,173.69594562519399,7.759126674500294e-12,4.4670741430218276e-14
Combined,ENV_ULS / Left Exterior Girder / Max / set 1,15.000 m,At torsion mm2/mm,0.0,0.0,0.0,0.0
Combined,ENV_ULS / Left Exterior Girder / Max / set 1,15.000 m,Combined transverse mm2/mm,1.311705881996992,1.3117058819969631,2.886579864025407e-14,2.2006304184828607e-14
Combined,ENV_ULS / Left Exterior Girder / Max / set 1,15.000 m,Vs allocated kN,570.9799513831013,570.9799513831073,6.0254023992456496e-12,1.0552738996614643e-14
Combined,ENV_ULS / Left Exterior Girder / Max / set 1,15.000 m,Vs used kN,570.9799513831013,570.9799513831073,6.0254023992456496e-12,1.0552738996614643e-14
Combined,ENV_ULS / Left Exterior Girder / Max / set 1,15.000 m,Longitudinal required kN,6559.80311571458,6559.803115714583,3.637978807091713e-12,5.545865848285318e-16
Combined,ENV_ULS / Left Exterior Girder / Max / set 1,15.000 m,Longitudinal resistance kN,4837.473130948422,4837.473130948423,9.094947017729282e-13,1.8801028494697084e-16
Combined,ENV_ULS / Left Exterior Girder / Max / set 1,15.000 m,Transverse D/C,1.159802638902976,1.1598026389029503,2.5757174171303632e-14,2.2208238977337707e-14
Combined,ENV_ULS / Left Exterior Girder / Max / set 1,15.000 m,Longitudinal D/C,1.356039183710873,1.3560391837108734,4.440892098500626e-16,3.2748995396636614e-16
Combined,ENV_ULS / Left Exterior Girder / Max / set 1,15.000 m,Conservative Veff D/C,0.344,0.344,0.0,0.0
Combined,ENV_ULS / Left Exterior Girder / Min / set 1,15.000 m,beta,3.710968830854191,3.7109688308543345,1.4344081478157023e-13,3.86531984825503e-14
Combined,ENV_ULS / Left Exterior Girder / Min / set 1,15.000 m,theta deg,30.369492897315435,30.3694928973152,2.3447910280083306e-13,7.720876459598772e-15
Combined,ENV_ULS / Left Exterior Girder / Min / set 1,15.000 m,Vc kN,446.1633462689281,446.1633462689571,2.9046987037872896e-11,6.510392949303982e-14
Combined,ENV_ULS / Left Exterior Girder / Min / set 1,15.000 m,At torsion mm2/mm,0.4996844467552956,0.49968444675529083,4.773959005888173e-15,9.55394757008739e-15
Combined,ENV_ULS / Left Exterior Girder / Min / set 1,15.000 m,Combined transverse mm2/mm,1.284811119556863,1.284811119556846,1.709743457922741e-14,1.3307352589791267e-14
Combined,ENV_ULS / Left Exterior Girder / Min / set 1,15.000 m,Vs allocated kN,94.59657911952472,94.5965791195325,7.787548383930698e-12,8.23237843948916e-14
Combined,ENV_ULS / Left Exterior Girder / Min / set 1,15.000 m,Vs used kN,94.59657911952472,94.5965791195325,7.787548383930698e-12,8.23237843948916e-14
Combined,ENV_ULS / Left Exterior Girder / Min / set 1,15.000 m,Longitudinal required kN,3919.3880224433096,3919.3880224433183,8.640199666842818e-12,2.2044767237556083e-15
Combined,ENV_ULS / Left Exterior Girder / Min / set 1,15.000 m,Longitudinal resistance kN,4837.473130948422,4837.473130948423,9.094947017729282e-13,1.8801028494697084e-16
Combined,ENV_ULS / Left Exterior Girder / Min / set 1,15.000 m,Transverse D/C,1.1360224478717047,1.1360224478716896,1.509903313490213e-14,1.32911397685757e-14
Combined,ENV_ULS / Left Exterior Girder / Min / set 1,15.000 m,Longitudinal D/C,0.8102139105163121,0.8102139105163138,1.6653345369377348e-15,2.0554257527823613e-15
Combined,ENV_ULS / Left Exterior Girder / Min / set 1,15.000 m,Conservative Veff D/C,0.5408575477209562,0.5408575477209562,0.0,0.0
Combined,ENV_ULS / Left Exterior Girder / Max / set 2,15.000 m,beta,1.4374522779780732,1.4374522779781023,2.90878432451791e-14,2.02356931710412e-14
Combined,ENV_ULS / Left Exterior Girder / Max / set 2,15.000 m,theta deg,39.916459356485866,39.91645935648555,3.197442310920451e-13,8.010335491845011e-15
Combined,ENV_ULS / Left Exterior Girder / Max / set 2,15.000 m,Vc kN,172.82239427943867,172.82239427944668,8.01492205937393e-12,4.6376640555124656e-14
Combined,ENV_ULS / Left Exterior Girder / Max / set 2,15.000 m,At torsion mm2/mm,0.0,0.0,0.0,0.0
Combined,ENV_ULS / Left Exterior Girder / Max / set 2,15.000 m,Combined transverse mm2/mm,1.375245968605725,1.375245968605694,3.108624468950438e-14,2.2604134386971855e-14
Combined,ENV_ULS / Left Exterior Girder / Max / set 2,15.000 m,Vs allocated kN,569.394843273866,569.3948432738724,6.480149750132114e-12,1.138076648687743e-14
Combined,ENV_ULS / Left Exterior Girder / Max / set 2,15.000 m,Vs used kN,569.394843273866,569.3948432738724,6.480149750132114e-12,1.138076648687743e-14
Combined,ENV_ULS / Left Exterior Girder / Max / set 2,15.000 m,Longitudinal required kN,6586.989183836611,6586.989183836615,3.637978807091713e-12,5.522976743333226e-16
Combined,ENV_ULS / Left Exterior Girder / Max / set 2,15.000 m,Longitudinal resistance kN,4837.473130948422,4837.473130948423,9.094947017729282e-13,1.8801028494697084e-16
Combined,ENV_ULS / Left Exterior Girder / Max / set 2,15.000 m,Transverse D/C,1.215984410393348,1.2159844103933206,2.731148640577885e-14,2.2460391903334283e-14
Combined,ENV_ULS / Left Exterior Girder / Max / set 2,15.000 m,Longitudinal D/C,1.361659073968889,1.3616590739688894,4.440892098500626e-16,3.2613832517977915e-16
Combined,ENV_ULS / Left Exterior Girder / Max / set 2,15.000 m,Conservative Veff D/C,0.3560484144274994,0.3560484144274994,0.0,0.0
Combined,ENV_ULS / Left Exterior Girder / Min / set 2,15.000 m,beta,3.597055097728572,3.5970550977286386,6.661338147750939e-14,1.8518866035600187e-14
Combined,ENV_ULS / Left Exterior Girder / Min / set 2,15.000 m,theta deg,30.560649677235016,30.5606496772349,1.1723955140041653e-13,3.836291199259094e-15
Combined,ENV_ULS / Left Exterior Girder / Min / set 2,15.000 m,Vc kN,432.467695705996,432.4676957060152,1.921307557495311e-11,4.44266144401543e-14
Combined,ENV_ULS / Left Exterior Girder / Min / set 2,15.000 m,At torsion mm2/mm,0.5268333123696948,0.5268333123696923,2.4424906541753444e-15,4.636173523631297e-15
Combined,ENV_ULS / Left Exterior Girder / Min / set 2,15.000 m,Combined transverse mm2/mm,1.3391088507856612,1.339108850785649,1.2212453270876722e-14,9.1198361236368e-15
Combined,ENV_ULS / Left Exterior Girder / Min / set 2,15.000 m,Vs allocated kN,55.14505331227585,55.14505331227958,3.730349362740526e-12,6.764612850432878e-14
Combined,ENV_ULS / Left Exterior Girder / Min / set 2,15.000 m,Vs used kN,55.14505331227585,55.14505331227958,3.730349362740526e-12,6.764612850432878e-14
Combined,ENV_ULS / Left Exterior Girder / Min / set 2,15.000 m,Longitudinal required kN,3972.5867313403455,3972.5867313403496,4.092726157978177e-12,1.0302421154685003e-15
Combined,ENV_ULS / Left Exterior Girder / Min / set 2,15.000 m,Longitudinal resistance kN,4837.473130948422,4837.473130948423,9.094947017729282e-13,1.8801028494697084e-16
Combined,ENV_ULS / Left Exterior Girder / Min / set 2,15.000 m,Transverse D/C,1.184032183003585,1.184032183003574,1.0880185641326534e-14,9.189096206596685e-15
Combined,ENV_ULS / Left Exterior Girder / Min / set 2,15.000 m,Longitudinal D/C,0.8212111207244039,0.8212111207244047,7.771561172376096e-16,9.463536204332773e-16
Combined,ENV_ULS / Left Exterior Girder / Min / set 2,15.000 m,Conservative Veff D/C,0.5652790287543379,0.5652790287543379,0.0,0.0
Combined,ENV_ULS / Left Exterior Girder / Max / set 1,16.000 m,beta,1.4861686021766565,1.486168602176664,7.549516567451064e-15,5.079852014363601e-15
Combined,ENV_ULS / Left Exterior Girder / Max / set 1,16.000 m,theta deg,39.40564744842953,39.40564744842945,7.815970093361102e-14,1.9834644522945444e-15
Combined,ENV_ULS / Left Exterior Girder / Max / set 1,16.000 m,Vc kN,178.6794734447624,178.679473444768,5.5990767577895895e-12,3.133587003501178e-14
Combined,ENV_ULS / Left Exterior Girder / Max / set 1,16.000 m,At torsion mm2/mm,0.0,0.0,0.0,0.0
Combined,ENV_ULS / Left Exterior Girder / Max / set 1,16.000 m,Combined transverse mm2/mm,1.592325101572072,1.5923251015720565,1.554312234475219e-14,9.761274459221246e-15
Combined,ENV_ULS / Left Exterior Girder / Max / set 1,16.000 m,Vs allocated kN,773.0945354801614,773.0945354801636,2.1600499167107046e-12,2.79403076542135e-15
Combined,ENV_ULS / Left Exterior Girder / Max / set 1,16.000 m,Vs used kN,773.0945354801614,773.0945354801636,2.1600499167107046e-12,2.79403076542135e-15
Combined,ENV_ULS / Left Exterior Girder / Max / set 1,16.000 m,Longitudinal required kN,5773.610076344382,5773.610076344383,9.094947017729282e-13,1.575261733554379e-16
Combined,ENV_ULS / Left Exterior Girder / Max / set 1,16.000 m,Longitudinal resistance kN,4397.708506191375,4397.708506191375,0.0,0.0
Combined,ENV_ULS / Left Exterior Girder / Max / set 1,16.000 m,Transverse D/C,1.0559433788520816,1.0559433788520713,1.021405182655144e-14,9.67291621038929e-15
Combined,ENV_ULS / Left Exterior Girder / Max / set 1,16.000 m,Longitudinal D/C,1.3128678420172517,1.312867842017252,2.220446049250313e-16,1.691294415314908e-16
Combined,ENV_ULS / Left Exterior Girder / Max / set 1,16.000 m,Conservative Veff D/C,0.4094747034616315,0.40947470346163156,5.551115123125783e-17,1.355667413932429e-16
Combined,ENV_ULS / Left Exterior Girder / Min / set 1,16.000 m,beta,3.259803177494435,3.259803177494595,1.5987211554602254e-13,4.9043487241734745e-14
Combined,ENV_ULS / Left Exterior Girder / Min / set 1,16.000 m,theta deg,31.204913849190486,31.20491384919015,3.375077994860476e-13,1.0815854231073509e-14
Combined,ENV_ULS / Left Exterior Girder / Min / set 1,16.000 m,Vc kN,391.920482262371,391.92048226240047,2.944489096989855e-11,7.512975795478958e-14
Combined,ENV_ULS / Left Exterior Girder / Min / set 1,16.000 m,At torsion mm2/mm,0.585145032235938,0.5851450322359301,7.882583474838611e-15,1.347116191812829e-14
Combined,ENV_ULS / Left Exterior Girder / Min / set 1,16.000 m,Combined transverse mm2/mm,1.4557322905181476,1.4557322905181245,2.3092638912203256e-14,1.5863245641122736e-14
Combined,ENV_ULS / Left Exterior Girder / Min / set 1,16.000 m,Vs allocated kN,234.8016545955356,234.80165459554968,1.4068746168049984e-11,5.991757678319459e-14
Combined,ENV_ULS / Left Exterior Girder / Min / set 1,16.000 m,Vs used kN,234.8016545955356,234.80165459554968,1.4068746168049984e-11,5.991757678319459e-14
Combined,ENV_ULS / Left Exterior Girder / Min / set 1,16.000 m,Longitudinal required kN,3624.3786955305313,3624.378695530544,1.2732925824820995e-11,3.5131333931862007e-15
Combined,ENV_ULS / Left Exterior Girder / Min / set 1,16.000 m,Longitudinal resistance kN,4397.708506191375,4397.708506191375,0.0,0.0
Combined,ENV_ULS / Left Exterior Girder / Min / set 1,16.000 m,Transverse D/C,0.965362457726876,0.9653624577268607,1.532107773982716e-14,1.5870803362193832e-14
Combined,ENV_ULS / Left Exterior Girder / Min / set 1,16.000 m,Longitudinal D/C,0.8241516440727937,0.8241516440727966,2.886579864025407e-15,3.5024863261334923e-15
Combined,ENV_ULS / Left Exterior Girder / Min / set 1,16.000 m,Conservative Veff D/C,0.6162595996698403,0.6162595996698403,0.0,0.0
Combined,ENV_ULS / Left Exterior Girder / Max / set 2,16.000 m,beta,1.4779862321692143,1.4779862321692359,2.1538326677728037e-14,1.4572751903186744e-14
Combined,ENV_ULS / Left Exterior Girder / Max / set 2,16.000 m,theta deg,39.48909020877046,39.48909020877025,2.1316282072803006e-13,5.398018024752773e-15
Combined,ENV_ULS / Left Exterior Girder / Max / set 2,16.000 m,Vc kN,177.69572129018275,177.69572129018997,7.219114195322618e-12,4.062626912402287e-14
Combined,ENV_ULS / Left Exterior Girder / Max / set 2,16.000 m,At torsion mm2/mm,0.0,0.0,0.0,0.0
Combined,ENV_ULS / Left Exterior Girder / Max / set 2,16.000 m,Combined transverse mm2/mm,1.6577520624066249,1.657752062406598,2.6867397195928788e-14,1.620712638832417e-14
Combined,ENV_ULS / Left Exterior Girder / Max / set 2,16.000 m,Vs allocated kN,770.8031736476468,770.8031736476528,6.0254023992456496e-12,7.817044097952772e-15
Combined,ENV_ULS / Left Exterior Girder / Max / set 2,16.000 m,Vs used kN,770.8031736476468,770.8031736476528,6.0254023992456496e-12,7.817044097952772e-15
Combined,ENV_ULS / Left Exterior Girder / Max / set 2,16.000 m,Longitudinal required kN,5801.575927337264,5801.575927337266,1.8189894035458565e-12,3.135336719415673e-16
Combined,ENV_ULS / Left Exterior Girder / Max / set 2,16.000 m,Longitudinal resistance kN,4397.708506191375,4397.708506191375,0.0,0.0
Combined,ENV_ULS / Left Exterior Girder / Max / set 2,16.000 m,Transverse D/C,1.0993309798033273,1.0993309798033093,1.7985612998927536e-14,1.6360507735482445e-14
Combined,ENV_ULS / Left Exterior Girder / Max / set 2,16.000 m,Longitudinal D/C,1.31922702906967,1.3192270290696704,4.440892098500626e-16,3.366283437682731e-16
Combined,ENV_ULS / Left Exterior Girder / Max / set 2,16.000 m,Conservative Veff D/C,0.421836843379327,0.42183684337932703,5.551115123125783e-17,1.315938901556323e-16
Combined,ENV_ULS / Left Exterior Girder / Min / set 2,16.000 m,beta,3.151105711662282,3.1511057116624075,1.2567724638756772e-13,3.9883538632940695e-14
Combined,ENV_ULS / Left Exterior Girder / Min / set 2,16.000 m,theta deg,31.441949181128383,31.441949181128102,2.8066438062523957e-13,8.926430705946763e-15
Combined,ENV_ULS / Left Exterior Girder / Min / set 2,16.000 m,Vc kN,378.8519744690941,378.8519744691191,2.5011104298755527e-11,6.601814424698009e-14
Combined,ENV_ULS / Left Exterior Girder / Min / set 2,16.000 m,At torsion mm2/mm,0.6183804867471541,0.6183804867471472,6.8833827526759706e-15,1.1131306534079806e-14
Combined,ENV_ULS / Left Exterior Girder / Min / set 2,16.000 m,Combined transverse mm2/mm,1.5222031995405798,1.5222031995405585,2.1316282072803006e-14,1.4003571979901781e-14
Combined,ENV_ULS / Left Exterior Girder / Min / set 2,16.000 m,Vs allocated kN,186.8325473348696,186.83254733488113,1.1539214028744027e-11,6.176233313385696e-14
Combined,ENV_ULS / Left Exterior Girder / Min / set 2,16.000 m,Vs used kN,186.8325473348696,186.83254733488113,1.1539214028744027e-11,6.176233313385696e-14
Combined,ENV_ULS / Left Exterior Girder / Min / set 2,16.000 m,Longitudinal required kN,3681.932768904057,3681.9327689040674,1.0459189070388675e-11,2.840678993033832e-15
Combined,ENV_ULS / Left Exterior Girder / Min / set 2,16.000 m,Longitudinal resistance kN,4397.708506191375,4397.708506191375,0.0,0.0
Combined,ENV_ULS / Left Exterior Girder / Min / set 2,16.000 m,Transverse D/C,1.0094423483215915,1.0094423483215775,1.3988810110276972e-14,1.3857958439663723e-14
Combined,ENV_ULS / Left Exterior Girder / Min / set 2,16.000 m,Longitudinal D/C,0.8372389310752171,0.8372389310752196,2.55351295663786e-15,3.0499214284726637e-15
Combined,ENV_ULS / Left Exterior Girder / Min / set 2,16.000 m,Conservative Veff D/C,0.6441897443320568,0.6441897443320568,0.0,0.0
Combined,ENV_ULS / Left Exterior Girder / Max / set 1,17.000 m,beta,1.5369236387063994,1.5369236387064347,3.530509218307998e-14,2.297127280363442e-14
Combined,ENV_ULS / Left Exterior Girder / Max / set 1,17.000 m,theta deg,38.90790258054309,38.90790258054275,3.339550858072471e-13,8.583219954247878e-15
Combined,ENV_ULS / Left Exterior Girder / Max / set 1,17.000 m,Vc kN,184.7816634577406,184.7816634577497,9.094947017729282e-12,4.9219965052478496e-14
Combined,ENV_ULS / Left Exterior Girder / Max / set 1,17.000 m,At torsion mm2/mm,0.0,0.0,0.0,0.0
Combined,ENV_ULS / Left Exterior Girder / Max / set 1,17.000 m,Combined transverse mm2/mm,1.861148013943439,1.8611480139434002,3.885780586188048e-14,2.0878407074969047e-14
Combined,ENV_ULS / Left Exterior Girder / Max / set 1,17.000 m,Vs allocated kN,786.9336518936119,786.9336518936211,9.208633855450898e-12,1.1701919003326262e-14
Combined,ENV_ULS / Left Exterior Girder / Max / set 1,17.000 m,Vs used kN,786.9336518936119,786.9336518936211,9.208633855450898e-12,1.1701919003326262e-14
Combined,ENV_ULS / Left Exterior Girder / Max / set 1,17.000 m,Longitudinal required kN,4957.406941096464,4957.406941096469,5.4569682106375694e-12,1.1007706802118222e-15
Combined,ENV_ULS / Left Exterior Girder / Max / set 1,17.000 m,Longitudinal resistance kN,3838.069097533252,3838.0690975332523,4.547473508864641e-13,1.184833673731233e-16
Combined,ENV_ULS / Left Exterior Girder / Max / set 1,17.000 m,Transverse D/C,1.2342121093531755,1.2342121093531497,2.5757174171303632e-14,2.0869325439371163e-14
Combined,ENV_ULS / Left Exterior Girder / Max / set 1,17.000 m,Longitudinal D/C,1.291640878555995,1.2916408785559963,1.3322676295501878e-15,1.031453596482337e-15
Combined,ENV_ULS / Left Exterior Girder / Max / set 1,17.000 m,Conservative Veff D/C,0.4757303316388284,0.4757303316388284,0.0,0.0
Combined,ENV_ULS / Left Exterior Girder / Min / set 1,17.000 m,beta,2.74272455826054,2.742724558260565,2.4868995751603507e-14,9.067259662186209e-15
Combined,ENV_ULS / Left Exterior Girder / Min / set 1,17.000 m,theta deg,32.500394780512075,32.500394780512,7.105427357601002e-14,2.1862587841122415e-15
Combined,ENV_ULS / Left Exterior Girder / Min / set 1,17.000 m,Vc kN,329.75301668750967,329.75301668752127,1.1596057447604835e-11,3.516588737865415e-14
Combined,ENV_ULS / Left Exterior Girder / Min / set 1,17.000 m,At torsion mm2/mm,0.7031259291073724,0.7031259291073706,1.7763568394002505e-15,2.52637083325225e-15
Combined,ENV_ULS / Left Exterior Girder / Min / set 1,17.000 m,Combined transverse mm2/mm,1.6916940842610164,1.6916940842610053,1.1102230246251565e-14,6.5627883608172755e-15
Combined,ENV_ULS / Left Exterior Girder / Min / set 1,17.000 m,Vs allocated kN,67.24643244323073,67.24643244323325,2.5153212845907547e-12,3.740453126214671e-14
Combined,ENV_ULS / Left Exterior Girder / Min / set 1,17.000 m,Vs used kN,67.24643244323073,67.24643244323325,2.5153212845907547e-12,3.740453126214671e-14
Combined,ENV_ULS / Left Exterior Girder / Min / set 1,17.000 m,Longitudinal required kN,3363.0163085320664,3363.0163085320696,3.183231456205249e-12,9.465405945636655e-16
Combined,ENV_ULS / Left Exterior Girder / Min / set 1,17.000 m,Longitudinal resistance kN,3838.069097533252,3838.0690975332523,4.547473508864641e-13,1.184833673731233e-16
Combined,ENV_ULS / Left Exterior Girder / Min / set 1,17.000 m,Transverse D/C,1.121839482122742,1.1218394821227347,7.327471962526033e-15,6.531658119806103e-15
Combined,ENV_ULS / Left Exterior Girder / Min / set 1,17.000 m,Longitudinal D/C,0.8762260978296341,0.8762260978296348,6.661338147750939e-16,7.60230511765253e-16
Combined,ENV_ULS / Left Exterior Girder / Min / set 1,17.000 m,Conservative Veff D/C,0.7065392410299237,0.7065392410299237,0.0,0.0
Combined,ENV_ULS / Left Exterior Girder / Max / set 2,17.000 m,beta,1.5176617024332295,1.517661702433258,2.842170943040401e-14,1.872730226033618e-14
Combined,ENV_ULS / Left Exterior Girder / Max / set 2,17.000 m,theta deg,39.092880842561925,39.09288084256165,2.7711166694643907e-13,7.088545560570172e-15
Combined,ENV_ULS / Left Exterior Girder / Max / set 2,17.000 m,Vc kN,182.4658342673138,182.46583426732195,8.15703060652595e-12,4.470442721115382e-14
Combined,ENV_ULS / Left Exterior Girder / Max / set 2,17.000 m,At torsion mm2/mm,0.1247964425837786,0.12479644258377742,1.1796119636642288e-15,9.452288376508333e-15
Combined,ENV_ULS / Left Exterior Girder / Max / set 2,17.000 m,Combined transverse mm2/mm,2.187708474722865,2.187708474722829,3.597122599785507e-14,1.6442422019877414e-14
Combined,ENV_ULS / Left Exterior Girder / Max / set 2,17.000 m,Vs allocated kN,652.3625847986397,652.362584798647,7.389644451905042e-12,1.132751114809239e-14
Combined,ENV_ULS / Left Exterior Girder / Max / set 2,17.000 m,Vs used kN,652.3625847986397,652.362584798647,7.389644451905042e-12,1.132751114809239e-14
Combined,ENV_ULS / Left Exterior Girder / Max / set 2,17.000 m,Longitudinal required kN,5074.264071622545,5074.264071622551,5.4569682106375694e-12,1.0754206193475944e-15
Combined,ENV_ULS / Left Exterior Girder / Max / set 2,17.000 m,Longitudinal resistance kN,3838.069097533252,3838.0690975332523,4.547473508864641e-13,1.184833673731233e-16
Combined,ENV_ULS / Left Exterior Girder / Max / set 2,17.000 m,Transverse D/C,1.450769240817395,1.450769240817371,2.398081733190338e-14,1.6529725511958376e-14
Combined,ENV_ULS / Left Exterior Girder / Max / set 2,17.000 m,Longitudinal D/C,1.3220877328351912,1.3220877328351925,1.3322676295501878e-15,1.007699864738299e-15
Combined,ENV_ULS / Left Exterior Girder / Max / set 2,17.000 m,Conservative Veff D/C,0.497508577539418,0.497508577539418,0.0,0.0
Combined,ENV_ULS / Left Exterior Girder / Min / set 2,17.000 m,beta,2.6561886000959745,2.6561886000960846,1.1013412404281553e-13,4.146321689613138e-14
Combined,ENV_ULS / Left Exterior Girder / Min / set 2,17.000 m,theta deg,32.76646944392075,32.7664694439204,3.481659405224491e-13,1.062567760369584e-14
Combined,ENV_ULS / Left Exterior Girder / Min / set 2,17.000 m,Vc kN,319.3489485244248,319.34894852444637,2.1543655748246238e-11,6.746117639587924e-14
Combined,ENV_ULS / Left Exterior Girder / Min / set 2,17.000 m,At torsion mm2/mm,0.7400732724387155,0.7400732724387058,9.658940314238862e-15,1.3051329745243345e-14
Combined,ENV_ULS / Left Exterior Girder / Min / set 2,17.000 m,Combined transverse mm2/mm,1.7900943798295283,1.790094379829472,5.639932965095795e-14,3.1506344182998146e-14
Combined,ENV_ULS / Left Exterior Girder / Min / set 2,17.000 m,Vs allocated kN,18.20447605138877,18.204476051401656,1.2885692513009417e-11,7.078310013771191e-13
Combined,ENV_ULS / Left Exterior Girder / Min / set 2,17.000 m,Vs used kN,18.20447605138877,18.204476051401656,1.2885692513009417e-11,7.078310013771191e-13
Combined,ENV_ULS / Left Exterior Girder / Min / set 2,17.000 m,Longitudinal required kN,3419.158499285057,3419.158499285072,1.5006662579253316e-11,4.3889929590544364e-15
Combined,ENV_ULS / Left Exterior Girder / Min / set 2,17.000 m,Longitudinal resistance kN,3838.069097533252,3838.0690975332523,4.547473508864641e-13,1.184833673731233e-16
Combined,ENV_ULS / Left Exterior Girder / Min / set 2,17.000 m,Transverse D/C,1.1870932047953762,1.1870932047953389,3.730349362740526e-14,3.1424233140848093e-14
Combined,ENV_ULS / Left Exterior Girder / Min / set 2,17.000 m,Longitudinal D/C,0.890853815394457,0.8908538153944607,3.774758283725532e-15,4.23723647864056e-15
Combined,ENV_ULS / Left Exterior Girder / Min / set 2,17.000 m,Conservative Veff D/C,0.7350031823034364,0.7350031823034364,0.0,0.0
Combined,ENV_ULS / Left Exterior Girder / Max / set 1,18.000 m,beta,1.3523521666595235,1.3523521666595344,1.0880185641326534e-14,8.045378940163083e-15
Combined,ENV_ULS / Left Exterior Girder / Max / set 1,18.000 m,theta deg,40.89706617766393,40.8970661776638,1.2789769243681803e-13,3.1273072714118106e-15
Combined,ENV_ULS / Left Exterior Girder / Max / set 1,18.000 m,Vc kN,162.59095549233285,162.5909554923384,5.5422333389287814e-12,3.408697194838702e-14
Combined,ENV_ULS / Left Exterior Girder / Max / set 1,18.000 m,At torsion mm2/mm,0.1445211959934798,0.1445211959934792,5.828670879282072e-16,4.033090675187231e-15
Combined,ENV_ULS / Left Exterior Girder / Max / set 1,18.000 m,Combined transverse mm2/mm,2.6663039839977505,2.666303983997727,2.353672812205332e-14,8.827473635156742e-15
Combined,ENV_ULS / Left Exterior Girder / Max / set 1,18.000 m,Vs allocated kN,592.7580215765579,592.7580215765613,3.410605131648481e-12,5.7537899235463376e-15
Combined,ENV_ULS / Left Exterior Girder / Max / set 1,18.000 m,Vs used kN,592.7580215765579,592.7580215765613,3.410605131648481e-12,5.7537899235463376e-15
Combined,ENV_ULS / Left Exterior Girder / Max / set 1,18.000 m,Longitudinal required kN,4020.8675365752474,4020.8675365752497,2.2737367544323206e-12,5.654841234508717e-16
Combined,ENV_ULS / Left Exterior Girder / Max / set 1,18.000 m,Longitudinal resistance kN,2736.642048409589,2736.6420484095893,4.547473508864641e-13,1.6616983253280875e-16
Combined,ENV_ULS / Left Exterior Girder / Max / set 1,18.000 m,Transverse D/C,1.7681477451618992,1.7681477451618837,1.554312234475219e-14,8.790624192623187e-15
Combined,ENV_ULS / Left Exterior Girder / Max / set 1,18.000 m,Longitudinal D/C,1.4692705386559384,1.4692705386559393,8.881784197001252e-16,6.045029804467555e-16
Combined,ENV_ULS / Left Exterior Girder / Max / set 1,18.000 m,Conservative Veff D/C,0.5521552700935919,0.5521552700935919,0.0,0.0
Combined,ENV_ULS / Left Exterior Girder / Min / set 1,18.000 m,beta,1.5239395189611251,1.5239395189611298,4.6629367034256575e-15,3.0597911829233116e-15
Combined,ENV_ULS / Left Exterior Girder / Min / set 1,18.000 m,theta deg,39.032079393328,39.03207939332795,4.973799150320701e-14,1.2742849542294462e-15
Combined,ENV_ULS / Left Exterior Girder / Min / set 1,18.000 m,Vc kN,183.2206052602848,183.2206052602901,5.314859663485549e-12,2.900798005734704e-14
Combined,ENV_ULS / Left Exterior Girder / Min / set 1,18.000 m,At torsion mm2/mm,0.9826443535584138,0.9826443535584123,1.5543122344752192e-15,1.5817647848345619e-15
Combined,ENV_ULS / Left Exterior Girder / Min / set 1,18.000 m,Combined transverse mm2/mm,2.7603155883053416,2.760315588305327,1.4654943925052066e-14,5.3091552238232835e-15
Combined,ENV_ULS / Left Exterior Girder / Min / set 1,18.000 m,Vs allocated kN,0.0,0.0,0.0,0.0
Combined,ENV_ULS / Left Exterior Girder / Min / set 1,18.000 m,Vs used kN,0.0,0.0,0.0,0.0
Combined,ENV_ULS / Left Exterior Girder / Min / set 1,18.000 m,Longitudinal required kN,2674.5428065978163,2674.5428065978185,2.2737367544323206e-12,8.501403487815745e-16
Combined,ENV_ULS / Left Exterior Girder / Min / set 1,18.000 m,Longitudinal resistance kN,2736.642048409589,2736.6420484095893,4.547473508864641e-13,1.6616983253280875e-16
Combined,ENV_ULS / Left Exterior Girder / Min / set 1,18.000 m,Transverse D/C,1.8304911265517008,1.8304911265516914,9.325873406851315e-15,5.0947383855498636e-15
Combined,ENV_ULS / Left Exterior Girder / Min / set 1,18.000 m,Longitudinal D/C,0.9773082336990832,0.977308233699084,8.881784197001252e-16,9.08800713095801e-16
Combined,ENV_ULS / Left Exterior Girder / Min / set 1,18.000 m,Conservative Veff D/C,0.7805040992573495,0.7805040992573495,0.0,0.0
Combined,ENV_ULS / Left Exterior Girder / Max / set 2,18.000 m,beta,1.3392217506103508,1.339221750610377,2.6201263381153694e-14,1.956454438498475e-14
Combined,ENV_ULS / Left Exterior Girder / Max / set 2,18.000 m,theta deg,41.05946549911633,41.059465499116,3.268496584496461e-13,7.960397303678565e-15
Combined,ENV_ULS / Left Exterior Girder / Max / set 2,18.000 m,Vc kN,161.01230834399402,161.01230834400138,7.361222742474638e-12,4.571838524758896e-14
Combined,ENV_ULS / Left Exterior Girder / Max / set 2,18.000 m,At torsion mm2/mm,0.1663257491458307,0.16632574914582876,1.942890293094024e-15,1.1681235786231535e-14
Combined,ENV_ULS / Left Exterior Girder / Max / set 2,18.000 m,Combined transverse mm2/mm,2.7945826463906926,2.7945826463906447,4.796163466380676e-14,1.7162360442533992e-14
Combined,ENV_ULS / Left Exterior Girder / Max / set 2,18.000 m,Vs allocated kN,568.2881900269089,568.2881900269175,8.640199666842818e-12,1.5203905022966548e-14
Combined,ENV_ULS / Left Exterior Girder / Max / set 2,18.000 m,Vs used kN,568.2881900269089,568.2881900269175,8.640199666842818e-12,1.5203905022966548e-14
Combined,ENV_ULS / Left Exterior Girder / Max / set 2,18.000 m,Longitudinal required kN,4061.9286414916414,4061.9286414916505,9.094947017729282e-12,2.239071096627973e-15
Combined,ENV_ULS / Left Exterior Girder / Max / set 2,18.000 m,Longitudinal resistance kN,2736.642048409589,2736.6420484095893,4.547473508864641e-13,1.6616983253280875e-16
Combined,ENV_ULS / Left Exterior Girder / Max / set 2,18.000 m,Transverse D/C,1.8532151752162875,1.8532151752162558,3.175237850427948e-14,1.7133670676193456e-14
Combined,ENV_ULS / Left Exterior Girder / Max / set 2,18.000 m,Longitudinal D/C,1.484274731455014,1.484274731455017,3.1086244689504383e-15,2.0943726946716194e-15
Combined,ENV_ULS / Left Exterior Girder / Max / set 2,18.000 m,Conservative Veff D/C,0.5682503458070041,0.5682503458070041,0.0,0.0
Combined,ENV_ULS / Left Exterior Girder / Min / set 2,18.000 m,beta,1.4901059250067823,1.4901059250068158,3.352873534367973e-14,2.250090733887013e-14
Combined,ENV_ULS / Left Exterior Girder / Min / set 2,18.000 m,theta deg,39.365821711565935,39.3658217115656,3.339550858072471e-13,8.48337647449975e-15
Combined,ENV_ULS / Left Exterior Girder / Min / set 2,18.000 m,Vc kN,179.15285093977784,179.15285093978653,8.697043085703626e-12,4.85453792115578e-14
Combined,ENV_ULS / Left Exterior Girder / Min / set 2,18.000 m,At torsion mm2/mm,1.0117235703443526,1.0117235703443408,1.176836406102666e-14,1.1631995543032855e-14
Combined,ENV_ULS / Left Exterior Girder / Min / set 2,18.000 m,Combined transverse mm2/mm,2.8623300197761505,2.8623300197761004,5.0182080713057076e-14,1.7531898965648434e-14
Combined,ENV_ULS / Left Exterior Girder / Min / set 2,18.000 m,Vs allocated kN,0.0,0.0,0.0,0.0
Combined,ENV_ULS / Left Exterior Girder / Min / set 2,18.000 m,Vs used kN,0.0,0.0,0.0,0.0
Combined,ENV_ULS / Left Exterior Girder / Min / set 2,18.000 m,Longitudinal required kN,2681.0415589994504,2681.041558999467,1.6370904631912708e-11,6.106173392560963e-15
Combined,ENV_ULS / Left Exterior Girder / Min / set 2,18.000 m,Longitudinal resistance kN,2736.642048409589,2736.6420484095893,4.547473508864641e-13,1.6616983253280875e-16
Combined,ENV_ULS / Left Exterior Girder / Min / set 2,18.000 m,Transverse D/C,1.8981415475320704,1.8981415475320373,3.3084646133829665e-14,1.7430020525522084e-14
Combined,ENV_ULS / Left Exterior Girder / Min / set 2,18.000 m,Longitudinal D/C,0.9796829514322304,0.9796829514322362,5.773159728050814e-15,5.8928857745363535e-15
Combined,ENV_ULS / Left Exterior Girder / Min / set 2,18.000 m,Conservative Veff D/C,0.7945129363329592,0.7945129363329592,0.0,0.0
Combined,ENV_ULS / Left Exterior Girder / Max / set 1,19.000 m,beta,1.269559656308535,1.2695596563085565,2.1538326677728037e-14,1.6965194641072712e-14
Combined,ENV_ULS / Left Exterior Girder / Max / set 1,19.000 m,theta deg,41.9772462354902,41.9772462354899,2.984279490192421e-13,7.1092788541935e-15
Combined,ENV_ULS / Left Exterior Girder / Max / set 1,19.000 m,Vc kN,152.63695556727842,152.63695556728499,6.565414878423326e-12,4.301327194336746e-14
Combined,ENV_ULS / Left Exterior Girder / Max / set 1,19.000 m,At torsion mm2/mm,0.177296113285527,0.1772961132855252,1.8041124150158794e-15,1.0175702002617847e-14
Combined,ENV_ULS / Left Exterior Girder / Max / set 1,19.000 m,Combined transverse mm2/mm,3.2098415430704312,3.209841543070384,4.707345624410664e-14,1.4665352046966894e-14
Combined,ENV_ULS / Left Exterior Girder / Max / set 1,19.000 m,Vs allocated kN,892.9542236106392,892.9542236106503,1.1027623258996755e-11,1.2349595273099986e-14
Combined,ENV_ULS / Left Exterior Girder / Max / set 1,19.000 m,Vs used kN,892.9542236106392,892.9542236106503,1.1027623258996755e-11,1.2349595273099986e-14
Combined,ENV_ULS / Left Exterior Girder / Max / set 1,19.000 m,Longitudinal required kN,2670.8969897324323,2670.8969897324378,5.4569682106375694e-12,2.0431219293051926e-15
Combined,ENV_ULS / Left Exterior Girder / Max / set 1,19.000 m,Longitudinal resistance kN,1748.718938090193,1748.7189380901937,6.821210263296962e-13,3.900689879156066e-16
Combined,ENV_ULS / Left Exterior Girder / Max / set 1,19.000 m,Transverse D/C,1.4190615225593777,1.419061522559357,2.0650148258027912e-14,1.455197532294739e-14
Combined,ENV_ULS / Left Exterior Girder / Max / set 1,19.000 m,Longitudinal D/C,1.5273449217913575,1.5273449217913606,3.1086244689504383e-15,2.0353126688007443e-15
Combined,ENV_ULS / Left Exterior Girder / Max / set 1,19.000 m,Conservative Veff D/C,0.6246318862138724,0.6246318862138724,0.0,0.0
Combined,ENV_ULS / Left Exterior Girder / Min / set 1,19.000 m,beta,1.0430343985139994,1.0430343985140056,6.217248937900877e-15,5.9607324041838805e-15
Combined,ENV_ULS / Left Exterior Girder / Min / set 1,19.000 m,theta deg,45.80913512080368,45.809135120803546,1.3500311979441904e-13,2.9470785562399616e-15
Combined,ENV_ULS / Left Exterior Girder / Min / set 1,19.000 m,Vc kN,125.40221670562708,125.40221670563109,4.007461029686965e-12,3.195685957525034e-14
Combined,ENV_ULS / Left Exterior Girder / Min / set 1,19.000 m,At torsion mm2/mm,1.1790480354317223,1.1790480354317165,5.773159728050814e-15,4.896458460182186e-15
Combined,ENV_ULS / Left Exterior Girder / Min / set 1,19.000 m,Combined transverse mm2/mm,3.736859494466516,3.736859494466488,2.7977620220553945e-14,7.486933951352194e-15
Combined,ENV_ULS / Left Exterior Girder / Min / set 1,19.000 m,Vs allocated kN,0.0,0.0,0.0,0.0
Combined,ENV_ULS / Left Exterior Girder / Min / set 1,19.000 m,Vs used kN,0.0,0.0,0.0,0.0
Combined,ENV_ULS / Left Exterior Girder / Min / set 1,19.000 m,Longitudinal required kN,1794.9379797043148,1794.93797970432,5.229594535194337e-12,2.913523806575093e-15
Combined,ENV_ULS / Left Exterior Girder / Min / set 1,19.000 m,Longitudinal resistance kN,1748.718938090193,1748.7189380901937,6.821210263296962e-13,3.900689879156066e-16
Combined,ENV_ULS / Left Exterior Girder / Min / set 1,19.000 m,Transverse D/C,1.6520546116228532,1.6520546116228407,1.2434497875801753e-14,7.526686943833617e-15
Combined,ENV_ULS / Left Exterior Girder / Min / set 1,19.000 m,Longitudinal D/C,1.0264302287848488,1.0264302287848515,2.6645352591003757e-15,2.595924383730212e-15
Combined,ENV_ULS / Left Exterior Girder / Min / set 1,19.000 m,Conservative Veff D/C,0.7560091606627731,0.7560091606627731,0.0,0.0
Combined,ENV_ULS / Left Exterior Girder / Max / set 2,19.000 m,beta,1.2372879752025183,1.2372879752025245,6.217248937900877e-15,5.024900477904678e-15
Combined,ENV_ULS / Left Exterior Girder / Max / set 2,19.000 m,theta deg,42.43744526922569,42.4374452692256,9.237055564881302e-14,2.1766285661827402e-15
Combined,ENV_ULS / Left Exterior Girder / Max / set 2,19.000 m,Vc kN,148.75698731956078,148.7569873195654,4.632738637155853e-12,3.114299852822125e-14
Combined,ENV_ULS / Left Exterior Girder / Max / set 2,19.000 m,At torsion mm2/mm,0.1929596699120435,0.19295966991204294,5.551115123125783e-16,2.8768266061276716e-15
Combined,ENV_ULS / Left Exterior Girder / Max / set 2,19.000 m,Combined transverse mm2/mm,3.371882118557098,3.3718821185570773,2.0872192862952943e-14,6.190071932848215e-15
Combined,ENV_ULS / Left Exterior Girder / Max / set 2,19.000 m,Vs allocated kN,864.2255437245576,864.2255437245608,3.183231456205249e-12,3.683334147341268e-15
Combined,ENV_ULS / Left Exterior Girder / Max / set 2,19.000 m,Vs used kN,864.2255437245576,864.2255437245608,3.183231456205249e-12,3.683334147341268e-15
Combined,ENV_ULS / Left Exterior Girder / Max / set 2,19.000 m,Longitudinal required kN,2702.460129081618,2702.46012908162,1.8189894035458565e-12,6.730864903320537e-16
Combined,ENV_ULS / Left Exterior Girder / Max / set 2,19.000 m,Longitudinal resistance kN,1748.718938090193,1748.7189380901937,6.821210263296962e-13,3.900689879156066e-16
Combined,ENV_ULS / Left Exterior Girder / Max / set 2,19.000 m,Transverse D/C,1.4906991852542624,1.490699185254253,9.325873406851315e-15,6.25603978260758e-15
Combined,ENV_ULS / Left Exterior Girder / Max / set 2,19.000 m,Longitudinal D/C,1.5453942141399937,1.5453942141399943,6.661338147750939e-16,4.3104458958117344e-16
Combined,ENV_ULS / Left Exterior Girder / Max / set 2,19.000 m,Conservative Veff D/C,0.6404099258610843,0.6404099258610843,0.0,0.0
Combined,ENV_ULS / Left Exterior Girder / Min / set 2,19.000 m,beta,1.0941880121304757,1.0941880121304939,1.8207657603852567e-14,1.6640337311318584e-14
Combined,ENV_ULS / Left Exterior Girder / Min / set 2,19.000 m,theta deg,44.80513502707089,44.80513502707055,3.410605131648481e-13,7.61208537724046e-15
Combined,ENV_ULS / Left Exterior Girder / Min / set 2,19.000 m,Vc kN,131.55232695045535,131.55232695046095,5.5990767577895895e-12,4.25615942156466e-14
Combined,ENV_ULS / Left Exterior Girder / Min / set 2,19.000 m,At torsion mm2/mm,1.0733060729084227,1.07330607290841,1.2656542480726785e-14,1.1792109259598705e-14
Combined,ENV_ULS / Left Exterior Girder / Min / set 2,19.000 m,Combined transverse mm2/mm,3.5003480720095608,3.500348072009506,5.46229728115577e-14,1.5605011755359328e-14
Combined,ENV_ULS / Left Exterior Girder / Min / set 2,19.000 m,Vs allocated kN,48.91048486871527,48.91048486872657,1.1297629498585593e-11,2.3098584135708113e-13
Combined,ENV_ULS / Left Exterior Girder / Min / set 2,19.000 m,Vs used kN,48.91048486871527,48.91048486872657,1.1297629498585593e-11,2.3098584135708113e-13
Combined,ENV_ULS / Left Exterior Girder / Min / set 2,19.000 m,Longitudinal required kN,1785.38497502525,1785.3849750252587,8.640199666842818e-12,4.839404267262069e-15
Combined,ENV_ULS / Left Exterior Girder / Min / set 2,19.000 m,Longitudinal resistance kN,1748.718938090193,1748.7189380901937,6.821210263296962e-13,3.900689879156066e-16
Combined,ENV_ULS / Left Exterior Girder / Min / set 2,19.000 m,Transverse D/C,1.5474936061180755,1.5474936061180513,2.4202861936828413e-14,1.564004002416672e-14
Combined,ENV_ULS / Left Exterior Girder / Min / set 2,19.000 m,Longitudinal D/C,1.0209673699623223,1.0209673699623272,4.884981308350689e-15,4.7846595807767495e-15
Combined,ENV_ULS / Left Exterior Girder / Min / set 2,19.000 m,Conservative Veff D/C,0.7215867648655985,0.7215867648655985,0.0,0.0
Combined,ENV_ULS / Left Exterior Girder / Max / set 1,1.080 m,beta,1.196256924012772,1.1962569240127836,1.1546319456101628e-14,9.652039812125042e-15
Combined,ENV_ULS / Left Exterior Girder / Max / set 1,1.080 m,theta deg,43.05840781387264,43.05840781387245,1.9184653865522705e-13,4.455495416470519e-15
Combined,ENV_ULS / Left Exterior Girder / Max / set 1,1.080 m,Vc kN,143.82389519883412,143.8238951988393,5.172751116333529e-12,3.596586720991044e-14
Combined,ENV_ULS / Left Exterior Girder / Max / set 1,1.080 m,At torsion mm2/mm,0.944824829895772,0.9448248298957658,6.217248937900877e-15,6.580319167296621e-15
Combined,ENV_ULS / Left Exterior Girder / Max / set 1,1.080 m,Combined transverse mm2/mm,3.158909003058949,3.158909003058917,3.197442310920451e-14,1.0121982962548843e-14
Combined,ENV_ULS / Left Exterior Girder / Max / set 1,1.080 m,Vs allocated kN,167.81645599479202,167.8164559947986,6.565414878423326e-12,3.912259283217624e-14
Combined,ENV_ULS / Left Exterior Girder / Max / set 1,1.080 m,Vs used kN,167.81645599479202,167.8164559947986,6.565414878423326e-12,3.912259283217624e-14
Combined,ENV_ULS / Left Exterior Girder / Max / set 1,1.080 m,Longitudinal required kN,2704.7437817349964,2704.743781735001,4.547473508864641e-12,1.6812954852039966e-15
Combined,ENV_ULS / Left Exterior Girder / Max / set 1,1.080 m,Longitudinal resistance kN,1828.629626372703,1828.6296263727033,4.547473508864641e-13,2.4868204273191594e-16
Combined,ENV_ULS / Left Exterior Girder / Max / set 1,1.080 m,Transverse D/C,1.3965443961508968,1.3965443961508828,1.3988810110276972e-14,1.0016731404194916e-14
Combined,ENV_ULS / Left Exterior Girder / Max / set 1,1.080 m,Longitudinal D/C,1.4791096801270616,1.4791096801270636,1.9984014443252818e-15,1.3510840143738416e-15
Combined,ENV_ULS / Left Exterior Girder / Max / set 1,1.080 m,Conservative Veff D/C,0.6847245422208088,0.6847245422208088,0.0,0.0
Combined,ENV_ULS / Left Exterior Girder / Max / set 1,18.920 m,beta,1.2840261664894588,1.2840261664894803,2.1538326677728037e-14,1.6774055887516443e-14
Combined,ENV_ULS / Left Exterior Girder / Max / set 1,18.920 m,theta deg,41.7784606871176,41.7784606871173,2.984279490192421e-13,7.143105421097157e-15
Combined,ENV_ULS / Left Exterior Girder / Max / set 1,18.920 m,Vc kN,154.37623899577028,154.3762389957769,6.622258297284134e-12,4.289687545416424e-14
Combined,ENV_ULS / Left Exterior Girder / Max / set 1,18.920 m,At torsion mm2/mm,0.1739037768846986,0.17390377688469685,1.7486012637846216e-15,1.0054993026080129e-14
Combined,ENV_ULS / Left Exterior Girder / Max / set 1,18.920 m,Combined transverse mm2/mm,3.150537375820532,3.150537375820485,4.707345624410664e-14,1.49414054267004e-14
Combined,ENV_ULS / Left Exterior Girder / Max / set 1,18.920 m,Vs allocated kN,902.4077513105163,902.4077513105273,1.0913936421275139e-11,1.209424055303748e-14
Combined,ENV_ULS / Left Exterior Girder / Max / set 1,18.920 m,Vs used kN,902.4077513105163,902.4077513105273,1.0913936421275139e-11,1.209424055303748e-14
Combined,ENV_ULS / Left Exterior Girder / Max / set 1,18.920 m,Longitudinal required kN,2764.967810376328,2764.967810376334,5.9117155615240335e-12,2.1380775354196265e-15
Combined,ENV_ULS / Left Exterior Girder / Max / set 1,18.920 m,Longitudinal resistance kN,1828.6296263727024,1828.6296263727027,2.2737367544323206e-13,1.2434102136595802e-16
Combined,ENV_ULS / Left Exterior Girder / Max / set 1,18.920 m,Transverse D/C,1.3928433243266831,1.3928433243266627,2.042810365310288e-14,1.4666476333925328e-14
Combined,ENV_ULS / Left Exterior Girder / Max / set 1,18.920 m,Longitudinal D/C,1.512043647603457,1.5120436476034602,3.1086244689504383e-15,2.055909215238268e-15
Combined,ENV_ULS / Left Exterior Girder / Max / set 1,18.920 m,Conservative Veff D/C,0.618832351808987,0.618832351808987,0.0,0.0
Combined,ENV_ULS / Left Exterior Girder / Min / set 1,1.080 m,beta,1.3168196778195418,1.3168196778195511,9.325873406851315e-15,7.082118807864045e-15
Combined,ENV_ULS / Left Exterior Girder / Min / set 1,1.080 m,theta deg,41.344014732848166,41.34401473284805,1.1368683772161603e-13,2.7497774092870377e-15
Combined,ENV_ULS / Left Exterior Girder / Min / set 1,1.080 m,Vc kN,158.31894598627065,158.3189459862759,5.258016244624741e-12,3.321154149851743e-14
Combined,ENV_ULS / Left Exterior Girder / Min / set 1,1.080 m,At torsion mm2/mm,0.1597944058727955,0.15979440587279486,6.38378239159465e-16,3.99499741979484e-15
Combined,ENV_ULS / Left Exterior Girder / Min / set 1,1.080 m,Combined transverse mm2/mm,3.110508291285186,3.1105082912851625,2.353672812205332e-14,7.566843074489505e-15
Combined,ENV_ULS / Left Exterior Girder / Min / set 1,1.080 m,Vs allocated kN,929.8062302312431,929.8062302312476,4.433786671143025e-12,4.768506089747667e-15
Combined,ENV_ULS / Left Exterior Girder / Min / set 1,1.080 m,Vs used kN,929.8062302312431,929.8062302312476,4.433786671143025e-12,4.768506089747667e-15
Combined,ENV_ULS / Left Exterior Girder / Min / set 1,1.080 m,Longitudinal required kN,2008.8664898254297,2008.8664898254322,2.5011104298755527e-12,1.2450356669013358e-15
Combined,ENV_ULS / Left Exterior Girder / Min / set 1,1.080 m,Longitudinal resistance kN,1828.629626372703,1828.6296263727033,4.547473508864641e-13,2.4868204273191594e-16
Combined,ENV_ULS / Left Exterior Girder / Min / set 1,1.080 m,Transverse D/C,1.3751465835732288,1.3751465835732184,1.0436096431476471e-14,7.589079270632396e-15
Combined,ENV_ULS / Left Exterior Girder / Min / set 1,1.080 m,Longitudinal D/C,1.098563897715169,1.0985638977151702,1.1102230246251565e-15,1.0106130621388846e-15
Combined,ENV_ULS / Left Exterior Girder / Min / set 1,1.080 m,Conservative Veff D/C,0.6248914826735742,0.6248914826735742,0.0,0.0
Combined,ENV_ULS / Left Exterior Girder / Min / set 1,18.920 m,beta,1.075875771112643,1.075875771112657,1.3988810110276972e-14,1.3002254057464203e-14
Combined,ENV_ULS / Left Exterior Girder / Min / set 1,18.920 m,theta deg,45.15358098779487,45.1535809877946,2.7000623958883807e-13,5.979730370927238e-15
Combined,ENV_ULS / Left Exterior Girder / Min / set 1,18.920 m,Vc kN,129.3506779734364,129.35067797344144,5.030642569181509e-12,3.889150523211337e-14
Combined,ENV_ULS / Left Exterior Girder / Min / set 1,18.920 m,At torsion mm2/mm,1.1576675257093527,1.1576675257093418,1.0880185641326534e-14,9.398368184043064e-15
Combined,ENV_ULS / Left Exterior Girder / Min / set 1,18.920 m,Combined transverse mm2/mm,3.635585894665339,3.6355858946652924,4.6629367034256575e-14,1.2825819107362741e-14
Combined,ENV_ULS / Left Exterior Girder / Min / set 1,18.920 m,Vs allocated kN,0.0,0.0,0.0,0.0
Combined,ENV_ULS / Left Exterior Girder / Min / set 1,18.920 m,Vs used kN,0.0,0.0,0.0,0.0
Combined,ENV_ULS / Left Exterior Girder / Min / set 1,18.920 m,Longitudinal required kN,1866.9992867529324,1866.999286752943,1.0459189070388675e-11,5.6021387606307765e-15
Combined,ENV_ULS / Left Exterior Girder / Min / set 1,18.920 m,Longitudinal resistance kN,1828.6296263727024,1828.6296263727027,2.2737367544323206e-13,1.2434102136595802e-16
Combined,ENV_ULS / Left Exterior Girder / Min / set 1,18.920 m,Transverse D/C,1.607281850475443,1.6072818504754223,2.0650148258027912e-14,1.284786999362915e-14
Combined,ENV_ULS / Left Exterior Girder / Min / set 1,18.920 m,Longitudinal D/C,1.0209827402043905,1.020982740204396,5.551115123125783e-15,5.437031307712876e-15
Combined,ENV_ULS / Left Exterior Girder / Min / set 1,18.920 m,Conservative Veff D/C,0.757846991596389,0.7578469915963891,1.1102230246251565e-16,1.4649698909360246e-16
Combined,ENV_ULS / Left Exterior Girder / Max / set 2,1.080 m,beta,1.145427460732091,1.1454274607320964,5.551115123125783e-15,4.846326208713212e-15
Combined,ENV_ULS / Left Exterior Girder / Max / set 2,1.080 m,theta deg,43.88935129861174,43.88935129861165,9.237055564881302e-14,2.104623397606129e-15
Combined,ENV_ULS / Left Exterior Girder / Max / set 2,1.080 m,Vc kN,137.7127569866756,137.71275698667986,4.263256414560601e-12,3.095759977394804e-14
Combined,ENV_ULS / Left Exterior Girder / Max / set 2,1.080 m,At torsion mm2/mm,1.0280657295763054,1.0280657295763023,3.1086244689504383e-15,3.0237604265163074e-15
Combined,ENV_ULS / Left Exterior Girder / Max / set 2,1.080 m,Combined transverse mm2/mm,3.3367317195544066,3.336731719554387,1.9539925233402755e-14,5.856007277687961e-15
Combined,ENV_ULS / Left Exterior Girder / Max / set 2,1.080 m,Vs allocated kN,90.117114693831,90.11711469383401,3.0127011996228248e-12,3.34309549285754e-14
Combined,ENV_ULS / Left Exterior Girder / Max / set 2,1.080 m,Vs used kN,90.117114693831,90.11711469383401,3.0127011996228248e-12,3.34309549285754e-14
Combined,ENV_ULS / Left Exterior Girder / Max / set 2,1.080 m,Longitudinal required kN,2720.917351385188,2720.91735138519,2.2737367544323206e-12,8.35650797432265e-16
Combined,ENV_ULS / Left Exterior Girder / Max / set 2,1.080 m,Longitudinal resistance kN,1828.629626372703,1828.6296263727033,4.547473508864641e-13,2.4868204273191594e-16
Combined,ENV_ULS / Left Exterior Girder / Max / set 2,1.080 m,Transverse D/C,1.475159297051677,1.4751592970516683,8.659739592076221e-15,5.870375904069504e-15
Combined,ENV_ULS / Left Exterior Girder / Max / set 2,1.080 m,Longitudinal D/C,1.4879543195318563,1.4879543195318572,8.881784197001252e-16,5.969124240182088e-16
Combined,ENV_ULS / Left Exterior Girder / Max / set 2,1.080 m,Conservative Veff D/C,0.7137248290004732,0.7137248290004732,0.0,0.0
Combined,ENV_ULS / Left Exterior Girder / Max / set 2,18.920 m,beta,1.2695976132221498,1.2695976132221645,1.4654943925052066e-14,1.1542983203834698e-14
Combined,ENV_ULS / Left Exterior Girder / Max / set 2,18.920 m,theta deg,41.97671873884805,41.97671873884785,1.9895196601282805e-13,4.73957879486911e-15
Combined,ENV_ULS / Left Exterior Girder / Max / set 2,18.920 m,Vc kN,152.6415190611703,152.641519061176,5.7127635955112055e-12,3.742601377821477e-14
Combined,ENV_ULS / Left Exterior Girder / Max / set 2,18.920 m,At torsion mm2/mm,0.1884195827884443,0.18841958278844298,1.3322676295501878e-15,7.070749281119333e-15
Combined,ENV_ULS / Left Exterior Girder / Max / set 2,18.920 m,Combined transverse mm2/mm,3.2770989549007385,3.2770989549007026,3.597122599785507e-14,1.0976545564503717e-14
Combined,ENV_ULS / Left Exterior Girder / Max / set 2,18.920 m,Vs allocated kN,882.5553546010815,882.555354601089,7.503331289626658e-12,8.501825126898844e-15
Combined,ENV_ULS / Left Exterior Girder / Max / set 2,18.920 m,Vs used kN,882.5553546010815,882.555354601089,7.503331289626658e-12,8.501825126898844e-15
Combined,ENV_ULS / Left Exterior Girder / Max / set 2,18.920 m,Longitudinal required kN,2803.054313740321,2803.054313740326,5.002220859751105e-12,1.7845608039882273e-15
Combined,ENV_ULS / Left Exterior Girder / Max / set 2,18.920 m,Longitudinal resistance kN,1828.6296263727024,1828.6296263727027,2.2737367544323206e-13,1.2434102136595802e-16
Combined,ENV_ULS / Left Exterior Girder / Max / set 2,18.920 m,Transverse D/C,1.4487958268714909,1.448795826871475,1.5987211554602254e-14,1.1034827170316322e-14
Combined,ENV_ULS / Left Exterior Girder / Max / set 2,18.920 m,Longitudinal D/C,1.532871541242883,1.5328715412428853,2.220446049250313e-15,1.4485532476191238e-15
Combined,ENV_ULS / Left Exterior Girder / Max / set 2,18.920 m,Conservative Veff D/C,0.6346368155881321,0.6346368155881321,0.0,0.0
Combined,ENV_ULS / Left Exterior Girder / Min / set 2,1.080 m,beta,1.350226174361474,1.3502261743614805,6.439293542825908e-15,4.769048078830969e-15
Combined,ENV_ULS / Left Exterior Girder / Min / set 2,1.080 m,theta deg,40.92314652562538,40.9231465256253,7.815970093361102e-14,1.9099142556076157e-15
Combined,ENV_ULS / Left Exterior Girder / Min / set 2,1.080 m,Vc kN,162.33535112563666,162.33535112564167,5.002220859751105e-12,3.0814119198717035e-14
Combined,ENV_ULS / Left Exterior Girder / Min / set 2,1.080 m,At torsion mm2/mm,0.1439667369266526,0.14396673692665227,3.3306690738754696e-16,2.3134990380259635e-15
Combined,ENV_ULS / Left Exterior Girder / Min / set 2,1.080 m,Combined transverse mm2/mm,2.9632362726208576,2.9632362726208394,1.8207657603852567e-14,6.144517658643795e-15
Combined,ENV_ULS / Left Exterior Girder / Min / set 2,1.080 m,Vs allocated kN,959.0740068211315,959.0740068211346,3.069544618483633e-12,3.200529465559895e-15
Combined,ENV_ULS / Left Exterior Girder / Min / set 2,1.080 m,Vs used kN,959.0740068211315,959.0740068211346,3.069544618483633e-12,3.200529465559895e-15
Combined,ENV_ULS / Left Exterior Girder / Min / set 2,1.080 m,Longitudinal required kN,1966.7889303929092,1966.788930392911,1.8189894035458565e-12,9.248523699909537e-16
Combined,ENV_ULS / Left Exterior Girder / Min / set 2,1.080 m,Longitudinal resistance kN,1828.629626372703,1828.6296263727033,4.547473508864641e-13,2.4868204273191594e-16
Combined,ENV_ULS / Left Exterior Girder / Min / set 2,1.080 m,Transverse D/C,1.3100380564911462,1.3100380564911382,7.993605777301127e-15,6.101811880726229e-15
Combined,ENV_ULS / Left Exterior Girder / Min / set 2,1.080 m,Longitudinal D/C,1.0755534647517777,1.0755534647517784,6.661338147750939e-16,6.1934049455070805e-16
Combined,ENV_ULS / Left Exterior Girder / Min / set 2,1.080 m,Conservative Veff D/C,0.6102030003278267,0.6102030003278267,0.0,0.0
Combined,ENV_ULS / Left Exterior Girder / Min / set 2,18.920 m,beta,1.123297018747114,1.1232970187471183,4.218847493575595e-15,3.755772002565388e-15
Combined,ENV_ULS / Left Exterior Girder / Min / set 2,18.920 m,theta deg,44.27463080511348,44.274630805113404,7.815970093361102e-14,1.7653382876901174e-15
Combined,ENV_ULS / Left Exterior Girder / Min / set 2,18.920 m,Vc kN,135.05205232962385,135.0520523296279,4.064304448547773e-12,3.0094355312926555e-14
Combined,ENV_ULS / Left Exterior Girder / Min / set 2,18.920 m,At torsion mm2/mm,1.0655102001495649,1.0655102001495622,2.6645352591003757e-15,2.5007130468824826e-15
Combined,ENV_ULS / Left Exterior Girder / Min / set 2,18.920 m,Combined transverse mm2/mm,3.434072836760325,3.4340728367603077,1.7319479184152442e-14,5.043422200820754e-15
Combined,ENV_ULS / Left Exterior Girder / Min / set 2,18.920 m,Vs allocated kN,56.560452206832025,56.56045220683447,2.4442670110147446e-12,4.3215124979488624e-14
Combined,ENV_ULS / Left Exterior Girder / Min / set 2,18.920 m,Vs used kN,56.560452206832025,56.56045220683447,2.4442670110147446e-12,4.3215124979488624e-14
Combined,ENV_ULS / Left Exterior Girder / Min / set 2,18.920 m,Longitudinal required kN,1853.9102759352595,1853.9102759352613,1.8189894035458565e-12,9.811636664175735e-16
Combined,ENV_ULS / Left Exterior Girder / Min / set 2,18.920 m,Longitudinal resistance kN,1828.6296263727024,1828.6296263727027,2.2737367544323206e-13,1.2434102136595802e-16
Combined,ENV_ULS / Left Exterior Girder / Min / set 2,18.920 m,Transverse D/C,1.5181935191889255,1.5181935191889178,7.771561172376096e-15,5.118952935939278e-15
Combined,ENV_ULS / Left Exterior Girder / Min / set 2,18.920 m,Longitudinal D/C,1.013824915225017,1.0138249152250178,8.881784197001252e-16,8.760668694978704e-16
Combined,ENV_ULS / Left Exterior Girder / Min / set 2,18.920 m,Conservative Veff D/C,0.7271712503083981,0.7271712503083981,0.0,0.0
