check,case,x,equation_quantity,stored,independent,abs_error,rel_error
Shear,ENV_ULS / Left Exterior Girder / Max / set 1,0.000 m,beta,1.4047905412132131,1.4047905412132204,7.327471962526033e-15,5.216060151001445e-15
Shear,ENV_ULS / Left Exterior Girder / Max / set 1,0.000 m,theta deg,40.27877099313904,40.27877099313895,9.237055564881302e-14,2.2932813830031542e-15
Shear,ENV_ULS / Left Exterior Girder / Max / set 1,0.000 m,Vc kN,197.0447853690944,197.04478536910062,6.224354365258478e-12,3.158852620027032e-14
Shear,ENV_ULS / Left Exterior Girder / Max / set 1,0.000 m,Vs kN,1311.6450104019257,1311.6450104019987,7.298694981727749e-11,5.5645353154591833e-14
Shear,ENV_ULS / Left Exterior Girder / Max / set 1,0.000 m,phiVn kN,1282.386326405367,1282.3863264054344,6.730260793119669e-11,5.2482318740755624e-14
Shear,ENV_ULS / Left Exterior Girder / Min / set 1,0.000 m,beta,0.8727272727272727,0.8727272727272727,0.0,0.0
Shear,ENV_ULS / Left Exterior Girder / Min / set 1,0.000 m,theta deg,50.0,50.0,0.0,0.0
Shear,ENV_ULS / Left Exterior Girder / Min / set 1,0.000 m,Vc kN,122.41423407633856,122.41423407634177,3.211653165635653e-12,2.6235945434521564e-14
Shear,ENV_ULS / Left Exterior Girder / Min / set 1,0.000 m,Vs kN,932.6765369020106,932.6765369020596,4.899902705801651e-11,5.2535927644078705e-14
Shear,ENV_ULS / Left Exterior Girder / Min / set 1,0.000 m,phiVn kN,896.8271553315968,896.8271553316412,4.433786671143025e-11,4.9438586295967344e-14
Shear,ENV_ULS / Left Exterior Girder / Max / set 1,1.000 m,beta,2.053532640270013,2.0535326402700322,1.9095836023552692e-14,9.299017531584819e-15
Shear,ENV_ULS / Left Exterior Girder / Max / set 1,1.000 m,theta deg,35.2413654535604,35.2413654535603,9.947598300641403e-14,2.82270512865058e-15
Shear,ENV_ULS / Left Exterior Girder / Max / set 1,1.000 m,Vc kN,298.47006661533806,298.4700666153487,1.0629719326971099e-11,3.561402135735802e-14
Shear,ENV_ULS / Left Exterior Girder / Max / set 1,1.000 m,Vs kN,1630.2288948117855,1630.2288948118767,9.117684385273606e-11,5.5928860139150935e-14
Shear,ENV_ULS / Left Exterior Girder / Max / set 1,1.000 m,phiVn kN,1639.394117213055,1639.3941172131415,8.640199666842818e-11,5.270361517174754e-14
Shear,ENV_ULS / Left Exterior Girder / Min / set 1,1.000 m,beta,1.362054639253124,1.3620546392531507,2.6645352591003757e-14,1.9562616522942195e-14
Shear,ENV_ULS / Left Exterior Girder / Min / set 1,1.000 m,theta deg,40.77907593018167,40.77907593018135,3.197442310920451e-13,7.840889568941813e-15
Shear,ENV_ULS / Left Exterior Girder / Min / set 1,1.000 m,Vc kN,197.96741037345112,197.96741037346013,9.00968188943807e-12,4.5510934716181574e-14
Shear,ENV_ULS / Left Exterior Girder / Min / set 1,1.000 m,Vs kN,1335.3164538759347,1335.3164538760195,8.481038094032556e-11,6.351331977835418e-14
Shear,ENV_ULS / Left Exterior Girder / Min / set 1,1.000 m,phiVn kN,1303.291284611978,1303.2912846120576,7.958078640513122e-11,6.106139689932748e-14
Shear,ENV_ULS / Left Exterior Girder / Max / set 2,1.000 m,beta,2.0743711746850173,2.074371174685052,3.4638958368304884e-14,1.669853437563509e-14
Shear,ENV_ULS / Left Exterior Girder / Max / set 2,1.000 m,theta deg,35.131786509583875,35.1317865095837,1.7763568394002505e-13,5.0562667483922946e-15
Shear,ENV_ULS / Left Exterior Girder / Max / set 2,1.000 m,Vc kN,301.49883695628307,301.4988369562959,1.2846612662542611e-11,4.260916158825782e-14
Shear,ENV_ULS / Left Exterior Girder / Max / set 2,1.000 m,Vs kN,1636.8626684554254,1636.8626684555218,9.640643838793039e-11,5.889708418782357e-14
Shear,ENV_ULS / Left Exterior Girder / Max / set 2,1.000 m,phiVn kN,1647.6072795999523,1647.607279600045,9.276845958083868e-11,5.6304958547742106e-14
Shear,ENV_ULS / Left Exterior Girder / Min / set 2,1.000 m,beta,1.3921036727206884,1.3921036727206904,1.9984014443252818e-15,1.4355263070455516e-15
Shear,ENV_ULS / Left Exterior Girder / Min / set 2,1.000 m,theta deg,40.424088956599576,40.42408895659955,2.842170943040401e-14,7.030884347429169e-16
Shear,ENV_ULS / Left Exterior Girder / Min / set 2,1.000 m,Vc kN,202.3348778511588,202.33487785116432,5.5138116294983774e-12,2.7250920296372662e-14
Shear,ENV_ULS / Left Exterior Girder / Min / set 2,1.000 m,Vs kN,1352.1653519474187,1352.1653519474908,7.207745511550456e-11,5.3305207836965473e-14
Shear,ENV_ULS / Left Exterior Girder / Min / set 2,1.000 m,phiVn kN,1321.3251953287909,1321.3251953288568,6.59383658785373e-11,4.9903207864076405e-14
Shear,ENV_ULS / Left Exterior Girder / Max / set 1,2.000 m,beta,2.2355473306717046,2.235547330671777,7.238654120556021e-14,3.2379784678416186e-14
Shear,ENV_ULS / Left Exterior Girder / Max / set 1,2.000 m,theta deg,34.35325091354828,34.35325091354795,3.268496584496461e-13,9.514373451065319e-15
Shear,ENV_ULS / Left Exterior Girder / Max / set 1,2.000 m,Vc kN,330.5522473877883,330.55224738780777,1.944044925039634e-11,5.881203169551764e-14
Shear,ENV_ULS / Left Exterior Girder / Max / set 1,2.000 m,Vs kN,1142.826053073317,1142.8260530733908,7.366907084360719e-11,6.44621905892762e-14
Shear,ENV_ULS / Left Exterior Girder / Max / set 1,2.000 m,phiVn kN,1252.3715553919396,1252.3715553920188,7.912603905424476e-11,6.318096152341677e-14
Shear,ENV_ULS / Left Exterior Girder / Min / set 1,2.000 m,beta,2.5052793479854807,2.5052793479855433,6.261657858885883e-14,2.4993850940897213e-14
Shear,ENV_ULS / Left Exterior Girder / Min / set 1,2.000 m,theta deg,33.27445202255738,33.27445202255715,2.2737367544323206e-13,6.833280839278517e-15
Shear,ENV_ULS / Left Exterior Girder / Min / set 1,2.000 m,Vc kN,370.43533252413437,370.4353325241533,1.892885848064907e-11,5.109895525264146e-14
Shear,ENV_ULS / Left Exterior Girder / Min / set 1,2.000 m,Vs kN,1190.3290242090877,1190.3290242091605,7.275957614183426e-11,6.11256002853285e-14
Shear,ENV_ULS / Left Exterior Girder / Min / set 1,2.000 m,phiVn kN,1326.6497032232387,1326.6497032233167,7.79891706770286e-11,5.878655871820639e-14
Shear,ENV_ULS / Left Exterior Girder / Max / set 2,2.000 m,beta,2.247569197853984,2.2475691978540535,6.972200594645983e-14,3.1021072015504303e-14
Shear,ENV_ULS / Left Exterior Girder / Max / set 2,2.000 m,theta deg,34.29965607053221,34.2996560705319,3.055333763768431e-13,8.90776793063351e-15
Shear,ENV_ULS / Left Exterior Girder / Max / set 2,2.000 m,Vc kN,332.3298233578332,332.3298233578522,1.8985701899509877e-11,5.7129094547335e-14
Shear,ENV_ULS / Left Exterior Girder / Max / set 2,2.000 m,Vs kN,1145.1238632893844,1145.123863289458,7.366907084360719e-11,6.433284049464047e-14
Shear,ENV_ULS / Left Exterior Girder / Max / set 2,2.000 m,phiVn kN,1255.835633650135,1255.8356336502138,7.889866537880152e-11,6.282563041269545e-14
Shear,ENV_ULS / Left Exterior Girder / Min / set 2,2.000 m,beta,2.588088405142489,2.5880884051425825,9.370282327836321e-14,3.620541828948882e-14
Shear,ENV_ULS / Left Exterior Girder / Min / set 2,2.000 m,theta deg,32.98836998335332,32.988369983352996,3.268496584496461e-13,9.908026938420572e-15
Shear,ENV_ULS / Left Exterior Girder / Min / set 2,2.000 m,Vc kN,382.67963599816915,382.679635998193,2.3874235921539366e-11,6.238700384269232e-14
Shear,ENV_ULS / Left Exterior Girder / Min / set 2,2.000 m,Vs kN,1203.3855266835262,1203.385526683604,7.776179700158536e-11,6.461918917696159e-14
Shear,ENV_ULS / Left Exterior Girder / Min / set 2,2.000 m,phiVn kN,1348.155388279441,1348.1553882795274,8.640199666842818e-11,6.408904894760806e-14
Shear,ENV_ULS / Left Exterior Girder / Max / set 1,3.000 m,beta,2.64172402751283,2.6417240275129243,9.414691248821327e-14,3.563843592581802e-14
Shear,ENV_ULS / Left Exterior Girder / Max / set 1,3.000 m,theta deg,32.8126444826851,32.8126444826848,2.984279490192421e-13,9.094906970290742e-15
Shear,ENV_ULS / Left Exterior Girder / Max / set 1,3.000 m,Vc kN,395.4297359462764,395.42973594630087,2.4442670110147446e-11,6.18129287916444e-14
Shear,ENV_ULS / Left Exterior Girder / Max / set 1,3.000 m,Vs kN,1226.4533002368898,1226.4533002369685,7.867129170335829e-11,6.414536263888552e-14
Shear,ENV_ULS / Left Exterior Girder / Max / set 1,3.000 m,phiVn kN,1378.6005807556912,1378.6005807557788,8.753886504564434e-11,6.349835207355973e-14
Shear,ENV_ULS / Left Exterior Girder / Min / set 1,3.000 m,beta,4.799872145622415,4.799872145622415,0.0,0.0
Shear,ENV_ULS / Left Exterior Girder / Min / set 1,3.000 m,theta deg,29.000124306178154,29.000124306178154,0.0,0.0
Shear,ENV_ULS / Left Exterior Girder / Min / set 1,3.000 m,Vc kN,718.4748124149546,718.4748124149735,1.887201506178826e-11,2.6266773358908297e-14
Shear,ENV_ULS / Left Exterior Girder / Min / set 1,3.000 m,Vs kN,1426.5946022990506,1426.5946022991257,7.503331289626658e-11,5.2596100374515324e-14
Shear,ENV_ULS / Left Exterior Girder / Min / set 1,3.000 m,phiVn kN,1823.309002506904,1823.3090025069844,8.026290743146092e-11,4.402046352050163e-14
Shear,ENV_ULS / Left Exterior Girder / Max / set 2,3.000 m,beta,2.65022775900516,2.650227759005219,5.861977570020827e-14,2.2118769038254887e-14
Shear,ENV_ULS / Left Exterior Girder / Max / set 2,3.000 m,theta deg,32.78543709078869,32.7854370907885,1.9184653865522705e-13,5.851577885753699e-15
Shear,ENV_ULS / Left Exterior Girder / Max / set 2,3.000 m,Vc kN,396.70262753659745,396.7026275366166,1.91562321560923e-11,4.8288644506959144e-14
Shear,ENV_ULS / Left Exterior Girder / Max / set 2,3.000 m,Vs kN,1227.7330081172788,1227.7330081173518,7.298694981727749e-11,5.944855219719e-14
Shear,ENV_ULS / Left Exterior Girder / Max / set 2,3.000 m,phiVn kN,1380.7702903057946,1380.770290305873,7.844391802791506e-11,5.6811707623386e-14
Shear,ENV_ULS / Left Exterior Girder / Min / set 2,3.000 m,beta,4.8,4.8,0.0,0.0
Shear,ENV_ULS / Left Exterior Girder / Min / set 2,3.000 m,theta deg,29.0,29.0,0.0,0.0
Shear,ENV_ULS / Left Exterior Girder / Min / set 2,3.000 m,Vc kN,718.4939504559616,718.4939504559803,1.8758328224066645e-11,2.6107844348810426e-14
Shear,ENV_ULS / Left Exterior Girder / Min / set 2,3.000 m,Vs kN,1426.6019015902962,1426.6019015903712,7.503331289626658e-11,5.259583126352186e-14
Shear,ENV_ULS / Left Exterior Girder / Min / set 2,3.000 m,phiVn kN,1823.331474239319,1823.3314742393986,7.958078640513122e-11,4.364581401104168e-14
Shear,ENV_ULS / Left Exterior Girder / Max / set 1,4.000 m,beta,2.5454731001307564,2.5454731001308386,8.215650382226158e-14,3.227553409149706e-14
Shear,ENV_ULS / Left Exterior Girder / Max / set 1,4.000 m,theta deg,33.13326918763458,33.1332691876343,2.8421709430404007e-13,8.577997320291986e-15
Shear,ENV_ULS / Left Exterior Girder / Max / set 1,4.000 m,Vc kN,385.1474172784599,385.14741727848235,2.2453150450019166e-11,5.829754904934057e-14
Shear,ENV_ULS / Left Exterior Girder / Max / set 1,4.000 m,Vs kN,1224.6296308977867,1224.6296308978642,7.753442332614213e-11,6.331254884735727e-14
Shear,ENV_ULS / Left Exterior Girder / Max / set 1,4.000 m,phiVn kN,1368.3104909498093,1368.3104909498945,8.526512829121202e-11,6.231416689060107e-14
Shear,ENV_ULS / Left Exterior Girder / Min / set 1,4.000 m,beta,4.8,4.8,0.0,0.0
Shear,ENV_ULS / Left Exterior Girder / Min / set 1,4.000 m,theta deg,29.0,29.0,0.0,0.0
Shear,ENV_ULS / Left Exterior Girder / Min / set 1,4.000 m,Vc kN,726.2726928214807,726.2726928214997,1.8985701899509877e-11,2.6141285617874804e-14
Shear,ENV_ULS / Left Exterior Girder / Min / set 1,4.000 m,Vs kN,1442.0469427678713,1442.046942767947,7.571543392259628e-11,5.250552646869023e-14
Shear,ENV_ULS / Left Exterior Girder / Min / set 1,4.000 m,phiVn kN,1843.071690250949,1843.0716902510298,8.094502845779061e-11,4.391854580912463e-14
Shear,ENV_ULS / Left Exterior Girder / Max / set 2,4.000 m,beta,2.550946041066793,2.550946041066864,7.105427357601002e-14,2.785408724141162e-14
Shear,ENV_ULS / Left Exterior Girder / Max / set 2,4.000 m,theta deg,33.114389317815245,33.114389317815,2.4868995751603507e-13,7.510026989452708e-15
Shear,ENV_ULS / Left Exterior Girder / Max / set 2,4.000 m,Vc kN,385.9755105183075,385.97551051832824,2.0747847884194925e-11,5.3754311656541496e-14
Shear,ENV_ULS / Left Exterior Girder / Max / set 2,4.000 m,Vs kN,1225.5117076859237,1225.511707686,7.617018127348274e-11,6.215377690459326e-14
Shear,ENV_ULS / Left Exterior Girder / Max / set 2,4.000 m,phiVn kN,1369.7641354735963,1369.7641354736788,8.253664418589324e-11,6.025609960750739e-14
Shear,ENV_ULS / Left Exterior Girder / Min / set 2,4.000 m,beta,4.8,4.8,0.0,0.0
Shear,ENV_ULS / Left Exterior Girder / Min / set 2,4.000 m,theta deg,29.0,29.0,0.0,0.0
Shear,ENV_ULS / Left Exterior Girder / Min / set 2,4.000 m,Vc kN,726.2726928214807,726.2726928214997,1.8985701899509877e-11,2.6141285617874804e-14
Shear,ENV_ULS / Left Exterior Girder / Min / set 2,4.000 m,Vs kN,1442.0469427678713,1442.046942767947,7.571543392259628e-11,5.250552646869023e-14
Shear,ENV_ULS / Left Exterior Girder / Min / set 2,4.000 m,phiVn kN,1843.071690250949,1843.0716902510298,8.094502845779061e-11,4.391854580912463e-14
Shear,ENV_ULS / Left Exterior Girder / Max / set 1,5.000 m,beta,2.4777969561624564,2.4777969561625373,8.08242361927114e-14,3.2619394414741355e-14
Shear,ENV_ULS / Left Exterior Girder / Max / set 1,5.000 m,theta deg,33.37362210448934,33.37362210448905,2.913225216616411e-13,8.729125078169312e-15
Shear,ENV_ULS / Left Exterior Girder / Max / set 1,5.000 m,Vc kN,379.67836046878773,379.6783604688101,2.2396307031158358e-11,5.898757833737057e-14
Shear,ENV_ULS / Left Exterior Girder / Max / set 1,5.000 m,Vs kN,921.6895098860662,921.6895098861247,5.854872142663226e-11,6.352325897022088e-14
Shear,ENV_ULS / Left Exterior Girder / Max / set 1,5.000 m,phiVn kN,1106.162689801626,1106.1626898016946,6.866684998385608e-11,6.207662816413218e-14
Shear,ENV_ULS / Left Exterior Girder / Min / set 1,5.000 m,beta,4.8,4.8,0.0,0.0
Shear,ENV_ULS / Left Exterior Girder / Min / set 1,5.000 m,theta deg,29.0,29.0,0.0,0.0
Shear,ENV_ULS / Left Exterior Girder / Min / set 1,5.000 m,Vc kN,735.5147183136228,735.5147183136421,1.9326762412674725e-11,2.6276513482947468e-14
Shear,ENV_ULS / Left Exterior Girder / Min / set 1,5.000 m,Vs kN,1095.2980485722746,1095.2980485723322,5.752553988713771e-11,5.2520444058235525e-14
Shear,ENV_ULS / Left Exterior Girder / Min / set 1,5.000 m,phiVn kN,1556.190851853013,1556.1908518530781,6.502887117676437e-11,4.1787208233057925e-14
Shear,ENV_ULS / Left Exterior Girder / Max / set 2,5.000 m,beta,2.482266808781993,2.482266808781994,8.881784197001252e-16,3.5780940894743675e-16
Shear,ENV_ULS / Left Exterior Girder / Max / set 2,5.000 m,theta deg,33.3573431298432,33.3573431298432,0.0,0.0
Shear,ENV_ULS / Left Exterior Girder / Max / set 2,5.000 m,Vc kN,380.36328596678,380.36328596678993,9.947598300641403e-12,2.6152887693556056e-14
Shear,ENV_ULS / Left Exterior Girder / Max / set 2,5.000 m,Vs kN,922.2598035836704,922.2598035837187,4.831690603168681e-11,5.238969089180391e-14
Shear,ENV_ULS / Left Exterior Girder / Max / set 2,5.000 m,phiVn kN,1107.2296261178826,1107.2296261179324,4.979483492206782e-11,4.4972455349351453e-14
Shear,ENV_ULS / Left Exterior Girder / Min / set 2,5.000 m,beta,4.8,4.8,0.0,0.0
Shear,ENV_ULS / Left Exterior Girder / Min / set 2,5.000 m,theta deg,29.0,29.0,0.0,0.0
Shear,ENV_ULS / Left Exterior Girder / Min / set 2,5.000 m,Vc kN,735.5147183136228,735.5147183136421,1.9326762412674725e-11,2.6276513482947468e-14
Shear,ENV_ULS / Left Exterior Girder / Min / set 2,5.000 m,Vs kN,1095.2980485722746,1095.2980485723322,5.752553988713771e-11,5.2520444058235525e-14
Shear,ENV_ULS / Left Exterior Girder / Min / set 2,5.000 m,phiVn kN,1556.190851853013,1556.1908518530781,6.502887117676437e-11,4.1787208233057925e-14
Shear,ENV_ULS / Left Exterior Girder / Max / set 1,6.000 m,beta,2.709896068909316,2.7098960689093814,6.52811138479592e-14,2.4089895770147412e-14
Shear,ENV_ULS / Left Exterior Girder / Max / set 1,6.000 m,theta deg,32.59933299914915,32.59933299914895,1.9895196601282805e-13,6.102945910519763e-15
Shear,ENV_ULS / Left Exterior Girder / Max / set 1,6.000 m,Vc kN,420.7926374113985,420.79263741141966,2.114575181622058e-11,5.0252190595116904e-14
Shear,ENV_ULS / Left Exterior Girder / Max / set 1,6.000 m,Vs kN,962.0599210602486,962.0599210603064,5.775291356258094e-11,6.003047450405194e-14
Shear,ENV_ULS / Left Exterior Girder / Max / set 1,6.000 m,phiVn kN,1175.4246747009,1175.4246747009672,6.730260793119669e-11,5.725812072842417e-14
Shear,ENV_ULS / Left Exterior Girder / Min / set 1,6.000 m,beta,4.8,4.8,0.0,0.0
Shear,ENV_ULS / Left Exterior Girder / Min / set 1,6.000 m,theta deg,29.0,29.0,0.0,0.0
Shear,ENV_ULS / Left Exterior Girder / Min / set 1,6.000 m,Vc kN,745.3439571900806,745.3439571901,1.944044925039634e-11,2.6082520778306992e-14
Shear,ENV_ULS / Left Exterior Girder / Min / set 1,6.000 m,Vs kN,1109.9353439142617,1109.9353439143197,5.7980287238024175e-11,5.223753577712893e-14
Shear,ENV_ULS / Left Exterior Girder / Min / set 1,6.000 m,phiVn kN,1576.9874059386907,1576.9874059387566,6.59383658785373e-11,4.181286776940694e-14
Shear,ENV_ULS / Left Exterior Girder / Max / set 2,6.000 m,beta,2.719511090682374,2.7195110906824187,4.4853010194856324e-14,1.6493041837016802e-14
Shear,ENV_ULS / Left Exterior Girder / Max / set 2,6.000 m,theta deg,32.57010797887428,32.57010797887415,1.3500311979441904e-13,4.14500068228161e-15
Shear,ENV_ULS / Left Exterior Girder / Max / set 2,6.000 m,Vc kN,422.2856579065652,422.2856579065831,1.7905676941154525e-11,4.24018116786613e-14
Shear,ENV_ULS / Left Exterior Girder / Max / set 2,6.000 m,Vs kN,963.1419431924303,963.1419431924859,5.559286364587024e-11,5.772032257426037e-14
Shear,ENV_ULS / Left Exterior Girder / Max / set 2,6.000 m,phiVn kN,1177.613460934146,1177.6134609342084,6.252776074688882e-11,5.309701597439718e-14
Shear,ENV_ULS / Left Exterior Girder / Min / set 2,6.000 m,beta,4.8,4.8,0.0,0.0
Shear,ENV_ULS / Left Exterior Girder / Min / set 2,6.000 m,theta deg,29.0,29.0,0.0,0.0
Shear,ENV_ULS / Left Exterior Girder / Min / set 2,6.000 m,Vc kN,745.3439571900806,745.3439571901,1.944044925039634e-11,2.6082520778306992e-14
Shear,ENV_ULS / Left Exterior Girder / Min / set 2,6.000 m,Vs kN,1109.9353439142617,1109.9353439143197,5.7980287238024175e-11,5.223753577712893e-14
Shear,ENV_ULS / Left Exterior Girder / Min / set 2,6.000 m,phiVn kN,1576.9874059386907,1576.9874059387566,6.59383658785373e-11,4.181286776940694e-14
Shear,ENV_ULS / Left Exterior Girder / Max / set 1,7.000 m,beta,2.925114848514081,2.925114848514156,7.505107646466058e-14,2.5657480253393672e-14
Shear,ENV_ULS / Left Exterior Girder / Max / set 1,7.000 m,theta deg,31.991152311408296,31.9911523114081,1.9539925233402755e-13,6.107915414611303e-15
Shear,ENV_ULS / Left Exterior Girder / Max / set 1,7.000 m,Vc kN,455.7492313436834,455.74923134370687,2.347633198951371e-11,5.1511511978412643e-14
Shear,ENV_ULS / Left Exterior Girder / Max / set 1,7.000 m,Vs kN,988.2736021954577,988.2736021955166,5.88897819397971e-11,5.958854087468234e-14
Shear,ENV_ULS / Left Exterior Girder / Max / set 1,7.000 m,phiVn kN,1227.4194085082695,1227.41940850834,7.048583938740194e-11,5.742604271922185e-14
Shear,ENV_ULS / Left Exterior Girder / Min / set 1,7.000 m,beta,4.8,4.8,0.0,0.0
Shear,ENV_ULS / Left Exterior Girder / Min / set 1,7.000 m,theta deg,29.0,29.0,0.0,0.0
Shear,ENV_ULS / Left Exterior Girder / Min / set 1,7.000 m,Vc kN,747.8668099343002,747.8668099343198,1.9554136088117957e-11,2.6146548861869225e-14
Shear,ENV_ULS / Left Exterior Girder / Min / set 1,7.000 m,Vs kN,1113.6922717075145,1113.6922717075727,5.820766091346741e-11,5.2265479784842455e-14
Shear,ENV_ULS / Left Exterior Girder / Min / set 1,7.000 m,phiVn kN,1582.3252193955425,1582.3252193956087,6.616573955398053e-11,4.181551222399998e-14
Shear,ENV_ULS / Left Exterior Girder / Max / set 2,7.000 m,beta,2.94083159192509,2.9408315919251917,1.0169642905566434e-13,3.45808407849324e-14
Shear,ENV_ULS / Left Exterior Girder / Max / set 2,7.000 m,theta deg,31.950226480668164,31.9502264806679,2.6290081223123707e-13,8.228449096919869e-15
Shear,ENV_ULS / Left Exterior Girder / Max / set 2,7.000 m,Vc kN,458.19798775146404,458.19798775149184,2.779643182293512e-11,6.066467458606734e-14
Shear,ENV_ULS / Left Exterior Girder / Max / set 2,7.000 m,Vs kN,989.8464412777464,989.8464412778083,6.184563972055912e-11,6.248003441899697e-14
Shear,ENV_ULS / Left Exterior Girder / Max / set 2,7.000 m,phiVn kN,1230.8377646748288,1230.837764674905,7.617018127348274e-11,6.188482630251533e-14
Shear,ENV_ULS / Left Exterior Girder / Min / set 2,7.000 m,beta,4.8,4.8,0.0,0.0
Shear,ENV_ULS / Left Exterior Girder / Min / set 2,7.000 m,theta deg,29.0,29.0,0.0,0.0
Shear,ENV_ULS / Left Exterior Girder / Min / set 2,7.000 m,Vc kN,747.8668099343002,747.8668099343198,1.9554136088117957e-11,2.6146548861869225e-14
Shear,ENV_ULS / Left Exterior Girder / Min / set 2,7.000 m,Vs kN,1113.6922717075145,1113.6922717075727,5.820766091346741e-11,5.2265479784842455e-14
Shear,ENV_ULS / Left Exterior Girder / Min / set 2,7.000 m,phiVn kN,1582.3252193955425,1582.3252193956087,6.616573955398053e-11,4.181551222399998e-14
Shear,ENV_ULS / Left Exterior Girder / Max / set 1,8.000 m,beta,3.1102862944943475,3.1102862944944643,1.1679546219056647e-13,3.7551354162254063e-14
Shear,ENV_ULS / Left Exterior Girder / Max / set 1,8.000 m,theta deg,31.53524270085722,31.53524270085695,2.7000623958883807e-13,8.562047298957392e-15
Shear,ENV_ULS / Left Exterior Girder / Max / set 1,8.000 m,Vc kN,485.67785985954316,485.677859859574,3.086597644141875e-11,6.355236462774555e-14
Shear,ENV_ULS / Left Exterior Girder / Max / set 1,8.000 m,Vs kN,1008.2386472360358,1008.2386472360993,6.343725544866174e-11,6.291888891837593e-14
Shear,ENV_ULS / Left Exterior Girder / Max / set 1,8.000 m,phiVn kN,1269.829031031242,1269.8290310313223,8.026290743146092e-11,6.32076488015662e-14
Shear,ENV_ULS / Left Exterior Girder / Min / set 1,8.000 m,beta,4.8,4.8,0.0,0.0
Shear,ENV_ULS / Left Exterior Girder / Min / set 1,8.000 m,theta deg,29.0,29.0,0.0,0.0
Shear,ENV_ULS / Left Exterior Girder / Min / set 1,8.000 m,Vc kN,749.5302703974422,749.530270397462,1.978150976356119e-11,2.639187574515359e-14
Shear,ENV_ULS / Left Exterior Girder / Min / set 1,8.000 m,Vs kN,1116.1694281175644,1116.1694281176228,5.843503458891064e-11,5.235319398369394e-14
Shear,ENV_ULS / Left Exterior Girder / Min / set 1,8.000 m,phiVn kN,1585.8447437377558,1585.8447437378222,6.639311322942376e-11,4.186608650789848e-14
Shear,ENV_ULS / Left Exterior Girder / Max / set 2,8.000 m,beta,3.132190050156602,3.13219005015669,8.79296635503124e-14,2.8072901753172244e-14
Shear,ENV_ULS / Left Exterior Girder / Max / set 2,8.000 m,theta deg,31.48487894241285,31.48487894241265,1.9895196601282805e-13,6.318968746131142e-15
Shear,ENV_ULS / Left Exterior Girder / Max / set 2,8.000 m,Vc kN,489.0981781729284,489.0981781729549,2.6489033189136535e-11,5.415892835276414e-14
Shear,ENV_ULS / Left Exterior Girder / Max / set 2,8.000 m,Vs kN,1010.2295901183306,1010.2295901183917,6.104983185650781e-11,6.043164093951475e-14
Shear,ENV_ULS / Left Exterior Girder / Max / set 2,8.000 m,phiVn kN,1274.4286030475705,1274.4286030476444,7.389644451905042e-11,5.798398148184673e-14
Shear,ENV_ULS / Left Exterior Girder / Min / set 2,8.000 m,beta,4.8,4.8,0.0,0.0
Shear,ENV_ULS / Left Exterior Girder / Min / set 2,8.000 m,theta deg,29.0,29.0,0.0,0.0
Shear,ENV_ULS / Left Exterior Girder / Min / set 2,8.000 m,Vc kN,749.5302703974422,749.530270397462,1.978150976356119e-11,2.639187574515359e-14
Shear,ENV_ULS / Left Exterior Girder / Min / set 2,8.000 m,Vs kN,1116.1694281175644,1116.1694281176228,5.843503458891064e-11,5.235319398369394e-14
Shear,ENV_ULS / Left Exterior Girder / Min / set 2,8.000 m,phiVn kN,1585.8447437377558,1585.8447437378222,6.639311322942376e-11,4.186608650789848e-14
Shear,ENV_ULS / Left Exterior Girder / Max / set 1,9.000 m,beta,3.1991671260492778,3.1991671260493146,3.68594044175552e-14,1.1521562633419926e-14
Shear,ENV_ULS / Left Exterior Girder / Max / set 1,9.000 m,theta deg,31.33515571941863,31.33515571941855,7.815970093361102e-14,2.4943134680251505e-15
Shear,ENV_ULS / Left Exterior Girder / Max / set 1,9.000 m,Vc kN,500.01409473466197,500.0140947346808,1.8815171642927453e-11,3.762928253634775e-14
Shear,ENV_ULS / Left Exterior Girder / Max / set 1,9.000 m,Vs kN,1017.1124745182409,1017.1124745182973,5.638867150992155e-11,5.543995666420975e-14
Shear,ENV_ULS / Left Exterior Girder / Max / set 1,9.000 m,phiVn kN,1289.5575838649672,1289.5575838650313,6.411937647499144e-11,4.972199557216698e-14
Shear,ENV_ULS / Left Exterior Girder / Min / set 1,9.000 m,beta,4.8,4.8,0.0,0.0
Shear,ENV_ULS / Left Exterior Girder / Min / set 1,9.000 m,theta deg,29.0,29.0,0.0,0.0
Shear,ENV_ULS / Left Exterior Girder / Min / set 1,9.000 m,Vc kN,750.2164032581425,750.2164032581619,1.944044925039634e-11,2.5913122088463e-14
Shear,ENV_ULS / Left Exterior Girder / Min / set 1,9.000 m,Vs kN,1117.1911887495057,1117.191188749564,5.820766091346741e-11,5.210179018563274e-14
Shear,ENV_ULS / Left Exterior Girder / Min / set 1,9.000 m,phiVn kN,1587.296453206501,1587.2964532065669,6.59383658785373e-11,4.154130486799257e-14
Shear,ENV_ULS / Left Exterior Girder / Max / set 2,9.000 m,beta,3.1708992901183106,3.170899290118401,9.059419880941277e-14,2.85705065095366e-14
Shear,ENV_ULS / Left Exterior Girder / Max / set 2,9.000 m,theta deg,31.39757535130175,31.39757535130155,1.9895196601282805e-13,6.3365391686075126e-15
Shear,ENV_ULS / Left Exterior Girder / Max / set 2,9.000 m,Vc kN,495.59597094299073,495.59597094301796,2.722799763432704e-11,5.4939909181500645e-14
Shear,ENV_ULS / Left Exterior Girder / Max / set 2,9.000 m,Vs kN,1014.622339972434,1014.6223399724953,6.127720553195104e-11,6.039410243382988e-14
Shear,ENV_ULS / Left Exterior Girder / Max / set 2,9.000 m,phiVn kN,1283.685564278111,1283.6855642781863,7.526068657170981e-11,5.862859929723424e-14
Shear,ENV_ULS / Left Exterior Girder / Min / set 2,9.000 m,beta,4.8,4.8,0.0,0.0
Shear,ENV_ULS / Left Exterior Girder / Min / set 2,9.000 m,theta deg,29.0,29.0,0.0,0.0
Shear,ENV_ULS / Left Exterior Girder / Min / set 2,9.000 m,Vc kN,750.2164032581425,750.2164032581619,1.944044925039634e-11,2.5913122088463e-14
Shear,ENV_ULS / Left Exterior Girder / Min / set 2,9.000 m,Vs kN,1117.1911887495057,1117.191188749564,5.820766091346741e-11,5.210179018563274e-14
Shear,ENV_ULS / Left Exterior Girder / Min / set 2,9.000 m,phiVn kN,1587.296453206501,1587.2964532065669,6.59383658785373e-11,4.154130486799257e-14
Shear,ENV_ULS / Left Exterior Girder / Max / set 1,10.000 m,beta,3.010677233493748,3.0106772334938694,1.212363542890671e-13,4.026879830900145e-14
Shear,ENV_ULS / Left Exterior Girder / Max / set 1,10.000 m,theta deg,31.773519797295748,31.77351979729545,2.984279490192421e-13,9.392347807958127e-15
Shear,ENV_ULS / Left Exterior Girder / Max / set 1,10.000 m,Vc kN,470.55405114226136,470.55405114229245,3.1093350116861984e-11,6.607816900392503e-14
Shear,ENV_ULS / Left Exterior Girder / Max / set 1,10.000 m,Vs kN,999.8104165145561,999.81041651462,6.389200279954821e-11,6.390411796496214e-14
Shear,ENV_ULS / Left Exterior Girder / Max / set 1,10.000 m,phiVn kN,1249.8097975082949,1249.8097975083756,8.071765478234738e-11,6.458395104860461e-14
Shear,ENV_ULS / Left Exterior Girder / Min / set 1,10.000 m,beta,4.8,4.8,0.0,0.0
Shear,ENV_ULS / Left Exterior Girder / Min / set 1,10.000 m,theta deg,29.0,29.0,0.0,0.0
Shear,ENV_ULS / Left Exterior Girder / Min / set 1,10.000 m,Vc kN,750.2164032581425,750.2164032581619,1.944044925039634e-11,2.5913122088463e-14
Shear,ENV_ULS / Left Exterior Girder / Min / set 1,10.000 m,Vs kN,1117.1911887495057,1117.191188749564,5.820766091346741e-11,5.210179018563274e-14
Shear,ENV_ULS / Left Exterior Girder / Min / set 1,10.000 m,phiVn kN,1587.296453206501,1587.2964532065669,6.59383658785373e-11,4.154130486799257e-14
Shear,ENV_ULS / Left Exterior Girder / Max / set 2,10.000 m,beta,2.9846920409255397,2.9846920409256055,6.572520305780927e-14,2.202076534416151e-14
Shear,ENV_ULS / Left Exterior Girder / Max / set 2,10.000 m,theta deg,31.838295216454064,31.8382952164539,1.6342482922482304e-13,5.132964190254941e-15
Shear,ENV_ULS / Left Exterior Girder / Max / set 2,10.000 m,Vc kN,466.4926932867422,466.49269328676473,2.2509993868879974e-11,4.8253690128094926e-14
Shear,ENV_ULS / Left Exterior Girder / Max / set 2,10.000 m,Vs kN,997.2899862527277,997.2899862527862,5.854872142663226e-11,5.870782042705855e-14
Shear,ENV_ULS / Left Exterior Girder / Max / set 2,10.000 m,phiVn kN,1244.2152776085495,1244.2152776086182,6.866684998385608e-11,5.518888187567812e-14
Shear,ENV_ULS / Left Exterior Girder / Min / set 2,10.000 m,beta,4.8,4.8,0.0,0.0
Shear,ENV_ULS / Left Exterior Girder / Min / set 2,10.000 m,theta deg,29.0,29.0,0.0,0.0
Shear,ENV_ULS / Left Exterior Girder / Min / set 2,10.000 m,Vc kN,750.2164032581425,750.2164032581619,1.944044925039634e-11,2.5913122088463e-14
Shear,ENV_ULS / Left Exterior Girder / Min / set 2,10.000 m,Vs kN,1117.1911887495057,1117.191188749564,5.820766091346741e-11,5.210179018563274e-14
Shear,ENV_ULS / Left Exterior Girder / Min / set 2,10.000 m,phiVn kN,1587.296453206501,1587.2964532065669,6.59383658785373e-11,4.154130486799257e-14
Shear,ENV_ULS / Left Exterior Girder / Max / set 1,11.000 m,beta,2.903658207542032,2.9036582075420654,3.3306690738754696e-14,1.147059617838033e-14
Shear,ENV_ULS / Left Exterior Girder / Max / set 1,11.000 m,theta deg,32.04773991941764,32.04773991941755,8.526512829121202e-14,2.6605660338484694e-15
Shear,ENV_ULS / Left Exterior Girder / Max / set 1,11.000 m,Vc kN,453.8275034902433,453.82750349026037,1.7053025658242404e-11,3.757600746339161e-14
Shear,ENV_ULS / Left Exterior Girder / Max / set 1,11.000 m,Vs kN,989.2028458445998,989.2028458446546,5.4797055781818926e-11,5.539516592780235e-14
Shear,ENV_ULS / Left Exterior Girder / Max / set 1,11.000 m,phiVn kN,1226.5757969346166,1226.5757969346778,6.116351869422942e-11,4.986525810070809e-14
Shear,ENV_ULS / Left Exterior Girder / Min / set 1,11.000 m,beta,4.8,4.8,0.0,0.0
Shear,ENV_ULS / Left Exterior Girder / Min / set 1,11.000 m,theta deg,29.0,29.0,0.0,0.0
Shear,ENV_ULS / Left Exterior Girder / Min / set 1,11.000 m,Vc kN,750.2164032581425,750.2164032581619,1.944044925039634e-11,2.5913122088463e-14
Shear,ENV_ULS / Left Exterior Girder / Min / set 1,11.000 m,Vs kN,1117.1911887495057,1117.191188749564,5.820766091346741e-11,5.210179018563274e-14
Shear,ENV_ULS / Left Exterior Girder / Min / set 1,11.000 m,phiVn kN,1587.296453206501,1587.2964532065669,6.59383658785373e-11,4.154130486799257e-14
Shear,ENV_ULS / Left Exterior Girder / Max / set 2,11.000 m,beta,2.8793612702818536,2.879361270281925,7.149836278586008e-14,2.4831327532185466e-14
Shear,ENV_ULS / Left Exterior Girder / Max / set 2,11.000 m,theta deg,32.112836458277194,32.112836458277,1.9184653865522705e-13,5.9741386876393195e-15
Shear,ENV_ULS / Left Exterior Girder / Max / set 2,11.000 m,Vc kN,450.0300116399268,450.0300116399496,2.2794210963184014e-11,5.06504241353146e-14
Shear,ENV_ULS / Left Exterior Girder / Max / set 2,11.000 m,Vs kN,986.7085330512942,986.7085330513532,5.900346877751872e-11,5.979827558098952e-14
Shear,ENV_ULS / Left Exterior Girder / Max / set 2,11.000 m,phiVn kN,1221.227762987538,1221.2277629876073,6.934897101018578e-11,5.6786271252571836e-14
Shear,ENV_ULS / Left Exterior Girder / Min / set 2,11.000 m,beta,4.8,4.8,0.0,0.0
Shear,ENV_ULS / Left Exterior Girder / Min / set 2,11.000 m,theta deg,29.0,29.0,0.0,0.0
Shear,ENV_ULS / Left Exterior Girder / Min / set 2,11.000 m,Vc kN,750.2164032581425,750.2164032581619,1.944044925039634e-11,2.5913122088463e-14
Shear,ENV_ULS / Left Exterior Girder / Min / set 2,11.000 m,Vs kN,1117.1911887495057,1117.191188749564,5.820766091346741e-11,5.210179018563274e-14
Shear,ENV_ULS / Left Exterior Girder / Min / set 2,11.000 m,phiVn kN,1587.296453206501,1587.2964532065669,6.59383658785373e-11,4.154130486799257e-14
Shear,ENV_ULS / Left Exterior Girder / Max / set 1,12.000 m,beta,2.752453505552799,2.7524535055528294,3.019806626980426e-14,1.0971326566963748e-14
Shear,ENV_ULS / Left Exterior Girder / Max / set 1,12.000 m,theta deg,32.47152711383144,32.47152711383135,9.237055564881302e-14,2.8446631205548534e-15
Shear,ENV_ULS / Left Exterior Girder / Max / set 1,12.000 m,Vc kN,429.80150422362044,429.8015042236363,1.5859313862165436e-11,3.689915857975556e-14
Shear,ENV_ULS / Left Exterior Girder / Max / set 1,12.000 m,Vs kN,972.2347401551276,972.2347401551821,5.445599526865408e-11,5.6011159671132666e-14
Shear,ENV_ULS / Left Exterior Girder / Max / set 1,12.000 m,phiVn kN,1191.730807721936,1191.7308077219955,5.95719029661268e-11,4.998771751147312e-14
Shear,ENV_ULS / Left Exterior Girder / Min / set 1,12.000 m,beta,4.8,4.8,0.0,0.0
Shear,ENV_ULS / Left Exterior Girder / Min / set 1,12.000 m,theta deg,29.0,29.0,0.0,0.0
Shear,ENV_ULS / Left Exterior Girder / Min / set 1,12.000 m,Vc kN,749.5302703974422,749.530270397462,1.978150976356119e-11,2.639187574515359e-14
Shear,ENV_ULS / Left Exterior Girder / Min / set 1,12.000 m,Vs kN,1116.1694281175644,1116.1694281176228,5.843503458891064e-11,5.235319398369394e-14
Shear,ENV_ULS / Left Exterior Girder / Min / set 1,12.000 m,phiVn kN,1585.8447437377558,1585.8447437378222,6.639311322942376e-11,4.186608650789848e-14
Shear,ENV_ULS / Left Exterior Girder / Max / set 2,12.000 m,beta,2.731581423339196,2.7315814233392337,3.774758283725532e-14,1.3818948435778504e-14
Shear,ENV_ULS / Left Exterior Girder / Max / set 2,12.000 m,theta deg,32.53371125676252,32.5337112567624,1.2079226507921703e-13,3.7128338702554065e-15
Shear,ENV_ULS / Left Exterior Girder / Max / set 2,12.000 m,Vc kN,426.5422839266788,426.54228392669586,1.7053025658242404e-11,3.997968384577103e-14
Shear,ENV_ULS / Left Exterior Girder / Max / set 2,12.000 m,Vs kN,969.9090915227464,969.9090915228011,5.468336894409731e-11,5.637989108674293e-14
Shear,ENV_ULS / Left Exterior Girder / Max / set 2,12.000 m,phiVn kN,1186.9836691320113,1186.9836691320725,6.116351869422942e-11,5.152852586333597e-14
Shear,ENV_ULS / Left Exterior Girder / Min / set 2,12.000 m,beta,4.8,4.8,0.0,0.0
Shear,ENV_ULS / Left Exterior Girder / Min / set 2,12.000 m,theta deg,29.0,29.0,0.0,0.0
Shear,ENV_ULS / Left Exterior Girder / Min / set 2,12.000 m,Vc kN,749.5302703974422,749.530270397462,1.978150976356119e-11,2.639187574515359e-14
Shear,ENV_ULS / Left Exterior Girder / Min / set 2,12.000 m,Vs kN,1116.1694281175644,1116.1694281176228,5.843503458891064e-11,5.235319398369394e-14
Shear,ENV_ULS / Left Exterior Girder / Min / set 2,12.000 m,phiVn kN,1585.8447437377558,1585.8447437378222,6.639311322942376e-11,4.186608650789848e-14
Shear,ENV_ULS / Left Exterior Girder / Max / set 1,13.000 m,beta,2.557508751775527,2.557508751775613,8.615330671091215e-14,3.3686417163224997e-14
Shear,ENV_ULS / Left Exterior Girder / Max / set 1,13.000 m,theta deg,33.09185663631285,33.09185663631255,2.984279490192421e-13,9.018168799020161e-15
Shear,ENV_ULS / Left Exterior Girder / Max / set 1,13.000 m,Vc kN,398.4741482436288,398.47414824365256,2.376054908381775e-11,5.96288346146085e-14
Shear,ENV_ULS / Left Exterior Girder / Max / set 1,13.000 m,Vs kN,947.2761276712887,947.276127671349,6.02540239924565e-11,6.360766647901975e-14
Shear,ENV_ULS / Left Exterior Girder / Max / set 1,13.000 m,phiVn kN,1143.88773452768,1143.8877345277513,7.116796041373163e-11,6.221586110730787e-14
Shear,ENV_ULS / Left Exterior Girder / Min / set 1,13.000 m,beta,4.8,4.8,0.0,0.0
Shear,ENV_ULS / Left Exterior Girder / Min / set 1,13.000 m,theta deg,29.0,29.0,0.0,0.0
Shear,ENV_ULS / Left Exterior Girder / Min / set 1,13.000 m,Vc kN,747.8668099343002,747.8668099343198,1.9554136088117957e-11,2.6146548861869225e-14
Shear,ENV_ULS / Left Exterior Girder / Min / set 1,13.000 m,Vs kN,1113.6922717075145,1113.6922717075727,5.820766091346741e-11,5.2265479784842455e-14
Shear,ENV_ULS / Left Exterior Girder / Min / set 1,13.000 m,phiVn kN,1582.3252193955425,1582.3252193956087,6.616573955398053e-11,4.181551222399998e-14
Shear,ENV_ULS / Left Exterior Girder / Max / set 2,13.000 m,beta,2.5391335756732123,2.539133575673251,3.863576125695545e-14,1.5216120028939866e-14
Shear,ENV_ULS / Left Exterior Girder / Max / set 2,13.000 m,theta deg,33.155240228901434,33.1552402289013,1.3500311979441904e-13,4.071848638778292e-15
Shear,ENV_ULS / Left Exterior Girder / Max / set 2,13.000 m,Vc kN,395.61119317412476,395.61119317414114,1.6370904631912708e-11,4.138129788634803e-14
Shear,ENV_ULS / Left Exterior Girder / Max / set 2,13.000 m,Vs kN,944.9890711015213,944.9890711015754,5.411493475548923e-11,5.7265143492514e-14
Shear,ENV_ULS / Left Exterior Girder / Max / set 2,13.000 m,phiVn kN,1139.510224634299,1139.510224634359,6.002665031701326e-11,5.2677588159662495e-14
Shear,ENV_ULS / Left Exterior Girder / Min / set 2,13.000 m,beta,4.8,4.8,0.0,0.0
Shear,ENV_ULS / Left Exterior Girder / Min / set 2,13.000 m,theta deg,29.0,29.0,0.0,0.0
Shear,ENV_ULS / Left Exterior Girder / Min / set 2,13.000 m,Vc kN,747.8668099343002,747.8668099343198,1.9554136088117957e-11,2.6146548861869225e-14
Shear,ENV_ULS / Left Exterior Girder / Min / set 2,13.000 m,Vs kN,1113.6922717075145,1113.6922717075727,5.820766091346741e-11,5.2265479784842455e-14
Shear,ENV_ULS / Left Exterior Girder / Min / set 2,13.000 m,phiVn kN,1582.3252193955425,1582.3252193956087,6.616573955398053e-11,4.181551222399998e-14
Shear,ENV_ULS / Left Exterior Girder / Max / set 1,14.000 m,beta,2.331699951992692,2.331699951992725,3.2862601528904634e-14,1.40938380604329e-14
Shear,ENV_ULS / Left Exterior Girder / Max / set 1,14.000 m,theta deg,33.94005823842104,33.9400582384209,1.3500311979441904e-13,3.977692638181525e-15
Shear,ENV_ULS / Left Exterior Girder / Max / set 1,14.000 m,Vc kN,362.0663477496154,362.06634774963,1.460875864722766e-11,4.034829179244701e-14
Shear,ENV_ULS / Left Exterior Girder / Max / set 1,14.000 m,Vs kN,914.2031107627695,914.2031107628222,5.275069270282984e-11,5.770128331636721e-14
Shear,ENV_ULS / Left Exterior Girder / Max / set 1,14.000 m,phiVn kN,1084.8290397355272,1084.8290397355845,5.729816621169448e-11,5.281769210903526e-14
Shear,ENV_ULS / Left Exterior Girder / Min / set 1,14.000 m,beta,4.8,4.8,0.0,0.0
Shear,ENV_ULS / Left Exterior Girder / Min / set 1,14.000 m,theta deg,29.0,29.0,0.0,0.0
Shear,ENV_ULS / Left Exterior Girder / Min / set 1,14.000 m,Vc kN,745.3439571900806,745.3439571901,1.944044925039634e-11,2.6082520778306992e-14
Shear,ENV_ULS / Left Exterior Girder / Min / set 1,14.000 m,Vs kN,1109.9353439142617,1109.9353439143197,5.7980287238024175e-11,5.223753577712893e-14
Shear,ENV_ULS / Left Exterior Girder / Min / set 1,14.000 m,phiVn kN,1576.9874059386907,1576.9874059387566,6.59383658785373e-11,4.181286776940694e-14
Shear,ENV_ULS / Left Exterior Girder / Max / set 2,14.000 m,beta,2.3149142330706067,2.3149142330706303,2.353672812205332e-14,1.0167429870968869e-14
Shear,ENV_ULS / Left Exterior Girder / Max / set 2,14.000 m,theta deg,34.00971774533275,34.00971774533265,9.947598300641403e-14,2.924928214673751e-15
Shear,ENV_ULS / Left Exterior Girder / Max / set 2,14.000 m,Vc kN,359.4598614651014,359.45986146511433,1.290345608140342e-11,3.5896792562069416e-14
Shear,ENV_ULS / Left Exterior Girder / Max / set 2,14.000 m,Vs kN,911.8078699426821,911.8078699427335,5.1386450650170445e-11,5.635666497745604e-14
Shear,ENV_ULS / Left Exterior Girder / Max / set 2,14.000 m,phiVn kN,1080.577571696616,1080.5775716966707,5.4797055781818926e-11,5.0710895003844323e-14
Shear,ENV_ULS / Left Exterior Girder / Min / set 2,14.000 m,beta,4.8,4.8,0.0,0.0
Shear,ENV_ULS / Left Exterior Girder / Min / set 2,14.000 m,theta deg,29.0,29.0,0.0,0.0
Shear,ENV_ULS / Left Exterior Girder / Min / set 2,14.000 m,Vc kN,745.3439571900806,745.3439571901,1.944044925039634e-11,2.6082520778306992e-14
Shear,ENV_ULS / Left Exterior Girder / Min / set 2,14.000 m,Vs kN,1109.9353439142617,1109.9353439143197,5.7980287238024175e-11,5.223753577712893e-14
Shear,ENV_ULS / Left Exterior Girder / Min / set 2,14.000 m,phiVn kN,1576.9874059386907,1576.9874059387566,6.59383658785373e-11,4.181286776940694e-14
Shear,ENV_ULS / Left Exterior Girder / Max / set 1,15.000 m,beta,2.0883430705627646,2.088343070562775,1.021405182655144e-14,4.890983656147511e-15
Shear,ENV_ULS / Left Exterior Girder / Max / set 1,15.000 m,theta deg,35.0595403037061,35.05954030370605,4.973799150320701e-14,1.4186720953083729e-15
Shear,ENV_ULS / Left Exterior Girder / Max / set 1,15.000 m,Vc kN,320.00147193482877,320.0014719348387,9.947598300641403e-12,3.108610169976659e-14
Shear,ENV_ULS / Left Exterior Girder / Max / set 1,15.000 m,Vs kN,865.1617721823443,865.1617721823912,4.695266397902742e-11,5.4270386751587744e-14
Shear,ENV_ULS / Left Exterior Girder / Max / set 1,15.000 m,phiVn kN,1007.3887574995972,1007.3887574996455,4.831690603168681e-11,4.796252258324792e-14
Shear,ENV_ULS / Left Exterior Girder / Min / set 1,15.000 m,beta,4.8,4.8,0.0,0.0
Shear,ENV_ULS / Left Exterior Girder / Min / set 1,15.000 m,theta deg,29.0,29.0,0.0,0.0
Shear,ENV_ULS / Left Exterior Girder / Min / set 1,15.000 m,Vc kN,735.5147183136228,735.5147183136421,1.9326762412674725e-11,2.6276513482947468e-14
Shear,ENV_ULS / Left Exterior Girder / Min / set 1,15.000 m,Vs kN,1095.2980485722746,1095.2980485723322,5.752553988713771e-11,5.2520444058235525e-14
Shear,ENV_ULS / Left Exterior Girder / Min / set 1,15.000 m,phiVn kN,1556.190851853013,1556.1908518530781,6.502887117676437e-11,4.1787208233057925e-14
Shear,ENV_ULS / Left Exterior Girder / Max / set 2,15.000 m,beta,2.073003882109439,2.0730038821094467,7.549516567451064e-15,3.64182461625148e-15
Shear,ENV_ULS / Left Exterior Girder / Max / set 2,15.000 m,theta deg,35.138908852664386,35.13890885266435,3.552713678800501e-14,1.0110483776536283e-15
Shear,ENV_ULS / Left Exterior Girder / Max / set 2,15.000 m,Vc kN,317.6510138359939,317.65101383600336,9.43600753089413e-12,2.970557977115649e-14
Shear,ENV_ULS / Left Exterior Girder / Max / set 2,15.000 m,Vs kN,862.6179679430387,862.6179679430852,4.6497916628140956e-11,5.390325538779972e-14
Shear,ENV_ULS / Left Exterior Girder / Max / set 2,15.000 m,phiVn kN,1003.228634512178,1003.2286345122252,4.718003765447065e-11,4.7028200782376814e-14
Shear,ENV_ULS / Left Exterior Girder / Min / set 2,15.000 m,beta,4.8,4.8,0.0,0.0
Shear,ENV_ULS / Left Exterior Girder / Min / set 2,15.000 m,theta deg,29.0,29.0,0.0,0.0
Shear,ENV_ULS / Left Exterior Girder / Min / set 2,15.000 m,Vc kN,735.5147183136228,735.5147183136421,1.9326762412674725e-11,2.6276513482947468e-14
Shear,ENV_ULS / Left Exterior Girder / Min / set 2,15.000 m,Vs kN,1095.2980485722746,1095.2980485723322,5.752553988713771e-11,5.2520444058235525e-14
Shear,ENV_ULS / Left Exterior Girder / Min / set 2,15.000 m,phiVn kN,1556.190851853013,1556.1908518530781,6.502887117676437e-11,4.1787208233057925e-14
Shear,ENV_ULS / Left Exterior Girder / Max / set 1,16.000 m,beta,2.062241389252138,2.062241389252179,4.1300296516055823e-14,2.0026897302760642e-14
Shear,ENV_ULS / Left Exterior Girder / Max / set 1,16.000 m,theta deg,35.19530134384022,35.19530134384,2.2026824808563106e-13,6.258456091445944e-15
Shear,ENV_ULS / Left Exterior Girder / Max / set 1,16.000 m,Vc kN,312.03116812917955,312.031168129194,1.4438228390645236e-11,4.627175059854022e-14
Shear,ENV_ULS / Left Exterior Girder / Max / set 1,16.000 m,Vs kN,1133.3335241560399,1133.3335241561088,6.889422365929931e-11,6.078901064062199e-14
Shear,ENV_ULS / Left Exterior Girder / Max / set 1,16.000 m,phiVn kN,1228.5599884424369,1228.5599884425073,7.048583938740194e-11,5.737272908973663e-14
Shear,ENV_ULS / Left Exterior Girder / Min / set 1,16.000 m,beta,4.8,4.8,0.0,0.0
Shear,ENV_ULS / Left Exterior Girder / Min / set 1,16.000 m,theta deg,29.0,29.0,0.0,0.0
Shear,ENV_ULS / Left Exterior Girder / Min / set 1,16.000 m,Vc kN,726.2726928214807,726.2726928214997,1.8985701899509877e-11,2.6141285617874804e-14
Shear,ENV_ULS / Left Exterior Girder / Min / set 1,16.000 m,Vs kN,1442.0469427678713,1442.046942767947,7.571543392259628e-11,5.250552646869023e-14
Shear,ENV_ULS / Left Exterior Girder / Min / set 1,16.000 m,phiVn kN,1843.071690250949,1843.0716902510298,8.094502845779061e-11,4.391854580912463e-14
Shear,ENV_ULS / Left Exterior Girder / Max / set 2,16.000 m,beta,2.046315341747053,2.046315341747104,5.062616992290714e-14,2.474016046797729e-14
Shear,ENV_ULS / Left Exterior Girder / Max / set 2,16.000 m,theta deg,35.27983778600282,35.27983778600255,2.7000623958883807e-13,7.653273272587562e-15
Shear,ENV_ULS / Left Exterior Girder / Max / set 2,16.000 m,Vc kN,309.62144866927935,309.62144866929515,1.5802470443304628e-11,5.103803535323922e-14
Shear,ENV_ULS / Left Exterior Girder / Max / set 2,16.000 m,Vs kN,1129.790698392821,1129.7906983928917,7.071321306284517e-11,6.258965768034161e-14
Shear,ENV_ULS / Left Exterior Girder / Max / set 2,16.000 m,phiVn kN,1223.5003250027853,1223.500325002859,7.366907084360719e-11,6.021172968910739e-14
Shear,ENV_ULS / Left Exterior Girder / Min / set 2,16.000 m,beta,4.8,4.8,0.0,0.0
Shear,ENV_ULS / Left Exterior Girder / Min / set 2,16.000 m,theta deg,29.0,29.0,0.0,0.0
Shear,ENV_ULS / Left Exterior Girder / Min / set 2,16.000 m,Vc kN,726.2726928214807,726.2726928214997,1.8985701899509877e-11,2.6141285617874804e-14
Shear,ENV_ULS / Left Exterior Girder / Min / set 2,16.000 m,Vs kN,1442.0469427678713,1442.046942767947,7.571543392259628e-11,5.250552646869023e-14
Shear,ENV_ULS / Left Exterior Girder / Min / set 2,16.000 m,phiVn kN,1843.071690250949,1843.0716902510298,8.094502845779061e-11,4.391854580912463e-14
Shear,ENV_ULS / Left Exterior Girder / Max / set 1,17.000 m,beta,2.040846222948911,2.0408462229489293,1.8207657603852567e-14,8.921621530868375e-15
Shear,ENV_ULS / Left Exterior Girder / Max / set 1,17.000 m,theta deg,35.309172545576004,35.3091725455759,1.0658141036401503e-13,3.018519061199843e-15
Shear,ENV_ULS / Left Exterior Girder / Max / set 1,17.000 m,Vc kN,305.4865968749356,305.48659687494643,1.0800249583553523e-11,3.5354250216007673e-14
Shear,ENV_ULS / Left Exterior Girder / Max / set 1,17.000 m,Vs kN,1116.4772729316103,1116.477272931673,6.275513442233205e-11,5.620816110080602e-14
Shear,ENV_ULS / Left Exterior Girder / Max / set 1,17.000 m,phiVn kN,1208.6692893355637,1208.6692893356264,6.275513442233205e-11,5.1920847973912603e-14
Shear,ENV_ULS / Left Exterior Girder / Min / set 1,17.000 m,beta,4.8,4.8,0.0,0.0
Shear,ENV_ULS / Left Exterior Girder / Min / set 1,17.000 m,theta deg,29.0,29.0,0.0,0.0
Shear,ENV_ULS / Left Exterior Girder / Min / set 1,17.000 m,Vc kN,718.4939504559616,718.4939504559803,1.8758328224066645e-11,2.6107844348810426e-14
Shear,ENV_ULS / Left Exterior Girder / Min / set 1,17.000 m,Vs kN,1426.6019015902962,1426.6019015903712,7.503331289626658e-11,5.259583126352186e-14
Shear,ENV_ULS / Left Exterior Girder / Min / set 1,17.000 m,phiVn kN,1823.331474239319,1823.3314742393986,7.958078640513122e-11,4.364581401104168e-14
Shear,ENV_ULS / Left Exterior Girder / Max / set 2,17.000 m,beta,2.0230337385024866,2.0230337385024924,5.773159728050814e-15,2.8537140128588623e-15
Shear,ENV_ULS / Left Exterior Girder / Max / set 2,17.000 m,theta deg,35.40581303235268,35.40581303235265,3.552713678800501e-14,1.0034266620439276e-15
Shear,ENV_ULS / Left Exterior Girder / Max / set 2,17.000 m,Vc kN,302.82031305882174,302.82031305883055,8.810729923425242e-12,2.909557101512386e-14
Shear,ENV_ULS / Left Exterior Girder / Max / set 2,17.000 m,Vs kN,1112.494178487754,1112.4941784878138,5.979927664157003e-11,5.375244005577965e-14
Shear,ENV_ULS / Left Exterior Girder / Max / set 2,17.000 m,phiVn kN,1203.017317814589,1203.0173178146476,5.866240826435387e-11,4.876272967617592e-14
Shear,ENV_ULS / Left Exterior Girder / Min / set 2,17.000 m,beta,4.8,4.8,0.0,0.0
Shear,ENV_ULS / Left Exterior Girder / Min / set 2,17.000 m,theta deg,29.0,29.0,0.0,0.0
Shear,ENV_ULS / Left Exterior Girder / Min / set 2,17.000 m,Vc kN,718.4939504559616,718.4939504559803,1.8758328224066645e-11,2.6107844348810426e-14
Shear,ENV_ULS / Left Exterior Girder / Min / set 2,17.000 m,Vs kN,1426.6019015902962,1426.6019015903712,7.503331289626658e-11,5.259583126352186e-14
Shear,ENV_ULS / Left Exterior Girder / Min / set 2,17.000 m,phiVn kN,1823.331474239319,1823.3314742393986,7.958078640513122e-11,4.364581401104168e-14
Shear,ENV_ULS / Left Exterior Girder / Max / set 1,18.000 m,beta,1.6945782879307367,1.6945782879307747,3.7969627442180354e-14,2.240653483678498e-14
Shear,ENV_ULS / Left Exterior Girder / Max / set 1,18.000 m,theta deg,37.5519613303631,37.5519613303628,2.984279490192421e-13,7.94706690267991e-15
Shear,ENV_ULS / Left Exterior Girder / Max / set 1,18.000 m,Vc kN,250.5635437750947,250.5635437751069,1.2192913345643319e-11,4.866196080219499e-14
Shear,ENV_ULS / Left Exterior Girder / Max / set 1,18.000 m,Vs kN,1016.0927489238347,1016.0927489238989,6.411937647499144e-11,6.310386186979248e-14
Shear,ENV_ULS / Left Exterior Girder / Max / set 1,18.000 m,phiVn kN,1076.65784879409,1076.657848794155,6.502887117676437e-11,6.039882702717116e-14
Shear,ENV_ULS / Left Exterior Girder / Min / set 1,18.000 m,beta,4.8,4.8,0.0,0.0
Shear,ENV_ULS / Left Exterior Girder / Min / set 1,18.000 m,theta deg,29.0,29.0,0.0,0.0
Shear,ENV_ULS / Left Exterior Girder / Min / set 1,18.000 m,Vc kN,709.737058881527,709.7370588815454,1.8417267710901797e-11,2.5949423776637858e-14
Shear,ENV_ULS / Left Exterior Girder / Min / set 1,18.000 m,Vs kN,1409.2147013721449,1409.2147013722188,7.389644451905042e-11,5.24380312290909e-14
Shear,ENV_ULS / Left Exterior Girder / Min / set 1,18.000 m,phiVn kN,1801.108996215621,1801.1089962156998,7.889866537880152e-11,4.380560285056322e-14
Shear,ENV_ULS / Left Exterior Girder / Max / set 2,18.000 m,beta,1.6784188663139337,1.6784188663139383,4.6629367034256575e-15,2.7781722411558516e-15
Shear,ENV_ULS / Left Exterior Girder / Max / set 2,18.000 m,theta deg,37.67922716804329,37.67922716804325,4.263256414560601e-14,1.1314606840387591e-15
Shear,ENV_ULS / Left Exterior Girder / Max / set 2,18.000 m,Vc kN,248.17418119769127,248.17418119769846,7.190692485892214e-12,2.8974377798647895e-14
Shear,ENV_ULS / Left Exterior Girder / Max / set 2,18.000 m,Vs kN,1011.4353205319893,1011.4353205320442,5.491074261954054e-11,5.428991998287731e-14
Shear,ENV_ULS / Left Exterior Girder / Max / set 2,18.000 m,phiVn kN,1070.6680764702287,1070.6680764702812,5.2523319027386606e-11,4.905658455843995e-14
Shear,ENV_ULS / Left Exterior Girder / Min / set 2,18.000 m,beta,4.8,4.8,0.0,0.0
Shear,ENV_ULS / Left Exterior Girder / Min / set 2,18.000 m,theta deg,29.0,29.0,0.0,0.0
Shear,ENV_ULS / Left Exterior Girder / Min / set 2,18.000 m,Vc kN,709.737058881527,709.7370588815454,1.8417267710901797e-11,2.5949423776637858e-14
Shear,ENV_ULS / Left Exterior Girder / Min / set 2,18.000 m,Vs kN,1409.2147013721449,1409.2147013722188,7.389644451905042e-11,5.24380312290909e-14
Shear,ENV_ULS / Left Exterior Girder / Min / set 2,18.000 m,phiVn kN,1801.108996215621,1801.1089962156998,7.889866537880152e-11,4.380560285056322e-14
Shear,ENV_ULS / Left Exterior Girder / Max / set 1,19.000 m,beta,1.3788658589491467,1.378865858949152,5.329070518200751e-15,3.8648215731892085e-15
Shear,ENV_ULS / Left Exterior Girder / Max / set 1,19.000 m,theta deg,40.57856839707721,40.57856839707715,6.394884621840902e-14,1.5759266219706069e-15
Shear,ENV_ULS / Left Exterior Girder / Max / set 1,19.000 m,Vc kN,200.41083190187504,200.41083190188098,5.9401372709544376e-12,2.9639801474716025e-14
Shear,ENV_ULS / Left Exterior Girder / Max / set 1,19.000 m,Vs kN,1344.8032757692936,1344.8032757693668,7.321432349272072e-11,5.4442404187954216e-14
Shear,ENV_ULS / Left Exterior Girder / Max / set 1,19.000 m,phiVn kN,1313.4319915204933,1313.4319915205606,6.730260793119669e-11,5.1241791250478405e-14
Shear,ENV_ULS / Left Exterior Girder / Min / set 1,19.000 m,beta,3.005682829502123,3.0056828295021627,3.952393967665557e-14,1.3149737320488337e-14
Shear,ENV_ULS / Left Exterior Girder / Min / set 1,19.000 m,theta deg,31.785882810654748,31.78588281065465,9.947598300641403e-14,3.1295648951763457e-15
Shear,ENV_ULS / Left Exterior Girder / Min / set 1,19.000 m,Vc kN,436.86004144941114,436.8600414494283,1.716671249596402e-11,3.9295680234355494e-14
Shear,ENV_ULS / Left Exterior Girder / Min / set 1,19.000 m,Vs kN,1858.6267855932774,1858.6267855933818,1.0436451702844352e-10,5.615141126631525e-14
Shear,ENV_ULS / Left Exterior Girder / Min / set 1,19.000 m,phiVn kN,1951.1638029862847,1951.1638029863884,1.0368239600211382e-10,5.3138745113773066e-14
Shear,ENV_ULS / Left Exterior Girder / Max / set 2,19.000 m,beta,1.3470065107436893,1.3470065107436988,9.547918011776346e-15,7.088249340758438e-15
Shear,ENV_ULS / Left Exterior Girder / Max / set 2,19.000 m,theta deg,40.96280009636541,40.9628000963653,1.1368683772161603e-13,2.7753678326229376e-15
Shear,ENV_ULS / Left Exterior Girder / Max / set 2,19.000 m,Vc kN,195.7802447883662,195.78024478837267,6.480149750132114e-12,3.3099099233105915e-14
Shear,ENV_ULS / Left Exterior Girder / Max / set 2,19.000 m,Vs kN,1326.6910610964596,1326.6910610965344,7.480593922082335e-11,5.6385349547011245e-14
Shear,ENV_ULS / Left Exterior Girder / Max / set 2,19.000 m,phiVn kN,1294.1006100021018,1294.100610002171,6.912159733474255e-11,5.341284657506389e-14
Shear,ENV_ULS / Left Exterior Girder / Min / set 2,19.000 m,beta,2.93771880427464,2.93771880427473,9.015010959956271e-14,3.0687113235066466e-14
Shear,ENV_ULS / Left Exterior Girder / Min / set 2,19.000 m,theta deg,31.95829729087958,31.95829729087935,2.3092638912203256e-13,7.225866479061046e-15
Shear,ENV_ULS / Left Exterior Girder / Min / set 2,19.000 m,Vc kN,426.981831218272,426.9818312182961,2.4101609596982598e-11,5.6446452365933474e-14
Shear,ENV_ULS / Left Exterior Girder / Min / set 2,19.000 m,Vs kN,1846.1957077282177,1846.1957077283307,1.1300471669528633e-10,6.120950028333349e-14
Shear,ENV_ULS / Left Exterior Girder / Min / set 2,19.000 m,phiVn kN,1932.2009081045164,1932.2009081046328,1.1641532182693481e-10,6.025011236597072e-14
Shear,ENV_ULS / Left Exterior Girder / Max / set 1,20.000 m,beta,0.8727272727272727,0.8727272727272727,0.0,0.0
Shear,ENV_ULS / Left Exterior Girder / Max / set 1,20.000 m,theta deg,50.0,50.0,0.0,0.0
Shear,ENV_ULS / Left Exterior Girder / Max / set 1,20.000 m,Vc kN,122.41423407633856,122.41423407634177,3.211653165635653e-12,2.6235945434521564e-14
Shear,ENV_ULS / Left Exterior Girder / Max / set 1,20.000 m,Vs kN,932.6765369020106,932.6765369020596,4.899902705801651e-11,5.2535927644078705e-14
Shear,ENV_ULS / Left Exterior Girder / Max / set 1,20.000 m,phiVn kN,896.8271553315968,896.8271553316412,4.433786671143025e-11,4.9438586295967344e-14
Shear,ENV_ULS / Left Exterior Girder / Min / set 1,20.000 m,beta,1.4308161085514886,1.4308161085515148,2.6201263381153694e-14,1.8312110986560333e-14
Shear,ENV_ULS / Left Exterior Girder / Min / set 1,20.000 m,theta deg,39.98873437762059,39.988734377620304,2.8421709430404007e-13,7.10742909790869e-15
Shear,ENV_ULS / Left Exterior Girder / Min / set 1,20.000 m,Vc kN,200.69529566214536,200.6952956621543,8.952838470577262e-12,4.46091097503763e-14
Shear,ENV_ULS / Left Exterior Girder / Min / set 1,20.000 m,Vs kN,1325.1877590249994,1325.1877590250822,8.276401786133647e-11,6.24545595880123e-14
Shear,ENV_ULS / Left Exterior Girder / Min / set 1,20.000 m,phiVn kN,1297.000596484073,1297.000596484151,7.79891706770286e-11,6.013040463392077e-14
Shear,ENV_ULS / Left Exterior Girder / Max / set 1,1.927 m,beta,2.222686833503668,2.222686833503725,5.728750807065808e-14,2.5773989932874666e-14
Shear,ENV_ULS / Left Exterior Girder / Max / set 1,1.927 m,theta deg,34.41122629708946,34.4112262970892,2.6290081223123707e-13,7.639972198650633e-15
Shear,ENV_ULS / Left Exterior Girder / Max / set 1,1.927 m,Vc kN,328.30555055820287,328.30555055822,1.7109869077103212e-11,5.2115686280695514e-14
Shear,ENV_ULS / Left Exterior Girder / Max / set 1,1.927 m,Vs kN,1139.1500128461619,1139.1500128462328,7.09405867382884e-11,6.227501728331565e-14
Shear,ENV_ULS / Left Exterior Girder / Max / set 1,1.927 m,phiVn kN,1247.33722889371,1247.3372288937849,7.480593922082335e-11,5.997250582119308e-14
Shear,ENV_ULS / Left Exterior Girder / Max / set 1,18.073 m,beta,1.6811286945496755,1.681128694549715,3.952393967665557e-14,2.3510359322753655e-14
Shear,ENV_ULS / Left Exterior Girder / Max / set 1,18.073 m,theta deg,37.65771478766351,37.657714787663195,3.126388037344441e-13,8.302118317515795e-15
Shear,ENV_ULS / Left Exterior Girder / Max / set 1,18.073 m,Vc kN,248.31383049735132,248.31383049736354,1.2221335055073723e-11,4.921729502780749e-14
Shear,ENV_ULS / Left Exterior Girder / Max / set 1,18.073 m,Vs kN,1011.1577618824123,1011.1577618824765,6.423306331271306e-11,6.352427458315714e-14
Shear,ENV_ULS / Left Exterior Girder / Max / set 1,18.073 m,phiVn kN,1070.550853522799,1070.5508535228641,6.52562448522076e-11,6.09557636962959e-14
Shear,ENV_ULS / Left Exterior Girder / Min / set 1,1.927 m,beta,2.3823877261272166,2.382387726127248,3.1530333899354446e-14,1.3234761728146322e-14
Shear,ENV_ULS / Left Exterior Girder / Min / set 1,1.927 m,theta deg,33.735665184838126,33.735665184838,1.2789769243681803e-13,3.791171501616034e-15
Shear,ENV_ULS / Left Exterior Girder / Min / set 1,1.927 m,Vc kN,351.89442897647444,351.8944289764882,1.375610736431554e-11,3.9091574721220306e-14
Shear,ENV_ULS / Left Exterior Girder / Min / set 1,1.927 m,Vs kN,1168.4644218004235,1168.4644218004905,6.707523425575346e-11,5.740460129063837e-14
Shear,ENV_ULS / Left Exterior Girder / Min / set 1,1.927 m,phiVn kN,1292.3050231603631,1292.3050231604318,6.866684998385608e-11,5.313517223350722e-14
Shear,ENV_ULS / Left Exterior Girder / Min / set 1,18.073 m,beta,4.8,4.8,0.0,0.0
Shear,ENV_ULS / Left Exterior Girder / Min / set 1,18.073 m,theta deg,29.0,29.0,0.0,0.0
Shear,ENV_ULS / Left Exterior Girder / Min / set 1,18.073 m,Vc kN,708.9917566998417,708.9917566998603,1.8530954548623413e-11,2.6137052192086602e-14
Shear,ENV_ULS / Left Exterior Girder / Min / set 1,18.073 m,Vs kN,1407.7348705273942,1407.7348705274678,7.366907084360719e-11,5.2331637431133555e-14
Shear,ENV_ULS / Left Exterior Girder / Min / set 1,18.073 m,phiVn kN,1799.2176331431504,1799.217633143229,7.867129170335829e-11,4.372527828438393e-14
Shear,ENV_ULS / Left Exterior Girder / Max / set 2,1.927 m,beta,2.2353324832878854,2.235332483287936,5.062616992290714e-14,2.2648160978916853e-14
Shear,ENV_ULS / Left Exterior Girder / Max / set 2,1.927 m,theta deg,34.35421397076428,34.35421397076405,2.2737367544323206e-13,6.618509031722585e-15
Shear,ENV_ULS / Left Exterior Girder / Max / set 2,1.927 m,Vc kN,330.173396694687,330.17339669470306,1.602984411874786e-11,4.8549774994652156e-14
Shear,ENV_ULS / Left Exterior Girder / Max / set 2,1.927 m,Vs kN,1141.5847706730729,1141.5847706731427,6.980371836107224e-11,6.114632934347227e-14
Shear,ENV_ULS / Left Exterior Girder / Max / set 2,1.927 m,phiVn kN,1250.9944422625958,1250.9944422626688,7.298694981727749e-11,5.834314474272665e-14
Shear,ENV_ULS / Left Exterior Girder / Max / set 2,18.073 m,beta,1.6648920834285923,1.6648920834286196,2.731148640577885e-14,1.6404358383117868e-14
Shear,ENV_ULS / Left Exterior Girder / Max / set 2,18.073 m,theta deg,37.78765882563227,37.78765882563205,2.2026824808563106e-13,5.829105452180571e-15
Shear,ENV_ULS / Left Exterior Girder / Max / set 2,18.073 m,Vc kN,245.91557561368688,245.91557561369737,1.0487610779819079e-11,4.264720017691683e-14
Shear,ENV_ULS / Left Exterior Girder / Max / set 2,18.073 m,Vs kN,1006.4302617738937,1006.4302617739544,6.070877134334296e-11,6.032089221595588e-14
Shear,ENV_ULS / Left Exterior Girder / Max / set 2,18.073 m,phiVn kN,1064.4939617794432,1064.493961779504,6.070877134334296e-11,5.703063946164308e-14
Shear,ENV_ULS / Left Exterior Girder / Min / set 2,1.927 m,beta,2.4582926755887806,2.4582926755887975,1.687538997430238e-14,6.8646789464401235e-15
Shear,ENV_ULS / Left Exterior Girder / Min / set 2,1.927 m,theta deg,33.44534844139406,33.445348441394,5.684341886080802e-14,1.6995911691700342e-15
Shear,ENV_ULS / Left Exterior Girder / Min / set 2,1.927 m,Vc kN,363.10609219750916,363.10609219752115,1.1993961379630491e-11,3.3031561952163716e-14
Shear,ENV_ULS / Left Exterior Girder / Min / set 2,1.927 m,Vs kN,1181.3820012217218,1181.3820012217861,6.434675015043467e-11,5.4467352713929296e-14
Shear,ENV_ULS / Left Exterior Girder / Min / set 2,1.927 m,phiVn kN,1312.8148794063463,1312.8148794064111,6.480149750132114e-11,4.936072748552417e-14
Shear,ENV_ULS / Left Exterior Girder / Min / set 2,18.073 m,beta,4.8,4.8,0.0,0.0
Shear,ENV_ULS / Left Exterior Girder / Min / set 2,18.073 m,theta deg,29.0,29.0,0.0,0.0
Shear,ENV_ULS / Left Exterior Girder / Min / set 2,18.073 m,Vc kN,708.9917566998417,708.9917566998603,1.8530954548623413e-11,2.6137052192086602e-14
Shear,ENV_ULS / Left Exterior Girder / Min / set 2,18.073 m,Vs kN,1407.7348705273942,1407.7348705274678,7.366907084360719e-11,5.2331637431133555e-14
Shear,ENV_ULS / Left Exterior Girder / Min / set 2,18.073 m,phiVn kN,1799.2176331431504,1799.217633143229,7.867129170335829e-11,4.372527828438393e-14
Torsion,ENV_ULS / Left Exterior Girder / Max / set 1,0.000 m,theta deg,46.66889599452142,46.6688959945211,3.197442310920451e-13,6.851334797583017e-15
Torsion,ENV_ULS / Left Exterior Girder / Max / set 1,0.000 m,phiTn kN-m,192.95774444614156,192.95774444615378,1.2221335055073723e-11,6.333684657308052e-14
Torsion,ENV_ULS / Left Exterior Girder / Max / set 1,0.000 m,Veff kN,1084.794174735616,1084.794174735616,0.0,0.0
Torsion,ENV_ULS / Left Exterior Girder / Max / set 1,0.000 m,phiTcr kN-m,110.89298521815172,110.89298521815458,2.8563817977556027e-12,2.5758002565593998e-14
Torsion,ENV_ULS / Left Exterior Girder / Max / set 1,0.000 m,Investigation threshold kN-m,27.723246304537927,27.723246304538645,7.176481631177012e-13,2.5886151832089488e-14
Torsion,ENV_ULS / Left Exterior Girder / Min / set 1,0.000 m,theta deg,50.0,50.0,0.0,0.0
Torsion,ENV_ULS / Left Exterior Girder / Min / set 1,0.000 m,phiTn kN-m,171.6287704169534,171.62877041696237,8.981260180007666e-12,5.232957247312443e-14
Torsion,ENV_ULS / Left Exterior Girder / Min / set 1,0.000 m,Veff kN,1445.0009176426574,1445.0009176426574,0.0,0.0
Torsion,ENV_ULS / Left Exterior Girder / Min / set 1,0.000 m,phiTcr kN-m,110.89298521815172,110.89298521815458,2.8563817977556027e-12,2.5758002565593998e-14
Torsion,ENV_ULS / Left Exterior Girder / Min / set 1,0.000 m,Investigation threshold kN-m,27.723246304537927,27.723246304538645,7.176481631177012e-13,2.5886151832089488e-14
Torsion,ENV_ULS / Left Exterior Girder / Max / set 1,1.000 m,theta deg,42.35956365557796,42.359563655577645,3.126388037344441e-13,7.380595472523895e-15
Torsion,ENV_ULS / Left Exterior Girder / Max / set 1,1.000 m,phiTn kN-m,224.31673581566076,224.31673581567497,1.4210854715202004e-11,6.335173638974185e-14
Torsion,ENV_ULS / Left Exterior Girder / Max / set 1,1.000 m,Veff kN,1403.5903402700233,1403.5903402700233,0.0,0.0
Torsion,ENV_ULS / Left Exterior Girder / Max / set 1,1.000 m,phiTcr kN-m,110.89298521815172,110.89298521815458,2.8563817977556027e-12,2.5758002565593998e-14
Torsion,ENV_ULS / Left Exterior Girder / Max / set 1,1.000 m,Investigation threshold kN-m,27.723246304537927,27.723246304538645,7.176481631177012e-13,2.5886151832089488e-14
Torsion,ENV_ULS / Left Exterior Girder / Min / set 1,1.000 m,theta deg,41.04435666567123,41.044356665671046,1.8474111129762605e-13,4.501011254785754e-15
Torsion,ENV_ULS / Left Exterior Girder / Min / set 1,1.000 m,phiTn kN-m,234.9278676670896,234.92786766710347,1.3869794202037156e-11,5.903852250381328e-14
Torsion,ENV_ULS / Left Exterior Girder / Min / set 1,1.000 m,Veff kN,1301.9526013129152,1301.9526013129152,0.0,0.0
Torsion,ENV_ULS / Left Exterior Girder / Min / set 1,1.000 m,phiTcr kN-m,110.89298521815172,110.89298521815458,2.8563817977556027e-12,2.5758002565593998e-14
Torsion,ENV_ULS / Left Exterior Girder / Min / set 1,1.000 m,Investigation threshold kN-m,27.723246304537927,27.723246304538645,7.176481631177012e-13,2.5886151832089488e-14
Torsion,ENV_ULS / Left Exterior Girder / Max / set 2,1.000 m,theta deg,43.230291318446376,43.23029131844635,2.842170943040401e-14,6.574489452555799e-16
Torsion,ENV_ULS / Left Exterior Girder / Max / set 2,1.000 m,phiTn kN-m,217.5814963063188,217.5814963063304,1.1596057447604835e-11,5.329523716152261e-14
Torsion,ENV_ULS / Left Exterior Girder / Max / set 2,1.000 m,Veff kN,1470.879209307763,1470.879209307763,0.0,0.0
Torsion,ENV_ULS / Left Exterior Girder / Max / set 2,1.000 m,phiTcr kN-m,110.89298521815172,110.89298521815458,2.8563817977556027e-12,2.5758002565593998e-14
Torsion,ENV_ULS / Left Exterior Girder / Max / set 2,1.000 m,Investigation threshold kN-m,27.723246304537927,27.723246304538645,7.176481631177012e-13,2.5886151832089488e-14
Torsion,ENV_ULS / Left Exterior Girder / Min / set 2,1.000 m,theta deg,40.65310101757024,40.653101017569895,3.481659405224491e-13,8.564314450992926e-15
Torsion,ENV_ULS / Left Exterior Girder / Min / set 2,1.000 m,phiTn kN-m,238.1928608786797,238.19286087869511,1.5404566511278972e-11,6.467266254098221e-14
Torsion,ENV_ULS / Left Exterior Girder / Min / set 2,1.000 m,Veff kN,1271.7167983310574,1271.7167983310574,0.0,0.0
Torsion,ENV_ULS / Left Exterior Girder / Min / set 2,1.000 m,phiTcr kN-m,110.89298521815172,110.89298521815458,2.8563817977556027e-12,2.5758002565593998e-14
Torsion,ENV_ULS / Left Exterior Girder / Min / set 2,1.000 m,Investigation threshold kN-m,27.723246304537927,27.723246304538645,7.176481631177012e-13,2.5886151832089488e-14
Torsion,ENV_ULS / Left Exterior Girder / Max / set 1,2.000 m,theta deg,39.79921632856062,39.79921632856045,1.7053025658242404e-13,4.284764181651719e-15
Torsion,ENV_ULS / Left Exterior Girder / Max / set 1,2.000 m,phiTn kN-m,163.66827007154473,163.6682700715543,9.57811607804615e-12,5.852152084126437e-14
Torsion,ENV_ULS / Left Exterior Girder / Max / set 1,2.000 m,Veff kN,1544.9900142297297,1544.9900142297297,0.0,0.0
Torsion,ENV_ULS / Left Exterior Girder / Max / set 1,2.000 m,phiTcr kN-m,110.89298521815172,110.89298521815458,2.8563817977556027e-12,2.5758002565593998e-14
Torsion,ENV_ULS / Left Exterior Girder / Max / set 1,2.000 m,Investigation threshold kN-m,27.723246304537927,27.723246304538645,7.176481631177012e-13,2.5886151832089488e-14
Torsion,ENV_ULS / Left Exterior Girder / Min / set 1,2.000 m,theta deg,33.499598236735494,33.49959823673535,1.4210854715202004e-13,4.242097058829354e-15
Torsion,ENV_ULS / Left Exterior Girder / Min / set 1,2.000 m,phiTn kN-m,206.0198237493088,206.01982374932072,1.1908696251339279e-11,5.780364255543415e-14
Torsion,ENV_ULS / Left Exterior Girder / Min / set 1,2.000 m,Veff kN,1161.5480913303404,1161.5480913303406,2.2737367544323206e-13,1.957505480318229e-16
Torsion,ENV_ULS / Left Exterior Girder / Min / set 1,2.000 m,phiTcr kN-m,110.89298521815172,110.89298521815458,2.8563817977556027e-12,2.5758002565593998e-14
Torsion,ENV_ULS / Left Exterior Girder / Min / set 1,2.000 m,Investigation threshold kN-m,27.723246304537927,27.723246304538645,7.176481631177012e-13,2.5886151832089488e-14
Torsion,ENV_ULS / Left Exterior Girder / Max / set 2,2.000 m,theta deg,39.65509739738081,39.6550973973808,7.105427357601002e-15,1.7918068102060222e-16
Torsion,ENV_ULS / Left Exterior Girder / Max / set 2,2.000 m,phiTn kN-m,164.50792961031837,164.50792961032707,8.697043085703626e-12,5.286701441264546e-14
Torsion,ENV_ULS / Left Exterior Girder / Max / set 2,2.000 m,Veff kN,1515.9331881650626,1515.9331881650628,2.2737367544323206e-13,1.4998924571237397e-16
Torsion,ENV_ULS / Left Exterior Girder / Max / set 2,2.000 m,phiTcr kN-m,110.89298521815172,110.89298521815458,2.8563817977556027e-12,2.5758002565593998e-14
Torsion,ENV_ULS / Left Exterior Girder / Max / set 2,2.000 m,Investigation threshold kN-m,27.723246304537927,27.723246304538645,7.176481631177012e-13,2.5886151832089488e-14
Torsion,ENV_ULS / Left Exterior Girder / Max / set 1,3.000 m,theta deg,37.20932054040318,37.20932054040315,3.552713678800501e-14,9.54791333784997e-16
Torsion,ENV_ULS / Left Exterior Girder / Max / set 1,3.000 m,phiTn kN-m,179.58629602648264,179.58629602649225,9.606537787476555e-12,5.3492599379962794e-14
Torsion,ENV_ULS / Left Exterior Girder / Max / set 1,3.000 m,Veff kN,1430.8786599001166,1430.8786599001166,0.0,0.0
Torsion,ENV_ULS / Left Exterior Girder / Max / set 1,3.000 m,phiTcr kN-m,110.89298521815172,110.89298521815458,2.8563817977556027e-12,2.5758002565593998e-14
Torsion,ENV_ULS / Left Exterior Girder / Max / set 1,3.000 m,Investigation threshold kN-m,27.723246304537927,27.723246304538645,7.176481631177012e-13,2.5886151832089488e-14
Torsion,ENV_ULS / Left Exterior Girder / Max / set 2,3.000 m,theta deg,36.98351077747939,36.983510777479296,9.237055564881302e-14,2.4976145776041647e-15
Torsion,ENV_ULS / Left Exterior Girder / Max / set 2,3.000 m,phiTn kN-m,181.06352079135576,181.06352079136585,1.0089706847793423e-11,5.572468050822614e-14
Torsion,ENV_ULS / Left Exterior Girder / Max / set 2,3.000 m,Veff kN,1376.1534450797444,1376.1534450797444,0.0,0.0
Torsion,ENV_ULS / Left Exterior Girder / Max / set 2,3.000 m,phiTcr kN-m,110.89298521815172,110.89298521815458,2.8563817977556027e-12,2.5758002565593998e-14
Torsion,ENV_ULS / Left Exterior Girder / Max / set 2,3.000 m,Investigation threshold kN-m,27.723246304537927,27.723246304538645,7.176481631177012e-13,2.5886151832089488e-14
Torsion,ENV_ULS / Left Exterior Girder / Max / set 1,4.000 m,theta deg,36.795857436545575,36.795857436545504,7.105427357601002e-14,1.931040028039656e-15
Torsion,ENV_ULS / Left Exterior Girder / Max / set 1,4.000 m,phiTn kN-m,182.3029425773764,182.30294257738643,1.0032863428932615e-11,5.503401803113369e-14
Torsion,ENV_ULS / Left Exterior Girder / Max / set 1,4.000 m,Veff kN,1265.1884947798071,1265.1884947798071,0.0,0.0
Torsion,ENV_ULS / Left Exterior Girder / Max / set 1,4.000 m,phiTcr kN-m,110.89298521815172,110.89298521815458,2.8563817977556027e-12,2.5758002565593998e-14
Torsion,ENV_ULS / Left Exterior Girder / Max / set 1,4.000 m,Investigation threshold kN-m,27.723246304537927,27.723246304538645,7.176481631177012e-13,2.5886151832089488e-14
Torsion,ENV_ULS / Left Exterior Girder / Max / set 2,4.000 m,theta deg,36.58941005849446,36.58941005849425,2.0605739337042905e-13,5.631612891298659e-15
Torsion,ENV_ULS / Left Exterior Girder / Max / set 2,4.000 m,phiTn kN-m,183.67909696740747,183.67909696741847,1.0999201549566351e-11,5.988270702091605e-14
Torsion,ENV_ULS / Left Exterior Girder / Max / set 2,4.000 m,Veff kN,1210.484802428858,1210.484802428858,0.0,0.0
Torsion,ENV_ULS / Left Exterior Girder / Max / set 2,4.000 m,phiTcr kN-m,110.89298521815172,110.89298521815458,2.8563817977556027e-12,2.5758002565593998e-14
Torsion,ENV_ULS / Left Exterior Girder / Max / set 2,4.000 m,Investigation threshold kN-m,27.723246304537927,27.723246304538645,7.176481631177012e-13,2.5886151832089488e-14
Torsion,ENV_ULS / Left Exterior Girder / Max / set 1,5.000 m,theta deg,36.48538257259111,36.485382572591,1.0658141036401503e-13,2.9212085182870586e-15
Torsion,ENV_ULS / Left Exterior Girder / Max / set 1,5.000 m,phiTn kN-m,138.283202930333,138.28320293034082,7.815970093361102e-12,5.652147135540635e-14
Torsion,ENV_ULS / Left Exterior Girder / Max / set 1,5.000 m,Veff kN,1111.5169278482206,1111.5169278482206,0.0,0.0
Torsion,ENV_ULS / Left Exterior Girder / Max / set 1,5.000 m,phiTcr kN-m,110.89298521815172,110.89298521815458,2.8563817977556027e-12,2.5758002565593998e-14
Torsion,ENV_ULS / Left Exterior Girder / Max / set 1,5.000 m,Investigation threshold kN-m,27.723246304537927,27.723246304538645,7.176481631177012e-13,2.5886151832089488e-14
Torsion,ENV_ULS / Left Exterior Girder / Max / set 2,5.000 m,theta deg,36.31178192943658,36.31178192943625,3.268496584496461e-13,9.001201292869752e-15
Torsion,ENV_ULS / Left Exterior Girder / Max / set 2,5.000 m,phiTn kN-m,139.16320532267997,139.16320532268895,8.981260180007666e-12,6.453760646847774e-14
Torsion,ENV_ULS / Left Exterior Girder / Max / set 2,5.000 m,Veff kN,1062.490176853491,1062.490176853491,0.0,0.0
Torsion,ENV_ULS / Left Exterior Girder / Max / set 2,5.000 m,phiTcr kN-m,110.89298521815172,110.89298521815458,2.8563817977556027e-12,2.5758002565593998e-14
Torsion,ENV_ULS / Left Exterior Girder / Max / set 2,5.000 m,Investigation threshold kN-m,27.723246304537927,27.723246304538645,7.176481631177012e-13,2.5886151832089488e-14
Torsion,ENV_ULS / Left Exterior Girder / Max / set 1,6.000 m,theta deg,35.2366265938945,35.2366265938942,2.984279490192421e-13,8.469254235334595e-15
Torsion,ENV_ULS / Left Exterior Girder / Max / set 1,6.000 m,phiTn kN-m,144.77982638855832,144.77982638856753,9.208633855450898e-12,6.360439907377907e-14
Torsion,ENV_ULS / Left Exterior Girder / Max / set 1,6.000 m,Veff kN,973.9107754069228,973.910775406923,2.2737367544323206e-13,2.3346458544750153e-16
Torsion,ENV_ULS / Left Exterior Girder / Max / set 1,6.000 m,phiTcr kN-m,110.89298521815172,110.89298521815458,2.8563817977556027e-12,2.5758002565593998e-14
Torsion,ENV_ULS / Left Exterior Girder / Max / set 1,6.000 m,Investigation threshold kN-m,27.723246304537927,27.723246304538645,7.176481631177012e-13,2.5886151832089488e-14
Torsion,ENV_ULS / Left Exterior Girder / Max / set 2,6.000 m,theta deg,35.08533602774243,35.0853360277423,1.2789769243681803e-13,3.645331837086814e-15
Torsion,ENV_ULS / Left Exterior Girder / Max / set 2,6.000 m,phiTn kN-m,145.59411816322103,145.59411816322935,8.327560863108374e-12,5.719709675202764e-14
Torsion,ENV_ULS / Left Exterior Girder / Max / set 2,6.000 m,Veff kN,928.241048912669,928.241048912669,0.0,0.0
Torsion,ENV_ULS / Left Exterior Girder / Max / set 2,6.000 m,phiTcr kN-m,110.89298521815172,110.89298521815458,2.8563817977556027e-12,2.5758002565593998e-14
Torsion,ENV_ULS / Left Exterior Girder / Max / set 2,6.000 m,Investigation threshold kN-m,27.723246304537927,27.723246304538645,7.176481631177012e-13,2.5886151832089488e-14
Torsion,ENV_ULS / Left Exterior Girder / Max / set 1,7.000 m,theta deg,34.3643191757881,34.36431917578795,1.4921397450962104e-13,4.34211932866555e-15
Torsion,ENV_ULS / Left Exterior Girder / Max / set 1,7.000 m,phiTn kN-m,149.56070019449174,149.56070019450036,8.611777957412414e-12,5.75804870277619e-14
Torsion,ENV_ULS / Left Exterior Girder / Max / set 1,7.000 m,Veff kN,860.3071863247562,860.3071863247562,0.0,0.0
Torsion,ENV_ULS / Left Exterior Girder / Max / set 1,7.000 m,phiTcr kN-m,110.89298521815172,110.89298521815458,2.8563817977556027e-12,2.5758002565593998e-14
Torsion,ENV_ULS / Left Exterior Girder / Max / set 1,7.000 m,Investigation threshold kN-m,27.723246304537927,27.723246304538645,7.176481631177012e-13,2.5886151832089488e-14
Torsion,ENV_ULS / Left Exterior Girder / Max / set 2,7.000 m,theta deg,34.231652544983525,34.2316525449832,3.268496584496461e-13,9.548170600882876e-15
Torsion,ENV_ULS / Left Exterior Girder / Max / set 2,7.000 m,phiTn kN-m,150.3064683732123,150.306468373222,9.691802915767767e-12,6.448027833175022e-14
Torsion,ENV_ULS / Left Exterior Girder / Max / set 2,7.000 m,Veff kN,817.7631611246451,817.7631611246451,0.0,0.0
Torsion,ENV_ULS / Left Exterior Girder / Max / set 2,7.000 m,phiTcr kN-m,110.89298521815172,110.89298521815458,2.8563817977556027e-12,2.5758002565593998e-14
Torsion,ENV_ULS / Left Exterior Girder / Max / set 2,7.000 m,Investigation threshold kN-m,27.723246304537927,27.723246304538645,7.176481631177012e-13,2.5886151832089488e-14
Torsion,ENV_ULS / Left Exterior Girder / Min / set 2,7.000 m,theta deg,29.0,29.0,0.0,0.0
Torsion,ENV_ULS / Left Exterior Girder / Min / set 2,7.000 m,phiTn kN-m,184.49924568330744,184.49924568331707,9.634959496906959e-12,5.222221620051956e-14
Torsion,ENV_ULS / Left Exterior Girder / Min / set 2,7.000 m,Veff kN,498.0696287381994,498.0696287381994,0.0,0.0
Torsion,ENV_ULS / Left Exterior Girder / Min / set 2,7.000 m,phiTcr kN-m,110.89298521815172,110.89298521815458,2.8563817977556027e-12,2.5758002565593998e-14
Torsion,ENV_ULS / Left Exterior Girder / Min / set 2,7.000 m,Investigation threshold kN-m,27.723246304537927,27.723246304538645,7.176481631177012e-13,2.5886151832089488e-14
Torsion,ENV_ULS / Left Exterior Girder / Max / set 1,8.000 m,theta deg,33.78042004065285,33.78042004065255,2.984279490192421e-13,8.834346898591058e-15
Torsion,ENV_ULS / Left Exterior Girder / Max / set 1,8.000 m,phiTn kN-m,152.88149897606522,152.88149897607494,9.72022462519817e-12,6.358012375793967e-14
Torsion,ENV_ULS / Left Exterior Girder / Max / set 1,8.000 m,Veff kN,759.0963571640309,759.0963571640309,0.0,0.0
Torsion,ENV_ULS / Left Exterior Girder / Max / set 1,8.000 m,phiTcr kN-m,110.89298521815172,110.89298521815458,2.8563817977556027e-12,2.5758002565593998e-14
Torsion,ENV_ULS / Left Exterior Girder / Max / set 1,8.000 m,Investigation threshold kN-m,27.723246304537927,27.723246304538645,7.176481631177012e-13,2.5886151832089488e-14
Torsion,ENV_ULS / Left Exterior Girder / Min / set 1,8.000 m,theta deg,29.0,29.0,0.0,0.0
Torsion,ENV_ULS / Left Exterior Girder / Min / set 1,8.000 m,phiTn kN-m,184.49924568330744,184.49924568331707,9.634959496906959e-12,5.222221620051956e-14
Torsion,ENV_ULS / Left Exterior Girder / Min / set 1,8.000 m,Veff kN,452.3676067691088,452.36760676910876,5.684341886080802e-14,1.2565758027369376e-16
Torsion,ENV_ULS / Left Exterior Girder / Min / set 1,8.000 m,phiTcr kN-m,110.89298521815172,110.89298521815458,2.8563817977556027e-12,2.5758002565593998e-14
Torsion,ENV_ULS / Left Exterior Girder / Min / set 1,8.000 m,Investigation threshold kN-m,27.723246304537927,27.723246304538645,7.176481631177012e-13,2.5886151832089488e-14
Torsion,ENV_ULS / Left Exterior Girder / Max / set 2,8.000 m,theta deg,33.64742170144447,33.6474217014442,2.7000623958883807e-13,8.024574423105025e-15
Torsion,ENV_ULS / Left Exterior Girder / Max / set 2,8.000 m,phiTn kN-m,153.65207031124098,153.65207031125055,9.57811607804615e-12,6.233639454804555e-14
Torsion,ENV_ULS / Left Exterior Girder / Max / set 2,8.000 m,Veff kN,716.0082056511818,716.0082056511819,1.1368683772161603e-13,1.5877867994295153e-16
Torsion,ENV_ULS / Left Exterior Girder / Max / set 2,8.000 m,phiTcr kN-m,110.89298521815172,110.89298521815458,2.8563817977556027e-12,2.5758002565593998e-14
Torsion,ENV_ULS / Left Exterior Girder / Max / set 2,8.000 m,Investigation threshold kN-m,27.723246304537927,27.723246304538645,7.176481631177012e-13,2.5886151832089488e-14
Torsion,ENV_ULS / Left Exterior Girder / Min / set 2,8.000 m,theta deg,29.0,29.0,0.0,0.0
Torsion,ENV_ULS / Left Exterior Girder / Min / set 2,8.000 m,phiTn kN-m,184.49924568330744,184.49924568331707,9.634959496906959e-12,5.222221620051956e-14
Torsion,ENV_ULS / Left Exterior Girder / Min / set 2,8.000 m,Veff kN,471.75260030076686,471.75260030076686,0.0,0.0
Torsion,ENV_ULS / Left Exterior Girder / Min / set 2,8.000 m,phiTcr kN-m,110.89298521815172,110.89298521815458,2.8563817977556027e-12,2.5758002565593998e-14
Torsion,ENV_ULS / Left Exterior Girder / Min / set 2,8.000 m,Investigation threshold kN-m,27.723246304537927,27.723246304538645,7.176481631177012e-13,2.5886151832089488e-14
Torsion,ENV_ULS / Left Exterior Girder / Max / set 1,9.000 m,theta deg,33.42984363151262,33.4298436315126,2.1316282072803006e-14,6.376422907557139e-16
Torsion,ENV_ULS / Left Exterior Girder / Max / set 1,9.000 m,phiTn kN-m,154.92434226693936,154.92434226694763,8.270717444247566e-12,5.3385525626414646e-14
Torsion,ENV_ULS / Left Exterior Girder / Max / set 1,9.000 m,Veff kN,663.446713711699,663.446713711699,0.0,0.0
Torsion,ENV_ULS / Left Exterior Girder / Max / set 1,9.000 m,phiTcr kN-m,110.89298521815172,110.89298521815458,2.8563817977556027e-12,2.5758002565593998e-14
Torsion,ENV_ULS / Left Exterior Girder / Max / set 1,9.000 m,Investigation threshold kN-m,27.723246304537927,27.723246304538645,7.176481631177012e-13,2.5886151832089488e-14
Torsion,ENV_ULS / Left Exterior Girder / Min / set 1,9.000 m,theta deg,29.0,29.0,0.0,0.0
Torsion,ENV_ULS / Left Exterior Girder / Min / set 1,9.000 m,phiTn kN-m,184.49924568330744,184.49924568331707,9.634959496906959e-12,5.222221620051956e-14
Torsion,ENV_ULS / Left Exterior Girder / Min / set 1,9.000 m,Veff kN,466.0516243099879,466.05162430998786,5.684341886080802e-14,1.219680736977743e-16
Torsion,ENV_ULS / Left Exterior Girder / Min / set 1,9.000 m,phiTcr kN-m,110.89298521815172,110.89298521815458,2.8563817977556027e-12,2.5758002565593998e-14
Torsion,ENV_ULS / Left Exterior Girder / Min / set 1,9.000 m,Investigation threshold kN-m,27.723246304537927,27.723246304538645,7.176481631177012e-13,2.5886151832089488e-14
Torsion,ENV_ULS / Left Exterior Girder / Max / set 2,9.000 m,theta deg,33.308410136131215,33.30841013613115,6.394884621840902e-14,1.9199008886059315e-15
Torsion,ENV_ULS / Left Exterior Girder / Max / set 2,9.000 m,phiTn kN-m,155.6407985192226,155.64079851923108,8.469669410260394e-12,5.44180542045592e-14
Torsion,ENV_ULS / Left Exterior Girder / Max / set 2,9.000 m,Veff kN,624.5193299066337,624.5193299066337,0.0,0.0
Torsion,ENV_ULS / Left Exterior Girder / Max / set 2,9.000 m,phiTcr kN-m,110.89298521815172,110.89298521815458,2.8563817977556027e-12,2.5758002565593998e-14
Torsion,ENV_ULS / Left Exterior Girder / Max / set 2,9.000 m,Investigation threshold kN-m,27.723246304537927,27.723246304538645,7.176481631177012e-13,2.5886151832089488e-14
Torsion,ENV_ULS / Left Exterior Girder / Min / set 2,9.000 m,theta deg,29.0,29.0,0.0,0.0
Torsion,ENV_ULS / Left Exterior Girder / Min / set 2,9.000 m,phiTn kN-m,184.49924568330744,184.49924568331707,9.634959496906959e-12,5.222221620051956e-14
Torsion,ENV_ULS / Left Exterior Girder / Min / set 2,9.000 m,Veff kN,501.827249535936,501.827249535936,0.0,0.0
Torsion,ENV_ULS / Left Exterior Girder / Min / set 2,9.000 m,phiTcr kN-m,110.89298521815172,110.89298521815458,2.8563817977556027e-12,2.5758002565593998e-14
Torsion,ENV_ULS / Left Exterior Girder / Min / set 2,9.000 m,Investigation threshold kN-m,27.723246304537927,27.723246304538645,7.176481631177012e-13,2.5886151832089488e-14
Torsion,ENV_ULS / Left Exterior Girder / Max / set 1,10.000 m,theta deg,33.30159062703753,33.3015906270372,3.268496584496461e-13,9.814836237410245e-15
Torsion,ENV_ULS / Left Exterior Girder / Max / set 1,10.000 m,phiTn kN-m,155.68117057552942,155.68117057553948,1.0061285138363019e-11,6.462750184346212e-14
Torsion,ENV_ULS / Left Exterior Girder / Max / set 1,10.000 m,Veff kN,585.7912363267027,585.7912363267026,1.1368683772161603e-13,1.9407398177293926e-16
Torsion,ENV_ULS / Left Exterior Girder / Max / set 1,10.000 m,phiTcr kN-m,110.89298521815172,110.89298521815458,2.8563817977556027e-12,2.5758002565593998e-14
Torsion,ENV_ULS / Left Exterior Girder / Max / set 1,10.000 m,Investigation threshold kN-m,27.723246304537927,27.723246304538645,7.176481631177012e-13,2.5886151832089488e-14
Torsion,ENV_ULS / Left Exterior Girder / Min / set 1,10.000 m,theta deg,29.0,29.0,0.0,0.0
Torsion,ENV_ULS / Left Exterior Girder / Min / set 1,10.000 m,phiTn kN-m,184.49924568330744,184.49924568331707,9.634959496906959e-12,5.222221620051956e-14
Torsion,ENV_ULS / Left Exterior Girder / Min / set 1,10.000 m,Veff kN,530.8256699761264,530.8256699761264,0.0,0.0
Torsion,ENV_ULS / Left Exterior Girder / Min / set 1,10.000 m,phiTcr kN-m,110.89298521815172,110.89298521815458,2.8563817977556027e-12,2.5758002565593998e-14
Torsion,ENV_ULS / Left Exterior Girder / Min / set 1,10.000 m,Investigation threshold kN-m,27.723246304537927,27.723246304538645,7.176481631177012e-13,2.5886151832089488e-14
Torsion,ENV_ULS / Left Exterior Girder / Max / set 2,10.000 m,theta deg,33.19642057219492,33.1964205721949,1.4210854715202004e-14,4.280839461078801e-16
Torsion,ENV_ULS / Left Exterior Girder / Max / set 2,10.000 m,phiTn kN-m,156.30564439178107,156.30564439178926,8.185452315956354e-12,5.2368245227530225e-14
Torsion,ENV_ULS / Left Exterior Girder / Max / set 2,10.000 m,Veff kN,551.7663693717659,551.7663693717658,1.1368683772161603e-13,2.0604162202030983e-16
Torsion,ENV_ULS / Left Exterior Girder / Max / set 2,10.000 m,phiTcr kN-m,110.89298521815172,110.89298521815458,2.8563817977556027e-12,2.5758002565593998e-14
Torsion,ENV_ULS / Left Exterior Girder / Max / set 2,10.000 m,Investigation threshold kN-m,27.723246304537927,27.723246304538645,7.176481631177012e-13,2.5886151832089488e-14
Torsion,ENV_ULS / Left Exterior Girder / Min / set 2,10.000 m,theta deg,29.0,29.0,0.0,0.0
Torsion,ENV_ULS / Left Exterior Girder / Min / set 2,10.000 m,phiTn kN-m,184.49924568330744,184.49924568331707,9.634959496906959e-12,5.222221620051956e-14
Torsion,ENV_ULS / Left Exterior Girder / Min / set 2,10.000 m,Veff kN,577.607243470319,577.607243470319,0.0,0.0
Torsion,ENV_ULS / Left Exterior Girder / Min / set 2,10.000 m,phiTcr kN-m,110.89298521815172,110.89298521815458,2.8563817977556027e-12,2.5758002565593998e-14
Torsion,ENV_ULS / Left Exterior Girder / Min / set 2,10.000 m,Investigation threshold kN-m,27.723246304537927,27.723246304538645,7.176481631177012e-13,2.5886151832089488e-14
Torsion,ENV_ULS / Left Exterior Girder / Max / set 1,11.000 m,theta deg,33.04271568217999,33.04271568217965,3.410605131648481e-13,1.0321806368620795e-14
Torsion,ENV_ULS / Left Exterior Girder / Max / set 1,11.000 m,phiTn kN-m,157.22463559620462,157.2246355962149,1.028865881380625e-11,6.543922824047521e-14
Torsion,ENV_ULS / Left Exterior Girder / Max / set 1,11.000 m,Veff kN,531.9796062478498,531.9796062478498,0.0,0.0
Torsion,ENV_ULS / Left Exterior Girder / Max / set 1,11.000 m,phiTcr kN-m,110.89298521815172,110.89298521815458,2.8563817977556027e-12,2.5758002565593998e-14
Torsion,ENV_ULS / Left Exterior Girder / Max / set 1,11.000 m,Investigation threshold kN-m,27.723246304537927,27.723246304538645,7.176481631177012e-13,2.5886151832089488e-14
Torsion,ENV_ULS / Left Exterior Girder / Min / set 1,11.000 m,theta deg,29.0,29.0,0.0,0.0
Torsion,ENV_ULS / Left Exterior Girder / Min / set 1,11.000 m,phiTn kN-m,184.49924568330744,184.49924568331707,9.634959496906959e-12,5.222221620051956e-14
Torsion,ENV_ULS / Left Exterior Girder / Min / set 1,11.000 m,Veff kN,628.7754593782741,628.7754593782741,0.0,0.0
Torsion,ENV_ULS / Left Exterior Girder / Min / set 1,11.000 m,phiTcr kN-m,110.89298521815172,110.89298521815458,2.8563817977556027e-12,2.5758002565593998e-14
Torsion,ENV_ULS / Left Exterior Girder / Min / set 1,11.000 m,Investigation threshold kN-m,27.723246304537927,27.723246304538645,7.176481631177012e-13,2.5886151832089488e-14
Torsion,ENV_ULS / Left Exterior Girder / Max / set 2,11.000 m,theta deg,32.95938174128202,32.95938174128175,2.7000623958883807e-13,8.19209054673056e-15
Torsion,ENV_ULS / Left Exterior Girder / Max / set 2,11.000 m,phiTn kN-m,157.7260588427868,157.72605884279673,9.919176591210999e-12,6.288863529581563e-14
Torsion,ENV_ULS / Left Exterior Girder / Max / set 2,11.000 m,Veff kN,505.69355576872255,505.6935557687225,5.684341886080802e-14,1.1240684840129778e-16
Torsion,ENV_ULS / Left Exterior Girder / Max / set 2,11.000 m,phiTcr kN-m,110.89298521815172,110.89298521815458,2.8563817977556027e-12,2.5758002565593998e-14
Torsion,ENV_ULS / Left Exterior Girder / Max / set 2,11.000 m,Investigation threshold kN-m,27.723246304537927,27.723246304538645,7.176481631177012e-13,2.5886151832089488e-14
Torsion,ENV_ULS / Left Exterior Girder / Min / set 2,11.000 m,theta deg,29.0,29.0,0.0,0.0
Torsion,ENV_ULS / Left Exterior Girder / Min / set 2,11.000 m,phiTn kN-m,184.49924568330744,184.49924568331707,9.634959496906959e-12,5.222221620051956e-14
Torsion,ENV_ULS / Left Exterior Girder / Min / set 2,11.000 m,Veff kN,679.8193575219029,679.8193575219028,1.1368683772161603e-13,1.672309510809321e-16
Torsion,ENV_ULS / Left Exterior Girder / Min / set 2,11.000 m,phiTcr kN-m,110.89298521815172,110.89298521815458,2.8563817977556027e-12,2.5758002565593998e-14
Torsion,ENV_ULS / Left Exterior Girder / Min / set 2,11.000 m,Investigation threshold kN-m,27.723246304537927,27.723246304538645,7.176481631177012e-13,2.5886151832089488e-14
Torsion,ENV_ULS / Left Exterior Girder / Max / set 1,12.000 m,theta deg,33.03491072143236,33.03491072143215,2.1316282072803006e-13,6.452653150042747e-15
Torsion,ENV_ULS / Left Exterior Girder / Max / set 1,12.000 m,phiTn kN-m,157.27150309213982,157.27150309214935,9.521272659185342e-12,6.054035519458721e-14
Torsion,ENV_ULS / Left Exterior Girder / Max / set 1,12.000 m,Veff kN,510.4500908061912,510.45009080619116,5.684341886080802e-14,1.1135940591377122e-16
Torsion,ENV_ULS / Left Exterior Girder / Max / set 1,12.000 m,phiTcr kN-m,110.89298521815172,110.89298521815458,2.8563817977556027e-12,2.5758002565593998e-14
Torsion,ENV_ULS / Left Exterior Girder / Max / set 1,12.000 m,Investigation threshold kN-m,27.723246304537927,27.723246304538645,7.176481631177012e-13,2.5886151832089488e-14
Torsion,ENV_ULS / Left Exterior Girder / Min / set 1,12.000 m,theta deg,29.0,29.0,0.0,0.0
Torsion,ENV_ULS / Left Exterior Girder / Min / set 1,12.000 m,phiTn kN-m,184.49924568330744,184.49924568331707,9.634959496906959e-12,5.222221620051956e-14
Torsion,ENV_ULS / Left Exterior Girder / Min / set 1,12.000 m,Veff kN,738.8484485898306,738.8484485898306,0.0,0.0
Torsion,ENV_ULS / Left Exterior Girder / Min / set 1,12.000 m,phiTcr kN-m,110.89298521815172,110.89298521815458,2.8563817977556027e-12,2.5758002565593998e-14
Torsion,ENV_ULS / Left Exterior Girder / Min / set 1,12.000 m,Investigation threshold kN-m,27.723246304537927,27.723246304538645,7.176481631177012e-13,2.5886151832089488e-14
Torsion,ENV_ULS / Left Exterior Girder / Max / set 2,12.000 m,theta deg,32.97741501837746,32.97741501837715,3.055333763768431e-13,9.26492801835984e-15
Torsion,ENV_ULS / Left Exterior Girder / Max / set 2,12.000 m,phiTn kN-m,157.61736142151045,157.61736142152054,1.0089706847793423e-11,6.401393067867845e-14
Torsion,ENV_ULS / Left Exterior Girder / Max / set 2,12.000 m,Veff kN,493.9582111829852,493.9582111829852,0.0,0.0
Torsion,ENV_ULS / Left Exterior Girder / Max / set 2,12.000 m,phiTcr kN-m,110.89298521815172,110.89298521815458,2.8563817977556027e-12,2.5758002565593998e-14
Torsion,ENV_ULS / Left Exterior Girder / Max / set 2,12.000 m,Investigation threshold kN-m,27.723246304537927,27.723246304538645,7.176481631177012e-13,2.5886151832089488e-14
Torsion,ENV_ULS / Left Exterior Girder / Min / set 2,12.000 m,theta deg,29.0,29.0,0.0,0.0
Torsion,ENV_ULS / Left Exterior Girder / Min / set 2,12.000 m,phiTn kN-m,184.49924568330744,184.49924568331707,9.634959496906959e-12,5.222221620051956e-14
Torsion,ENV_ULS / Left Exterior Girder / Min / set 2,12.000 m,Veff kN,789.5543845766168,789.5543845766168,0.0,0.0
Torsion,ENV_ULS / Left Exterior Girder / Min / set 2,12.000 m,phiTcr kN-m,110.89298521815172,110.89298521815458,2.8563817977556027e-12,2.5758002565593998e-14
Torsion,ENV_ULS / Left Exterior Girder / Min / set 2,12.000 m,Investigation threshold kN-m,27.723246304537927,27.723246304538645,7.176481631177012e-13,2.5886151832089488e-14
Torsion,ENV_ULS / Left Exterior Girder / Max / set 1,13.000 m,theta deg,33.33938624452789,33.3393862445276,2.8421709430404007e-13,8.524964803474511e-15
Torsion,ENV_ULS / Left Exterior Girder / Max / set 1,13.000 m,phiTn kN-m,155.45760133281863,155.45760133282846,9.833911462919787e-12,6.325783608268712e-14
Torsion,ENV_ULS / Left Exterior Girder / Max / set 1,13.000 m,Veff kN,530.0359804179196,530.0359804179196,0.0,0.0
Torsion,ENV_ULS / Left Exterior Girder / Max / set 1,13.000 m,phiTcr kN-m,110.89298521815172,110.89298521815458,2.8563817977556027e-12,2.5758002565593998e-14
Torsion,ENV_ULS / Left Exterior Girder / Max / set 1,13.000 m,Investigation threshold kN-m,27.723246304537927,27.723246304538645,7.176481631177012e-13,2.5886151832089488e-14
Torsion,ENV_ULS / Left Exterior Girder / Min / set 1,13.000 m,theta deg,29.0,29.0,0.0,0.0
Torsion,ENV_ULS / Left Exterior Girder / Min / set 1,13.000 m,phiTn kN-m,184.49924568330744,184.49924568331707,9.634959496906959e-12,5.222221620051956e-14
Torsion,ENV_ULS / Left Exterior Girder / Min / set 1,13.000 m,Veff kN,854.1447191201311,854.144719120131,1.1368683772161603e-13,1.331002055936455e-16
Torsion,ENV_ULS / Left Exterior Girder / Min / set 1,13.000 m,phiTcr kN-m,110.89298521815172,110.89298521815458,2.8563817977556027e-12,2.5758002565593998e-14
Torsion,ENV_ULS / Left Exterior Girder / Min / set 1,13.000 m,Investigation threshold kN-m,27.723246304537927,27.723246304538645,7.176481631177012e-13,2.5886151832089488e-14
Torsion,ENV_ULS / Left Exterior Girder / Max / set 2,13.000 m,theta deg,33.32261813845744,33.32261813845715,2.913225216616411e-13,8.742485973076346e-15
Torsion,ENV_ULS / Left Exterior Girder / Max / set 2,13.000 m,phiTn kN-m,155.556732933436,155.55673293344583,9.833911462919787e-12,6.321752377717509e-14
Torsion,ENV_ULS / Left Exterior Girder / Max / set 2,13.000 m,Veff kN,527.6580521230754,527.6580521230755,1.1368683772161603e-13,2.1545551567760161e-16
Torsion,ENV_ULS / Left Exterior Girder / Max / set 2,13.000 m,phiTcr kN-m,110.89298521815172,110.89298521815458,2.8563817977556027e-12,2.5758002565593998e-14
Torsion,ENV_ULS / Left Exterior Girder / Max / set 2,13.000 m,Investigation threshold kN-m,27.723246304537927,27.723246304538645,7.176481631177012e-13,2.5886151832089488e-14
Torsion,ENV_ULS / Left Exterior Girder / Min / set 2,13.000 m,theta deg,29.0,29.0,0.0,0.0
Torsion,ENV_ULS / Left Exterior Girder / Min / set 2,13.000 m,phiTn kN-m,184.49924568330744,184.49924568331707,9.634959496906959e-12,5.222221620051956e-14
Torsion,ENV_ULS / Left Exterior Girder / Min / set 2,13.000 m,Veff kN,903.388792536658,903.3887925366579,1.1368683772161603e-13,1.258448617703023e-16
Torsion,ENV_ULS / Left Exterior Girder / Min / set 2,13.000 m,phiTcr kN-m,110.89298521815172,110.89298521815458,2.8563817977556027e-12,2.5758002565593998e-14
Torsion,ENV_ULS / Left Exterior Girder / Min / set 2,13.000 m,Investigation threshold kN-m,27.723246304537927,27.723246304538645,7.176481631177012e-13,2.5886151832089488e-14
Torsion,ENV_ULS / Left Exterior Girder / Min / set 1,14.000 m,theta deg,29.0,29.0,0.0,0.0
Torsion,ENV_ULS / Left Exterior Girder / Min / set 1,14.000 m,phiTn kN-m,184.49924568330744,184.49924568331707,9.634959496906959e-12,5.222221620051956e-14
Torsion,ENV_ULS / Left Exterior Girder / Min / set 1,14.000 m,Veff kN,976.5817735570156,976.5817735570157,1.1368683772161603e-13,1.1641302428524042e-16
Torsion,ENV_ULS / Left Exterior Girder / Min / set 1,14.000 m,phiTcr kN-m,110.89298521815172,110.89298521815458,2.8563817977556027e-12,2.5758002565593998e-14
Torsion,ENV_ULS / Left Exterior Girder / Min / set 1,14.000 m,Investigation threshold kN-m,27.723246304537927,27.723246304538645,7.176481631177012e-13,2.5886151832089488e-14
Torsion,ENV_ULS / Left Exterior Girder / Min / set 2,14.000 m,theta deg,29.0,29.0,0.0,0.0
Torsion,ENV_ULS / Left Exterior Girder / Min / set 2,14.000 m,phiTn kN-m,184.49924568330744,184.49924568331707,9.634959496906959e-12,5.222221620051956e-14
Torsion,ENV_ULS / Left Exterior Girder / Min / set 2,14.000 m,Veff kN,1027.4417956267864,1027.4417956267862,2.2737367544323206e-13,2.2130078454178884e-16
Torsion,ENV_ULS / Left Exterior Girder / Min / set 2,14.000 m,phiTcr kN-m,110.89298521815172,110.89298521815458,2.8563817977556027e-12,2.5758002565593998e-14
Torsion,ENV_ULS / Left Exterior Girder / Min / set 2,14.000 m,Investigation threshold kN-m,27.723246304537927,27.723246304538645,7.176481631177012e-13,2.5886151832089488e-14
Torsion,ENV_ULS / Left Exterior Girder / Min / set 1,15.000 m,theta deg,29.0,29.0,0.0,0.0
Torsion,ENV_ULS / Left Exterior Girder / Min / set 1,15.000 m,phiTn kN-m,184.49924568330744,184.49924568331707,9.634959496906959e-12,5.222221620051956e-14
Torsion,ENV_ULS / Left Exterior Girder / Min / set 1,15.000 m,Veff kN,1117.1412648176351,1117.1412648176351,0.0,0.0
Torsion,ENV_ULS / Left Exterior Girder / Min / set 1,15.000 m,phiTcr kN-m,110.89298521815172,110.89298521815458,2.8563817977556027e-12,2.5758002565593998e-14
Torsion,ENV_ULS / Left Exterior Girder / Min / set 1,15.000 m,Investigation threshold kN-m,27.723246304537927,27.723246304538645,7.176481631177012e-13,2.5886151832089488e-14
Torsion,ENV_ULS / Left Exterior Girder / Min / set 2,15.000 m,theta deg,29.0,29.0,0.0,0.0
Torsion,ENV_ULS / Left Exterior Girder / Min / set 2,15.000 m,phiTn kN-m,184.49924568330744,184.49924568331707,9.634959496906959e-12,5.222221620051956e-14
Torsion,ENV_ULS / Left Exterior Girder / Min / set 2,15.000 m,Veff kN,1167.5838338920848,1167.5838338920846,2.2737367544323206e-13,1.9473862933275878e-16
Torsion,ENV_ULS / Left Exterior Girder / Min / set 2,15.000 m,phiTcr kN-m,110.89298521815172,110.89298521815458,2.8563817977556027e-12,2.5758002565593998e-14
Torsion,ENV_ULS / Left Exterior Girder / Min / set 2,15.000 m,Investigation threshold kN-m,27.723246304537927,27.723246304538645,7.176481631177012e-13,2.5886151832089488e-14
Torsion,ENV_ULS / Left Exterior Girder / Min / set 1,16.000 m,theta deg,29.393557712316312,29.3935577123163,1.0658141036401503e-14,3.626012591165715e-16
Torsion,ENV_ULS / Left Exterior Girder / Min / set 1,16.000 m,phiTn kN-m,242.06270708511695,242.06270708512977,1.2818190953112207e-11,5.295400975832367e-14
Torsion,ENV_ULS / Left Exterior Girder / Min / set 1,16.000 m,Veff kN,1272.8842031180552,1272.8842031180552,0.0,0.0
Torsion,ENV_ULS / Left Exterior Girder / Min / set 1,16.000 m,phiTcr kN-m,110.89298521815172,110.89298521815458,2.8563817977556027e-12,2.5758002565593998e-14
Torsion,ENV_ULS / Left Exterior Girder / Min / set 1,16.000 m,Investigation threshold kN-m,27.723246304537927,27.723246304538645,7.176481631177012e-13,2.5886151832089488e-14
Torsion,ENV_ULS / Left Exterior Girder / Min / set 2,16.000 m,theta deg,29.621029531902483,29.62102953190215,3.339550858072471e-13,1.1274256536140112e-14
Torsion,ENV_ULS / Left Exterior Girder / Min / set 2,16.000 m,phiTn kN-m,239.8310722313928,239.8310722314086,1.5802470443304628e-11,6.589000456144862e-14
Torsion,ENV_ULS / Left Exterior Girder / Min / set 2,16.000 m,Veff kN,1330.5739169178632,1330.5739169178635,2.2737367544323206e-13,1.708839114852932e-16
Torsion,ENV_ULS / Left Exterior Girder / Min / set 2,16.000 m,phiTcr kN-m,110.89298521815172,110.89298521815458,2.8563817977556027e-12,2.5758002565593998e-14
Torsion,ENV_ULS / Left Exterior Girder / Min / set 2,16.000 m,Investigation threshold kN-m,27.723246304537927,27.723246304538645,7.176481631177012e-13,2.5886151832089488e-14
Torsion,ENV_ULS / Left Exterior Girder / Min / set 1,17.000 m,theta deg,31.69187488108699,31.69187488108665,3.375077994860476e-13,1.0649663383830547e-14
Torsion,ENV_ULS / Left Exterior Girder / Min / set 1,17.000 m,phiTn kN-m,220.8548435490272,220.8548435490417,1.4495071809506044e-11,6.563166818792161e-14
Torsion,ENV_ULS / Left Exterior Girder / Min / set 1,17.000 m,Veff kN,1459.3568023473074,1459.3568023473072,2.2737367544323206e-13,1.5580403303531537e-16
Torsion,ENV_ULS / Left Exterior Girder / Min / set 1,17.000 m,phiTcr kN-m,110.89298521815172,110.89298521815458,2.8563817977556027e-12,2.5758002565593998e-14
Torsion,ENV_ULS / Left Exterior Girder / Min / set 1,17.000 m,Investigation threshold kN-m,27.723246304537927,27.723246304538645,7.176481631177012e-13,2.5886151832089488e-14
Torsion,ENV_ULS / Left Exterior Girder / Max / set 2,17.000 m,theta deg,35.48895893015622,35.48895893015615,7.105427357601002e-14,2.002151534392654e-15
Torsion,ENV_ULS / Left Exterior Girder / Max / set 2,17.000 m,phiTn kN-m,191.24686929600503,191.24686929601557,1.0544454198679887e-11,5.513530358689939e-14
Torsion,ENV_ULS / Left Exterior Girder / Max / set 2,17.000 m,Veff kN,1027.603966907668,1027.6039669076679,2.2737367544323206e-13,2.2126585996690884e-16
Torsion,ENV_ULS / Left Exterior Girder / Max / set 2,17.000 m,phiTcr kN-m,110.89298521815172,110.89298521815458,2.8563817977556027e-12,2.5758002565593998e-14
Torsion,ENV_ULS / Left Exterior Girder / Max / set 2,17.000 m,Investigation threshold kN-m,27.723246304537927,27.723246304538645,7.176481631177012e-13,2.5886151832089488e-14
Torsion,ENV_ULS / Left Exterior Girder / Min / set 2,17.000 m,theta deg,32.221288959288145,32.22128895928805,9.237055564881302e-14,2.8667554474783494e-15
Torsion,ENV_ULS / Left Exterior Girder / Min / set 2,17.000 m,phiTn kN-m,216.3568389901708,216.35683899018284,1.2050804798491299e-11,5.5698746823704996e-14
Torsion,ENV_ULS / Left Exterior Girder / Min / set 2,17.000 m,Veff kN,1518.1490730477478,1518.149073047748,2.2737367544323206e-13,1.4977032195314644e-16
Torsion,ENV_ULS / Left Exterior Girder / Min / set 2,17.000 m,phiTcr kN-m,110.89298521815172,110.89298521815458,2.8563817977556027e-12,2.5758002565593998e-14
Torsion,ENV_ULS / Left Exterior Girder / Min / set 2,17.000 m,Investigation threshold kN-m,27.723246304537927,27.723246304538645,7.176481631177012e-13,2.5886151832089488e-14
Torsion,ENV_ULS / Left Exterior Girder / Max / set 1,18.000 m,theta deg,37.65730305724916,37.657303057248996,1.6342482922482304e-13,4.3397911150560715e-15
Torsion,ENV_ULS / Left Exterior Girder / Max / set 1,18.000 m,phiTn kN-m,176.7005232127158,176.70052321272613,1.0317080523236655e-11,5.838737959375555e-14
Torsion,ENV_ULS / Left Exterior Girder / Max / set 1,18.000 m,Veff kN,1140.4767103783142,1140.476710378314,2.2737367544323206e-13,1.993672237005249e-16
Torsion,ENV_ULS / Left Exterior Girder / Max / set 1,18.000 m,phiTcr kN-m,110.89298521815172,110.89298521815458,2.8563817977556027e-12,2.5758002565593998e-14
Torsion,ENV_ULS / Left Exterior Girder / Max / set 1,18.000 m,Investigation threshold kN-m,27.723246304537927,27.723246304538645,7.176481631177012e-13,2.5886151832089488e-14
Torsion,ENV_ULS / Left Exterior Girder / Min / set 1,18.000 m,theta deg,38.336148567934224,38.33614856793395,2.7711166694643907e-13,7.228469142000028e-15
Torsion,ENV_ULS / Left Exterior Girder / Min / set 1,18.000 m,phiTn kN-m,172.4372491332066,172.43724913321734,1.0743406164692715e-11,6.230327970723331e-14
Torsion,ENV_ULS / Left Exterior Girder / Min / set 1,18.000 m,Veff kN,1612.1312170160554,1612.1312170160554,0.0,0.0
Torsion,ENV_ULS / Left Exterior Girder / Min / set 1,18.000 m,phiTcr kN-m,110.89298521815172,110.89298521815458,2.8563817977556027e-12,2.5758002565593998e-14
Torsion,ENV_ULS / Left Exterior Girder / Min / set 1,18.000 m,Investigation threshold kN-m,27.723246304537927,27.723246304538645,7.176481631177012e-13,2.5886151832089488e-14
Torsion,ENV_ULS / Left Exterior Girder / Max / set 2,18.000 m,theta deg,37.81353657386675,37.8135365738665,2.4868995751603507e-13,6.576744204558439e-15
Torsion,ENV_ULS / Left Exterior Girder / Max / set 2,18.000 m,phiTn kN-m,175.70783499032137,175.70783499033215,1.0771827874123119e-11,6.13053360694804e-14
Torsion,ENV_ULS / Left Exterior Girder / Max / set 2,18.000 m,Veff kN,1173.721089264367,1173.721089264367,0.0,0.0
Torsion,ENV_ULS / Left Exterior Girder / Max / set 2,18.000 m,phiTcr kN-m,110.89298521815172,110.89298521815458,2.8563817977556027e-12,2.5758002565593998e-14
Torsion,ENV_ULS / Left Exterior Girder / Max / set 2,18.000 m,Investigation threshold kN-m,27.723246304537927,27.723246304538645,7.176481631177012e-13,2.5886151832089488e-14
Torsion,ENV_ULS / Left Exterior Girder / Min / set 2,18.000 m,theta deg,38.64673899932061,38.646738999320505,1.0658141036401503e-13,2.7578370937296665e-15
Torsion,ENV_ULS / Left Exterior Girder / Min / set 2,18.000 m,phiTn kN-m,170.5290626762826,170.52906267629214,9.549694368615746e-12,5.600039206656236e-14
Torsion,ENV_ULS / Left Exterior Girder / Min / set 2,18.000 m,Veff kN,1641.0664699957272,1641.0664699957274,2.2737367544323206e-13,1.385523862685611e-16
Torsion,ENV_ULS / Left Exterior Girder / Min / set 2,18.000 m,phiTcr kN-m,110.89298521815172,110.89298521815458,2.8563817977556027e-12,2.5758002565593998e-14
Torsion,ENV_ULS / Left Exterior Girder / Min / set 2,18.000 m,Investigation threshold kN-m,27.723246304537927,27.723246304538645,7.176481631177012e-13,2.5886151832089488e-14
Torsion,ENV_ULS / Left Exterior Girder / Max / set 1,19.000 m,theta deg,40.89198077064551,40.8919807706455,7.105427357601002e-15,1.73760899415801e-16
Torsion,ENV_ULS / Left Exterior Girder / Max / set 1,19.000 m,phiTn kN-m,236.1933062306191,236.19330623063158,1.247713043994736e-11,5.282592736884775e-14
Torsion,ENV_ULS / Left Exterior Girder / Max / set 1,19.000 m,Veff kN,1290.1771609747536,1290.1771609747539,2.2737367544323206e-13,1.7623446013526301e-16
Torsion,ENV_ULS / Left Exterior Girder / Max / set 1,19.000 m,phiTcr kN-m,110.89298521815172,110.89298521815458,2.8563817977556027e-12,2.5758002565593998e-14
Torsion,ENV_ULS / Left Exterior Girder / Max / set 1,19.000 m,Investigation threshold kN-m,27.723246304537927,27.723246304538645,7.176481631177012e-13,2.5886151832089488e-14
Torsion,ENV_ULS / Left Exterior Girder / Min / set 1,19.000 m,theta deg,44.40341517764447,44.4034151776442,2.7000623958883807e-13,6.0807538904074705e-15
Torsion,ENV_ULS / Left Exterior Girder / Min / set 1,19.000 m,phiTn kN-m,208.8436543262501,208.84365432626305,1.2960299500264227e-11,6.205742540789476e-14
Torsion,ENV_ULS / Left Exterior Girder / Min / set 1,19.000 m,Veff kN,1561.5369213489578,1561.5369213489578,0.0,0.0
Torsion,ENV_ULS / Left Exterior Girder / Min / set 1,19.000 m,phiTcr kN-m,110.89298521815172,110.89298521815458,2.8563817977556027e-12,2.5758002565593998e-14
Torsion,ENV_ULS / Left Exterior Girder / Min / set 1,19.000 m,Investigation threshold kN-m,27.723246304537927,27.723246304538645,7.176481631177012e-13,2.5886151832089488e-14
Torsion,ENV_ULS / Left Exterior Girder / Max / set 2,19.000 m,theta deg,41.313694126510285,41.31369412651,2.8421709430404007e-13,6.8794887582242334e-15
Torsion,ENV_ULS / Left Exterior Girder / Max / set 2,19.000 m,phiTn kN-m,232.7098931895616,232.70989318957606,1.446665010007564e-11,6.216602956493324e-14
Torsion,ENV_ULS / Left Exterior Girder / Max / set 2,19.000 m,Veff kN,1322.7667018660695,1322.7667018660698,2.2737367544323206e-13,1.7189250010789405e-16
Torsion,ENV_ULS / Left Exterior Girder / Max / set 2,19.000 m,phiTcr kN-m,110.89298521815172,110.89298521815458,2.8563817977556027e-12,2.5758002565593998e-14
Torsion,ENV_ULS / Left Exterior Girder / Max / set 2,19.000 m,Investigation threshold kN-m,27.723246304537927,27.723246304538645,7.176481631177012e-13,2.5886151832089488e-14
Torsion,ENV_ULS / Left Exterior Girder / Min / set 2,19.000 m,theta deg,43.48337793771415,43.483377937713996,1.5631940186722204e-13,3.5949231472112275e-15
Torsion,ENV_ULS / Left Exterior Girder / Min / set 2,19.000 m,phiTn kN-m,215.66461778221745,215.6646177822299,1.2448708730516955e-11,5.772253630907226e-14
Torsion,ENV_ULS / Left Exterior Girder / Min / set 2,19.000 m,Veff kN,1490.4374628298938,1490.437462829894,2.2737367544323206e-13,1.525549921507727e-16
Torsion,ENV_ULS / Left Exterior Girder / Min / set 2,19.000 m,phiTcr kN-m,110.89298521815172,110.89298521815458,2.8563817977556027e-12,2.5758002565593998e-14
Torsion,ENV_ULS / Left Exterior Girder / Min / set 2,19.000 m,Investigation threshold kN-m,27.723246304537927,27.723246304538645,7.176481631177012e-13,2.5886151832089488e-14
Torsion,ENV_ULS / Left Exterior Girder / Max / set 1,20.000 m,theta deg,50.0,50.0,0.0,0.0
Torsion,ENV_ULS / Left Exterior Girder / Max / set 1,20.000 m,phiTn kN-m,171.6287704169534,171.62877041696237,8.981260180007666e-12,5.232957247312443e-14
Torsion,ENV_ULS / Left Exterior Girder / Max / set 1,20.000 m,Veff kN,1466.204878298767,1466.204878298767,0.0,0.0
Torsion,ENV_ULS / Left Exterior Girder / Max / set 1,20.000 m,phiTcr kN-m,110.89298521815172,110.89298521815458,2.8563817977556027e-12,2.5758002565593998e-14
Torsion,ENV_ULS / Left Exterior Girder / Max / set 1,20.000 m,Investigation threshold kN-m,27.723246304537927,27.723246304538645,7.176481631177012e-13,2.5886151832089488e-14
Torsion,ENV_ULS / Left Exterior Girder / Min / set 1,20.000 m,theta deg,47.8211699683736,47.821169968373496,1.0658141036401503e-13,2.228749535707775e-15
Torsion,ENV_ULS / Left Exterior Girder / Min / set 1,20.000 m,phiTn kN-m,185.32716024264727,185.32716024265767,1.0402345651527867e-11,5.6129633875075734e-14
Torsion,ENV_ULS / Left Exterior Girder / Min / set 1,20.000 m,Veff kN,1155.5388378386122,1155.5388378386124,2.2737367544323206e-13,1.9676852737249847e-16
Torsion,ENV_ULS / Left Exterior Girder / Min / set 1,20.000 m,phiTcr kN-m,110.89298521815172,110.89298521815458,2.8563817977556027e-12,2.5758002565593998e-14
Torsion,ENV_ULS / Left Exterior Girder / Min / set 1,20.000 m,Investigation threshold kN-m,27.723246304537927,27.723246304538645,7.176481631177012e-13,2.5886151832089488e-14
Combined,ENV_ULS / Left Exterior Girder / Max / set 1,0.000 m,beta,1.0028849659974708,1.0028849659974854,1.4654943925052066e-14,1.4612786532776493e-14
Combined,ENV_ULS / Left Exterior Girder / Max / set 1,0.000 m,theta deg,46.66889599452142,46.6688959945211,3.197442310920451e-13,6.851334797583017e-15
Combined,ENV_ULS / Left Exterior Girder / Max / set 1,0.000 m,Vc kN,140.67097341372994,140.67097341373568,5.7411853049416095e-12,4.081286398762502e-14
Combined,ENV_ULS / Left Exterior Girder / Max / set 1,0.000 m,At torsion mm2/mm,0.7010387700652468,0.7010387700652392,7.66053886991358e-15,1.0927411146177672e-14
Combined,ENV_ULS / Left Exterior Girder / Max / set 1,0.000 m,Combined transverse mm2/mm,2.8559868822738004,2.8559868822737564,4.39648317751562e-14,1.539391936567796e-14
Combined,ENV_ULS / Left Exterior Girder / Max / set 1,0.000 m,Vs allocated kN,398.6145832223,398.6145832223116,1.1596057447604835e-11,2.909090117542837e-14
Combined,ENV_ULS / Left Exterior Girder / Max / set 1,0.000 m,Vs used kN,398.6145832223,398.6145832223116,1.1596057447604835e-11,2.909090117542837e-14
Combined,ENV_ULS / Left Exterior Girder / Max / set 1,0.000 m,Longitudinal required kN,1055.163549239677,1055.1635492396808,3.865352482534945e-12,3.663273324140321e-15
Combined,ENV_ULS / Left Exterior Girder / Max / set 1,0.000 m,Longitudinal resistance kN,838.0512562716128,838.0512562716134,5.684341886080801e-13,6.782809337187486e-16
Combined,ENV_ULS / Left Exterior Girder / Max / set 1,0.000 m,Transverse D/C,1.262623415887462,1.2626234158874425,1.9539925233402755e-14,1.547565567653361e-14
Combined,ENV_ULS / Left Exterior Girder / Max / set 1,0.000 m,Longitudinal D/C,1.2590680359265494,1.2590680359265534,3.9968028886505635e-15,3.1744137525573032e-15
Combined,ENV_ULS / Left Exterior Girder / Max / set 1,0.000 m,Conservative Veff D/C,0.4501687622100284,0.4501687622100284,0.0,0.0
Combined,ENV_ULS / Left Exterior Girder / Min / set 1,0.000 m,beta,0.8727272727272727,0.8727272727272727,0.0,0.0
Combined,ENV_ULS / Left Exterior Girder / Min / set 1,0.000 m,theta deg,50.0,50.0,0.0,0.0
Combined,ENV_ULS / Left Exterior Girder / Min / set 1,0.000 m,Vc kN,122.41423407633856,122.41423407634177,3.211653165635653e-12,2.6235945434521564e-14
Combined,ENV_ULS / Left Exterior Girder / Min / set 1,0.000 m,At torsion mm2/mm,0.3657433115338731,0.3657433115338731,0.0,0.0
Combined,ENV_ULS / Left Exterior Girder / Min / set 1,0.000 m,Combined transverse mm2/mm,4.40648076503762,4.406480765037612,7.993605777301127e-15,1.814056659619368e-15
Combined,ENV_ULS / Left Exterior Girder / Min / set 1,0.000 m,Vs allocated kN,631.0600544267753,631.0600544267753,0.0,0.0
Combined,ENV_ULS / Left Exterior Girder / Min / set 1,0.000 m,Vs used kN,631.0600544267753,631.0600544267753,0.0,0.0
Combined,ENV_ULS / Left Exterior Girder / Min / set 1,0.000 m,Longitudinal required kN,1320.7402064594582,1320.7402064594582,0.0,0.0
Combined,ENV_ULS / Left Exterior Girder / Min / set 1,0.000 m,Longitudinal resistance kN,661.6194128460102,661.6194128460105,3.410605131648481e-13,5.154935096262489e-16
Combined,ENV_ULS / Left Exterior Girder / Min / set 1,0.000 m,Transverse D/C,1.948092209430816,1.9480922094308126,3.3306690738754696e-15,1.7097081225167539e-15
Combined,ENV_ULS / Left Exterior Girder / Min / set 1,0.000 m,Longitudinal D/C,1.996223479565368,1.996223479565367,8.881784197001252e-16,4.449293522454241e-16
Combined,ENV_ULS / Left Exterior Girder / Min / set 1,0.000 m,Conservative Veff D/C,0.5996476471180237,0.5996476471180237,0.0,0.0
Combined,ENV_ULS / Left Exterior Girder / Max / set 1,1.000 m,beta,1.242633628860166,1.2426336288601874,2.1316282072803006e-14,1.7154116529387254e-14
Combined,ENV_ULS / Left Exterior Girder / Max / set 1,1.000 m,theta deg,42.35956365557796,42.359563655577645,3.126388037344441e-13,7.380595472523895e-15
Combined,ENV_ULS / Left Exterior Girder / Max / set 1,1.000 m,Vc kN,180.61020054474804,180.61020054475588,7.844391802791506e-12,4.343271741646528e-14
Combined,ENV_ULS / Left Exterior Girder / Max / set 1,1.000 m,At torsion mm2/mm,0.9110266131298916,0.9110266131298814,1.021405182655144e-14,1.1211584468932812e-14
Combined,ENV_ULS / Left Exterior Girder / Max / set 1,1.000 m,Combined transverse mm2/mm,2.7950608962524184,2.7950608962523735,4.4853010194856324e-14,1.6047238990390292e-14
Combined,ENV_ULS / Left Exterior Girder / Max / set 1,1.000 m,Vs allocated kN,245.6482065106813,245.64820651069542,1.4125589586910792e-11,5.750332879509858e-14
Combined,ENV_ULS / Left Exterior Girder / Max / set 1,1.000 m,Vs used kN,245.6482065106813,245.64820651069542,1.4125589586910792e-11,5.750332879509858e-14
Combined,ENV_ULS / Left Exterior Girder / Max / set 1,1.000 m,Longitudinal required kN,2331.6207795690707,2331.620779569078,7.275957614183426e-12,3.1205578874314815e-15
Combined,ENV_ULS / Left Exterior Girder / Max / set 1,1.000 m,Longitudinal resistance kN,1836.9348598029944,1836.934859802995,6.821210263296962e-13,3.7133653525572013e-16
Combined,ENV_ULS / Left Exterior Girder / Max / set 1,1.000 m,Transverse D/C,1.235688216337321,1.2356882163373013,1.9761969838327786e-14,1.5992682925231873e-14
Combined,ENV_ULS / Left Exterior Girder / Max / set 1,1.000 m,Longitudinal D/C,1.2692996526937976,1.269299652693801,3.3306690738754696e-15,2.6240211023511106e-15
Combined,ENV_ULS / Left Exterior Girder / Max / set 1,1.000 m,Conservative Veff D/C,0.5621116433332891,0.5621116433332891,0.0,0.0
Combined,ENV_ULS / Left Exterior Girder / Min / set 1,1.000 m,beta,1.3404325728307271,1.3404325728307418,1.4654943925052066e-14,1.0932995976144908e-14
Combined,ENV_ULS / Left Exterior Girder / Min / set 1,1.000 m,theta deg,41.04435666567123,41.044356665671046,1.8474111129762605e-13,4.501011254785754e-15
Combined,ENV_ULS / Left Exterior Girder / Min / set 1,1.000 m,Vc kN,194.8247578151721,194.82475781517928,7.190692485892214e-12,3.6908514947128396e-14
Combined,ENV_ULS / Left Exterior Girder / Min / set 1,1.000 m,At torsion mm2/mm,0.1586901012215061,0.15869010122150506,1.0269562977782698e-15,6.471457828014169e-15
Combined,ENV_ULS / Left Exterior Girder / Min / set 1,1.000 m,Combined transverse mm2/mm,2.56202866639165,2.5620286663916216,2.842170943040401e-14,1.1093439274601613e-14
Combined,ENV_ULS / Left Exterior Girder / Min / set 1,1.000 m,Vs allocated kN,1137.265147691353,1137.2651476913613,8.412825991399586e-12,7.397418278822271e-15
Combined,ENV_ULS / Left Exterior Girder / Min / set 1,1.000 m,Vs used kN,1137.265147691353,1137.2651476913613,8.412825991399586e-12,7.397418278822271e-15
Combined,ENV_ULS / Left Exterior Girder / Min / set 1,1.000 m,Longitudinal required kN,1734.356424488517,1734.3564244885195,2.5011104298755527e-12,1.4420971344532928e-15
Combined,ENV_ULS / Left Exterior Girder / Min / set 1,1.000 m,Longitudinal resistance kN,1836.9348598029944,1836.934859802995,6.821210263296962e-13,3.7133653525572013e-16
Combined,ENV_ULS / Left Exterior Girder / Min / set 1,1.000 m,Transverse D/C,1.13266535166491,1.1326653516648972,1.2656542480726785e-14,1.1174123462082615e-14
Combined,ENV_ULS / Left Exterior Girder / Min / set 1,1.000 m,Longitudinal D/C,0.9441578264100892,0.9441578264100902,9.992007221626409e-16,1.0582984054285043e-15
Combined,ENV_ULS / Left Exterior Girder / Min / set 1,1.000 m,Conservative Veff D/C,0.521407632461521,0.521407632461521,0.0,0.0
Combined,ENV_ULS / Left Exterior Girder / Max / set 2,1.000 m,beta,1.1853759752044024,1.1853759752044046,2.220446049250313e-15,1.873199808075596e-15
Combined,ENV_ULS / Left Exterior Girder / Max / set 2,1.000 m,theta deg,43.230291318446376,43.23029131844635,2.842170943040401e-14,6.574489452555799e-16
Combined,ENV_ULS / Left Exterior Girder / Max / set 2,1.000 m,Vc kN,172.28810457912147,172.28810457912624,4.774847184307873e-12,2.7714317224465973e-14
Combined,ENV_ULS / Left Exterior Girder / Max / set 2,1.000 m,At torsion mm2/mm,0.9997812635319676,0.9997812635319667,8.881784197001252e-16,8.883727392153983e-16
Combined,ENV_ULS / Left Exterior Girder / Max / set 2,1.000 m,Combined transverse mm2/mm,2.9851874236743536,2.985187423674342,1.1546319456101628e-14,3.867870862825004e-15
Combined,ENV_ULS / Left Exterior Girder / Max / set 2,1.000 m,Vs allocated kN,142.1228811829693,142.12288118297053,1.2221335055073723e-12,8.599132633217479e-15
Combined,ENV_ULS / Left Exterior Girder / Max / set 2,1.000 m,Vs used kN,142.1228811829693,142.12288118297053,1.2221335055073723e-12,8.599132633217479e-15
Combined,ENV_ULS / Left Exterior Girder / Max / set 2,1.000 m,Longitudinal required kN,2360.3433490682346,2360.3433490682355,9.094947017729282e-13,3.853230514670497e-16
Combined,ENV_ULS / Left Exterior Girder / Max / set 2,1.000 m,Longitudinal resistance kN,1836.9348598029944,1836.934859802995,6.821210263296962e-13,3.7133653525572013e-16
Combined,ENV_ULS / Left Exterior Girder / Max / set 2,1.000 m,Transverse D/C,1.3197425959264817,1.3197425959264766,5.10702591327572e-15,3.8697136313089305e-15
Combined,ENV_ULS / Left Exterior Girder / Max / set 2,1.000 m,Longitudinal D/C,1.2849357920734186,1.2849357920734186,0.0,0.0
Combined,ENV_ULS / Left Exterior Girder / Max / set 2,1.000 m,Conservative Veff D/C,0.5890595751248159,0.5890595751248159,0.0,0.0
Combined,ENV_ULS / Left Exterior Girder / Min / set 2,1.000 m,beta,1.3725685581686264,1.3725685581686553,2.886579864025407e-14,2.1030496778075812e-14
Combined,ENV_ULS / Left Exterior Girder / Min / set 2,1.000 m,theta deg,40.65310101757024,40.653101017569895,3.481659405224491e-13,8.564314450992926e-15
Combined,ENV_ULS / Left Exterior Girder / Min / set 2,1.000 m,Vc kN,199.49555266715512,199.49555266716447,9.350742402602918e-12,4.687193412378252e-14
Combined,ENV_ULS / Left Exterior Girder / Min / set 2,1.000 m,At torsion mm2/mm,0.1437903364469006,0.1437903364468988,1.8041124150158794e-15,1.2546826578169467e-14
Combined,ENV_ULS / Left Exterior Girder / Min / set 2,1.000 m,Combined transverse mm2/mm,2.439156151374954,2.4391561513749087,4.529709940470639e-14,1.857080752258244e-14
Combined,ENV_ULS / Left Exterior Girder / Min / set 2,1.000 m,Vs allocated kN,1170.7409364495652,1170.7409364495818,1.659827830735594e-11,1.41775842892214e-14
Combined,ENV_ULS / Left Exterior Girder / Min / set 2,1.000 m,Vs used kN,1170.7409364495652,1170.7409364495818,1.659827830735594e-11,1.41775842892214e-14
Combined,ENV_ULS / Left Exterior Girder / Min / set 2,1.000 m,Longitudinal required kN,1687.4369311010155,1687.4369311010194,3.865352482534945e-12,2.2906648605900064e-15
Combined,ENV_ULS / Left Exterior Girder / Min / set 2,1.000 m,Longitudinal resistance kN,1836.9348598029944,1836.934859802995,6.821210263296962e-13,3.7133653525572013e-16
Combined,ENV_ULS / Left Exterior Girder / Min / set 2,1.000 m,Transverse D/C,1.07834377351202,1.078343773512,1.9984014443252818e-14,1.8532136906737962e-14
Combined,ENV_ULS / Left Exterior Girder / Min / set 2,1.000 m,Longitudinal D/C,0.9186155524763616,0.9186155524763633,1.6653345369377348e-15,1.8128743111831705e-15
Combined,ENV_ULS / Left Exterior Girder / Min / set 2,1.000 m,Conservative Veff D/C,0.5092987596558247,0.5092987596558247,0.0,0.0
Combined,ENV_ULS / Left Exterior Girder / Max / set 1,2.000 m,beta,1.4483492476254058,1.4483492476254218,1.5987211554602254e-14,1.1038229612652745e-14
Combined,ENV_ULS / Left Exterior Girder / Max / set 1,2.000 m,theta deg,39.79921632856062,39.79921632856045,1.7053025658242404e-13,4.284764181651719e-15
Combined,ENV_ULS / Left Exterior Girder / Max / set 1,2.000 m,Vc kN,214.15565317561,214.15565317561797,7.958078640513122e-12,3.71602548076894e-14
Combined,ENV_ULS / Left Exterior Girder / Max / set 1,2.000 m,At torsion mm2/mm,0.9575422246917202,0.9575422246917145,5.773159728050814e-15,6.0291437590749715e-15
Combined,ENV_ULS / Left Exterior Girder / Max / set 1,2.000 m,Combined transverse mm2/mm,2.5740244522105704,2.5740244522105424,2.7977620220553945e-14,1.0869213070810998e-14
Combined,ENV_ULS / Left Exterior Girder / Max / set 1,2.000 m,Vs allocated kN,0.0,0.0,0.0,0.0
Combined,ENV_ULS / Left Exterior Girder / Max / set 1,2.000 m,Vs used kN,0.0,0.0,0.0,0.0
Combined,ENV_ULS / Left Exterior Girder / Max / set 1,2.000 m,Longitudinal required kN,3565.350061907457,3565.3500619074653,8.185452315956354e-12,2.2958341183409996e-15
Combined,ENV_ULS / Left Exterior Girder / Max / set 1,2.000 m,Longitudinal resistance kN,2824.85797012239,2824.8579701223903,4.547473508864641e-13,1.6098060705925037e-16
Combined,ENV_ULS / Left Exterior Girder / Max / set 1,2.000 m,Transverse D/C,1.7069529800363352,1.7069529800363166,1.865174681370263e-14,1.0926924778739835e-14
Combined,ENV_ULS / Left Exterior Girder / Max / set 1,2.000 m,Longitudinal D/C,1.2621342735164078,1.2621342735164105,2.6645352591003757e-15,2.1111345401284128e-15
Combined,ENV_ULS / Left Exterior Girder / Max / set 1,2.000 m,Conservative Veff D/C,0.6082061600592841,0.608206160059284,1.1102230246251565e-16,1.825405754714716e-16
Combined,ENV_ULS / Left Exterior Girder / Min / set 1,2.000 m,beta,2.4437434697840774,2.4437434697841147,3.730349362740526e-14,1.526489751835561e-14
Combined,ENV_ULS / Left Exterior Girder / Min / set 1,2.000 m,theta deg,33.499598236735494,33.49959823673535,1.4210854715202004e-13,4.242097058829354e-15
Combined,ENV_ULS / Left Exterior Girder / Min / set 1,2.000 m,Vc kN,361.3365214386435,361.33652143865845,1.4949819160392508e-11,4.137367321982822e-14
Combined,ENV_ULS / Left Exterior Girder / Min / set 1,2.000 m,At torsion mm2/mm,0.1151915445308902,0.11519154453088962,5.828670879282072e-16,5.05998153164711e-15
Combined,ENV_ULS / Left Exterior Girder / Min / set 1,2.000 m,Combined transverse mm2/mm,1.483212942764765,1.4832129427647378,2.708944180085382e-14,1.826402738258107e-14
Combined,ENV_ULS / Left Exterior Girder / Min / set 1,2.000 m,Vs allocated kN,999.8855913557668,999.885591355773,6.252776074688882e-12,6.253491528176305e-15
Combined,ENV_ULS / Left Exterior Girder / Min / set 1,2.000 m,Vs used kN,999.8855913557668,999.885591355773,6.252776074688882e-12,6.253491528176305e-15
Combined,ENV_ULS / Left Exterior Girder / Min / set 1,2.000 m,Longitudinal required kN,2423.482174984016,2423.482174984018,1.8189894035458565e-12,7.505685093631242e-16
Combined,ENV_ULS / Left Exterior Girder / Min / set 1,2.000 m,Longitudinal resistance kN,2824.85797012239,2824.8579701223903,4.547473508864641e-13,1.6098060705925037e-16
Combined,ENV_ULS / Left Exterior Girder / Min / set 1,2.000 m,Transverse D/C,0.98358613124537,0.983586131245352,1.7985612998927536e-14,1.828575294789419e-14
Combined,ENV_ULS / Left Exterior Girder / Min / set 1,2.000 m,Longitudinal D/C,0.8579129289388718,0.8579129289388725,6.661338147750939e-16,7.764585336171765e-16
Combined,ENV_ULS / Left Exterior Girder / Min / set 1,2.000 m,Conservative Veff D/C,0.4572590747160459,0.4572590747160458,5.551115123125783e-17,1.213997803449386e-16
Combined,ENV_ULS / Left Exterior Girder / Max / set 2,2.000 m,beta,1.461972649256596,1.461972649256597,8.881784197001252e-16,6.07520544349279e-16
Combined,ENV_ULS / Left Exterior Girder / Max / set 2,2.000 m,theta deg,39.65509739738081,39.6550973973808,7.105427357601002e-15,1.7918068102060222e-16
Combined,ENV_ULS / Left Exterior Girder / Max / set 2,2.000 m,Vc kN,216.17003505179392,216.1700350517997,5.7696070143720135e-12,2.669013313056767e-14
Combined,ENV_ULS / Left Exterior Girder / Max / set 2,2.000 m,At torsion mm2/mm,0.9352687349655346,0.9352687349655342,4.440892098500626e-16,4.748252488803957e-16
Combined,ENV_ULS / Left Exterior Girder / Max / set 2,2.000 m,Combined transverse mm2/mm,2.499942867406084,2.499942867406074,1.021405182655144e-14,4.085714101598442e-15
Combined,ENV_ULS / Left Exterior Girder / Max / set 2,2.000 m,Vs allocated kN,0.0,0.0,0.0,0.0
Combined,ENV_ULS / Left Exterior Girder / Max / set 2,2.000 m,Vs used kN,0.0,0.0,0.0,0.0
Combined,ENV_ULS / Left Exterior Girder / Max / set 2,2.000 m,Longitudinal required kN,3549.0739057381907,3549.073905738191,4.547473508864641e-13,1.2813127113279395e-16
Combined,ENV_ULS / Left Exterior Girder / Max / set 2,2.000 m,Longitudinal resistance kN,2824.85797012239,2824.8579701223903,4.547473508864641e-13,1.6098060705925037e-16
Combined,ENV_ULS / Left Exterior Girder / Max / set 2,2.000 m,Transverse D/C,1.6578261033125208,1.6578261033125141,6.661338147750939e-15,4.0181163358695296e-15
Combined,ENV_ULS / Left Exterior Girder / Max / set 2,2.000 m,Longitudinal D/C,1.2563725126273952,1.2563725126273952,0.0,0.0
Combined,ENV_ULS / Left Exterior Girder / Max / set 2,2.000 m,Conservative Veff D/C,0.5967675485203527,0.5967675485203526,1.1102230246251565e-16,1.8603944322674453e-16
Combined,ENV_ULS / Left Exterior Girder / Min / set 2,2.000 m,beta,2.588088405142489,2.5880884051425825,9.370282327836321e-14,3.620541828948882e-14
Combined,ENV_ULS / Left Exterior Girder / Min / set 2,2.000 m,theta deg,32.98836998335332,32.988369983352996,3.268496584496461e-13,9.908026938420572e-15
Combined,ENV_ULS / Left Exterior Girder / Min / set 2,2.000 m,Vc kN,382.6796359981692,382.679635998193,2.3817392502678558e-11,6.223846335735258e-14
Combined,ENV_ULS / Left Exterior Girder / Min / set 2,2.000 m,At torsion mm2/mm,0.0,0.0,0.0,0.0
Combined,ENV_ULS / Left Exterior Girder / Min / set 2,2.000 m,Combined transverse mm2/mm,1.1626473973507725,1.1626473973507285,4.39648317751562e-14,3.781441551009949e-14
Combined,ENV_ULS / Left Exterior Girder / Min / set 2,2.000 m,Vs allocated kN,1203.3855266835262,1203.3855266835408,1.4551915228366852e-11,1.2092479845981751e-14
Combined,ENV_ULS / Left Exterior Girder / Min / set 2,2.000 m,Vs used kN,1203.3855266835262,1203.3855266835408,1.4551915228366852e-11,1.2092479845981751e-14
Combined,ENV_ULS / Left Exterior Girder / Min / set 2,2.000 m,Longitudinal required kN,2225.9702597774176,2225.9702597774194,1.8189894035458565e-12,8.171669839505142e-16
Combined,ENV_ULS / Left Exterior Girder / Min / set 2,2.000 m,Longitudinal resistance kN,2824.85797012239,2824.8579701223903,4.547473508864641e-13,1.6098060705925037e-16
Combined,ENV_ULS / Left Exterior Girder / Min / set 2,2.000 m,Transverse D/C,0.7710045015054269,0.7710045015053977,2.919886554764162e-14,3.7871199831687626e-14
Combined,ENV_ULS / Left Exterior Girder / Min / set 2,2.000 m,Longitudinal D/C,0.7879936914778675,0.7879936914778679,4.440892098500626e-16,5.635694989095425e-16
Combined,ENV_ULS / Left Exterior Girder / Min / set 2,2.000 m,Conservative Veff D/C,0.4385100277539133,0.43851002775391323,5.551115123125783e-17,1.265903804197838e-16
Combined,ENV_ULS / Left Exterior Girder / Max / set 1,3.000 m,beta,1.7396724336368383,1.7396724336368423,3.9968028886505635e-15,2.297445663546623e-15
Combined,ENV_ULS / Left Exterior Girder / Max / set 1,3.000 m,theta deg,37.20932054040318,37.20932054040315,3.552713678800501e-14,9.54791333784997e-16
Combined,ENV_ULS / Left Exterior Girder / Max / set 1,3.000 m,Vc kN,260.4050248631394,260.40502486314676,7.389644451905042e-12,2.8377503298135644e-14
Combined,ENV_ULS / Left Exterior Girder / Max / set 1,3.000 m,At torsion mm2/mm,0.8159499641525338,0.815949964152533,8.881784197001252e-16,1.0885206921022548e-15
Combined,ENV_ULS / Left Exterior Girder / Max / set 1,3.000 m,Combined transverse mm2/mm,2.0288358040019,2.0288358040018872,1.2878587085651816e-14,6.347771988373208e-15
Combined,ENV_ULS / Left Exterior Girder / Max / set 1,3.000 m,Vs allocated kN,0.0,0.0,0.0,0.0
Combined,ENV_ULS / Left Exterior Girder / Max / set 1,3.000 m,Vs used kN,0.0,0.0,0.0,0.0
Combined,ENV_ULS / Left Exterior Girder / Max / set 1,3.000 m,Longitudinal required kN,4457.206245285684,4457.206245285685,9.094947017729282e-13,2.0405039653143403e-16
Combined,ENV_ULS / Left Exterior Girder / Max / set 1,3.000 m,Longitudinal resistance kN,3926.285019246053,3926.2850192460533,4.547473508864641e-13,1.1582127855144536e-16
Combined,ENV_ULS / Left Exterior Girder / Max / set 1,3.000 m,Transverse D/C,1.3454135288696756,1.3454135288696671,8.43769498715119e-15,6.271450974809222e-15
Combined,ENV_ULS / Left Exterior Girder / Max / set 1,3.000 m,Longitudinal D/C,1.135222283516641,1.1352222835166415,4.440892098500626e-16,3.9119141360966124e-16
Combined,ENV_ULS / Left Exterior Girder / Max / set 1,3.000 m,Conservative Veff D/C,0.5564194607309527,0.5564194607309526,1.1102230246251565e-16,1.9952986963588366e-16
Combined,ENV_ULS / Left Exterior Girder / Min / set 1,3.000 m,beta,4.799872145622415,4.799872145622415,0.0,0.0
Combined,ENV_ULS / Left Exterior Girder / Min / set 1,3.000 m,theta deg,29.000124306178154,29.000124306178154,0.0,0.0
Combined,ENV_ULS / Left Exterior Girder / Min / set 1,3.000 m,Vc kN,718.4748124149546,718.4748124149735,1.887201506178826e-11,2.6266773358908297e-14
Combined,ENV_ULS / Left Exterior Girder / Min / set 1,3.000 m,At torsion mm2/mm,0.0,0.0,0.0,0.0
Combined,ENV_ULS / Left Exterior Girder / Min / set 1,3.000 m,Combined transverse mm2/mm,0.4887250623845398,0.48872506238451985,1.992850329202156e-14,4.077651183835173e-14
Combined,ENV_ULS / Left Exterior Girder / Min / set 1,3.000 m,Vs allocated kN,1426.5946022990504,1426.5946022990504,0.0,0.0
Combined,ENV_ULS / Left Exterior Girder / Min / set 1,3.000 m,Vs used kN,1180.8282352941176,1180.8282352941176,0.0,0.0
Combined,ENV_ULS / Left Exterior Girder / Min / set 1,3.000 m,Longitudinal required kN,2614.7336814588225,2614.7336814588225,0.0,0.0
Combined,ENV_ULS / Left Exterior Girder / Min / set 1,3.000 m,Longitudinal resistance kN,3926.285019246053,3926.2850192460533,4.547473508864641e-13,1.1582127855144536e-16
Combined,ENV_ULS / Left Exterior Girder / Min / set 1,3.000 m,Transverse D/C,0.3240958728808101,0.32409587288079694,1.3156142841808105e-14,4.059336740349964e-14
Combined,ENV_ULS / Left Exterior Girder / Min / set 1,3.000 m,Longitudinal D/C,0.6659561566829191,0.665956156682919,1.1102230246251565e-16,1.6671112857565574e-16
Combined,ENV_ULS / Left Exterior Girder / Min / set 1,3.000 m,Conservative Veff D/C,0.390305938626889,0.39030593862688895,5.551115123125783e-17,1.4222471588966378e-16
Combined,ENV_ULS / Left Exterior Girder / Max / set 2,3.000 m,beta,1.770726149803198,1.77072614980321,1.199040866595169e-14,6.771464163040822e-15
Combined,ENV_ULS / Left Exterior Girder / Max / set 2,3.000 m,theta deg,36.98351077747939,36.983510777479296,9.237055564881302e-14,2.4976145776041647e-15
Combined,ENV_ULS / Left Exterior Girder / Max / set 2,3.000 m,Vc kN,265.05333886411967,265.0533388641285,8.810729923425242e-12,3.324134667076122e-14
Combined,ENV_ULS / Left Exterior Girder / Max / set 2,3.000 m,At torsion mm2/mm,0.7769784528322389,0.7769784528322364,2.4424906541753444e-15,3.1435757906438648e-15
Combined,ENV_ULS / Left Exterior Girder / Max / set 2,3.000 m,Combined transverse mm2/mm,1.9230442020612717,1.9230442020612528,1.887379141862766e-14,9.814538531354305e-15
Combined,ENV_ULS / Left Exterior Girder / Max / set 2,3.000 m,Vs allocated kN,0.0,0.0,0.0,0.0
Combined,ENV_ULS / Left Exterior Girder / Max / set 2,3.000 m,Vs used kN,0.0,0.0,0.0,0.0
Combined,ENV_ULS / Left Exterior Girder / Max / set 2,3.000 m,Longitudinal required kN,4428.643332734647,4428.64333273465,3.637978807091713e-12,8.214657478061778e-16
Combined,ENV_ULS / Left Exterior Girder / Max / set 2,3.000 m,Longitudinal resistance kN,3926.285019246053,3926.2850192460533,4.547473508864641e-13,1.1582127855144536e-16
Combined,ENV_ULS / Left Exterior Girder / Max / set 2,3.000 m,Transverse D/C,1.2752582939260872,1.275258293926075,1.2212453270876722e-14,9.57645469082098e-15
Combined,ENV_ULS / Left Exterior Girder / Max / set 2,3.000 m,Longitudinal D/C,1.1279474900640452,1.1279474900640458,6.661338147750939e-16,5.905716539493077e-16
Combined,ENV_ULS / Left Exterior Girder / Max / set 2,3.000 m,Conservative Veff D/C,0.5351387083009299,0.5351387083009298,1.1102230246251565e-16,2.074645334758393e-16
Combined,ENV_ULS / Left Exterior Girder / Min / set 2,3.000 m,beta,4.8,4.8,0.0,0.0
Combined,ENV_ULS / Left Exterior Girder / Min / set 2,3.000 m,theta deg,29.0,29.0,0.0,0.0
Combined,ENV_ULS / Left Exterior Girder / Min / set 2,3.000 m,Vc kN,718.4939504559616,718.4939504559803,1.8758328224066645e-11,2.6107844348810426e-14
Combined,ENV_ULS / Left Exterior Girder / Min / set 2,3.000 m,At torsion mm2/mm,0.0,0.0,0.0,0.0
Combined,ENV_ULS / Left Exterior Girder / Min / set 2,3.000 m,Combined transverse mm2/mm,0.4563422171162485,0.45634221711622863,1.9872992140790302e-14,4.3548441050170744e-14
Combined,ENV_ULS / Left Exterior Girder / Min / set 2,3.000 m,Vs allocated kN,1426.6019015902964,1426.6019015902964,0.0,0.0
Combined,ENV_ULS / Left Exterior Girder / Min / set 2,3.000 m,Vs used kN,1150.2141176470589,1150.2141176470589,0.0,0.0
Combined,ENV_ULS / Left Exterior Girder / Min / set 2,3.000 m,Longitudinal required kN,2586.31846448595,2586.31846448595,0.0,0.0
Combined,ENV_ULS / Left Exterior Girder / Min / set 2,3.000 m,Longitudinal resistance kN,3926.285019246053,3926.2850192460533,4.547473508864641e-13,1.1582127855144536e-16
Combined,ENV_ULS / Left Exterior Girder / Min / set 2,3.000 m,Transverse D/C,0.3026213316481912,0.302621331648178,1.3211653993039363e-14,4.3657378417721683e-14
Combined,ENV_ULS / Left Exterior Girder / Min / set 2,3.000 m,Longitudinal D/C,0.6587189803613873,0.6587189803613872,1.1102230246251565e-16,1.6854274094486613e-16
Combined,ENV_ULS / Left Exterior Girder / Min / set 2,3.000 m,Conservative Veff D/C,0.3801868784906846,0.38018687849068455,5.551115123125783e-17,1.460101712390318e-16
Combined,ENV_ULS / Left Exterior Girder / Max / set 1,4.000 m,beta,1.7973887002735145,1.7973887002735252,1.0658141036401503e-14,5.9297919447137706e-15
Combined,ENV_ULS / Left Exterior Girder / Max / set 1,4.000 m,theta deg,36.795857436545575,36.795857436545504,7.105427357601002e-14,1.931040028039656e-15
Combined,ENV_ULS / Left Exterior Girder / Max / set 1,4.000 m,Vc kN,271.9571523738639,271.9571523738727,8.810729923425242e-12,3.2397492937831263e-14
Combined,ENV_ULS / Left Exterior Girder / Max / set 1,4.000 m,At torsion mm2/mm,0.7141887365922398,0.714188736592238,1.7763568394002505e-15,2.4872372643065797e-15
Combined,ENV_ULS / Left Exterior Girder / Max / set 1,4.000 m,Combined transverse mm2/mm,1.7138196992307513,1.7138196992307404,1.0880185641326534e-14,6.348500747313255e-15
Combined,ENV_ULS / Left Exterior Girder / Max / set 1,4.000 m,Vs allocated kN,56.40151538437387,56.40151538437653,2.6574298317427747e-12,4.71162842635057e-14
Combined,ENV_ULS / Left Exterior Girder / Max / set 1,4.000 m,Vs used kN,56.40151538437387,56.40151538437653,2.6574298317427747e-12,4.71162842635057e-14
Combined,ENV_ULS / Left Exterior Girder / Max / set 1,4.000 m,Longitudinal required kN,5063.08475403413,5063.084754034132,1.8189894035458565e-12,3.592650512311756e-16
Combined,ENV_ULS / Left Exterior Girder / Max / set 1,4.000 m,Longitudinal resistance kN,4485.924427904176,4485.924427904177,9.094947017729282e-13,2.0274409798692128e-16
Combined,ENV_ULS / Left Exterior Girder / Max / set 1,4.000 m,Transverse D/C,1.1365119862534976,1.1365119862534905,7.105427357601002e-15,6.251959894434575e-15
Combined,ENV_ULS / Left Exterior Girder / Max / set 1,4.000 m,Longitudinal D/C,1.1286602873957918,1.128660287395792,2.220446049250313e-16,1.9673289421510937e-16
Combined,ENV_ULS / Left Exterior Girder / Max / set 1,4.000 m,Conservative Veff D/C,0.4867188191310879,0.48671881913108794,5.551115123125783e-17,1.1405178729344964e-16
Combined,ENV_ULS / Left Exterior Girder / Min / set 1,4.000 m,beta,4.8,4.8,0.0,0.0
Combined,ENV_ULS / Left Exterior Girder / Min / set 1,4.000 m,theta deg,29.0,29.0,0.0,0.0
Combined,ENV_ULS / Left Exterior Girder / Min / set 1,4.000 m,Vc kN,726.2726928214807,726.2726928214997,1.8985701899509877e-11,2.6141285617874804e-14
Combined,ENV_ULS / Left Exterior Girder / Min / set 1,4.000 m,At torsion mm2/mm,0.0,0.0,0.0,0.0
Combined,ENV_ULS / Left Exterior Girder / Min / set 1,4.000 m,Combined transverse mm2/mm,0.3069533707232632,0.3069533707232434,1.9761969838327786e-14,6.438101589099556e-14
Combined,ENV_ULS / Left Exterior Girder / Min / set 1,4.000 m,Vs allocated kN,1442.046942767871,1442.0469427678713,2.2737367544323206e-13,1.576742536597387e-16
Combined,ENV_ULS / Left Exterior Girder / Min / set 1,4.000 m,Vs used kN,1019.8082352941176,1019.8082352941177,1.1368683772161603e-13,1.1147864253991652e-16
Combined,ENV_ULS / Left Exterior Girder / Min / set 1,4.000 m,Longitudinal required kN,2814.983466803487,2814.983466803487,0.0,0.0
Combined,ENV_ULS / Left Exterior Girder / Min / set 1,4.000 m,Longitudinal resistance kN,4485.924427904176,4485.924427904177,9.094947017729282e-13,2.0274409798692128e-16
Combined,ENV_ULS / Left Exterior Girder / Min / set 1,4.000 m,Transverse D/C,0.20355477603886,0.20355477603884692,1.3072876114961218e-14,6.422289061135248e-14
Combined,ENV_ULS / Left Exterior Girder / Min / set 1,4.000 m,Longitudinal D/C,0.6275146877850208,0.6275146877850207,1.1102230246251565e-16,1.7692383082601344e-16
Combined,ENV_ULS / Left Exterior Girder / Min / set 1,4.000 m,Conservative Veff D/C,0.3334727455710567,0.3334727455710567,0.0,0.0
Combined,ENV_ULS / Left Exterior Girder / Max / set 2,4.000 m,beta,1.827664798639348,1.8276647986393786,3.064215547965432e-14,1.676574145459613e-14
Combined,ENV_ULS / Left Exterior Girder / Max / set 2,4.000 m,theta deg,36.58941005849446,36.58941005849425,2.0605739337042905e-13,5.631612891298659e-15
Combined,ENV_ULS / Left Exterior Girder / Max / set 2,4.000 m,Vc kN,276.53813226725606,276.5381322672679,1.1823431123048067e-11,4.275515649907184e-14
Combined,ENV_ULS / Left Exterior Girder / Max / set 2,4.000 m,At torsion mm2/mm,0.6768600122029446,0.6768600122029395,5.10702591327572e-15,7.545173036081953e-15
Combined,ENV_ULS / Left Exterior Girder / Max / set 2,4.000 m,Combined transverse mm2/mm,1.6391622504521608,1.6391622504521433,1.7541523789077473e-14,1.0701517671138933e-14
Combined,ENV_ULS / Left Exterior Girder / Max / set 2,4.000 m,Vs allocated kN,110.13471606298398,110.1347160629921,8.114398042380344e-12,7.367702330788481e-14
Combined,ENV_ULS / Left Exterior Girder / Max / set 2,4.000 m,Vs used kN,110.13471606298398,110.1347160629921,8.114398042380344e-12,7.367702330788481e-14
Combined,ENV_ULS / Left Exterior Girder / Max / set 2,4.000 m,Longitudinal required kN,5014.236668633417,5014.236668633423,5.4569682106375694e-12,1.0882949033446417e-15
Combined,ENV_ULS / Left Exterior Girder / Max / set 2,4.000 m,Longitudinal resistance kN,4485.924427904176,4485.924427904177,9.094947017729282e-13,2.0274409798692128e-16
Combined,ENV_ULS / Left Exterior Girder / Max / set 2,4.000 m,Transverse D/C,1.0870032278712365,1.087003227871225,1.1546319456101628e-14,1.0622157469314798e-14
Combined,ENV_ULS / Left Exterior Girder / Max / set 2,4.000 m,Longitudinal D/C,1.1177710969544954,1.1177710969544963,8.881784197001252e-16,7.945977688276926e-16
Combined,ENV_ULS / Left Exterior Girder / Max / set 2,4.000 m,Conservative Veff D/C,0.4656742738692389,0.46567427386923893,5.551115123125783e-17,1.192059650837515e-16
Combined,ENV_ULS / Left Exterior Girder / Min / set 2,4.000 m,beta,4.8,4.8,0.0,0.0
Combined,ENV_ULS / Left Exterior Girder / Min / set 2,4.000 m,theta deg,29.0,29.0,0.0,0.0
Combined,ENV_ULS / Left Exterior Girder / Min / set 2,4.000 m,Vc kN,726.2726928214807,726.2726928214997,1.8985701899509877e-11,2.6141285617874804e-14
Combined,ENV_ULS / Left Exterior Girder / Min / set 2,4.000 m,At torsion mm2/mm,0.0,0.0,0.0,0.0
Combined,ENV_ULS / Left Exterior Girder / Min / set 2,4.000 m,Combined transverse mm2/mm,0.2854422260462717,0.28544222604626424,7.438494264988549e-15,2.6059544055625897e-14
Combined,ENV_ULS / Left Exterior Girder / Min / set 2,4.000 m,Vs allocated kN,1442.046942767871,1442.0469427678713,2.2737367544323206e-13,1.576742536597387e-16
Combined,ENV_ULS / Left Exterior Girder / Min / set 2,4.000 m,Vs used kN,989.9023529411766,989.9023529411766,0.0,0.0
Combined,ENV_ULS / Left Exterior Girder / Min / set 2,4.000 m,Longitudinal required kN,2788.192707080518,2788.192707080518,0.0,0.0
Combined,ENV_ULS / Left Exterior Girder / Min / set 2,4.000 m,Longitudinal resistance kN,4485.924427904176,4485.924427904177,9.094947017729282e-13,2.0274409798692128e-16
Combined,ENV_ULS / Left Exterior Girder / Min / set 2,4.000 m,Transverse D/C,0.1892897551767429,0.18928975517673796,4.9404924595819466e-15,2.6100157691941954e-14
Combined,ENV_ULS / Left Exterior Girder / Min / set 2,4.000 m,Longitudinal D/C,0.6215425052051451,0.6215425052051449,2.220446049250313e-16,3.572476589541431e-16
Combined,ENV_ULS / Left Exterior Girder / Min / set 2,4.000 m,Conservative Veff D/C,0.3236936553932998,0.3236936553932998,0.0,0.0
Combined,ENV_ULS / Left Exterior Girder / Max / set 1,5.000 m,beta,1.8433105033540955,1.8433105033541117,1.6209256159527285e-14,8.79355709742483e-15
Combined,ENV_ULS / Left Exterior Girder / Max / set 1,5.000 m,theta deg,36.48538257259111,36.485382572591,1.0658141036401503e-13,2.9212085182870586e-15
Combined,ENV_ULS / Left Exterior Girder / Max / set 1,5.000 m,Vc kN,282.45458450813123,282.4545845081412,9.947598300641403e-12,3.521839915597009e-14
Combined,ENV_ULS / Left Exterior Girder / Max / set 1,5.000 m,At torsion mm2/mm,0.6240398436506521,0.6240398436506497,2.4424906541753444e-15,3.913997926617488e-15
Combined,ENV_ULS / Left Exterior Girder / Max / set 1,5.000 m,Combined transverse mm2/mm,1.533521913347576,1.5335219133475637,1.2212453270876722e-14,7.963664010654956e-15
Combined,ENV_ULS / Left Exterior Girder / Max / set 1,5.000 m,Vs allocated kN,0.0,0.0,0.0,0.0
Combined,ENV_ULS / Left Exterior Girder / Max / set 1,5.000 m,Vs used kN,0.0,0.0,0.0,0.0
Combined,ENV_ULS / Left Exterior Girder / Max / set 1,5.000 m,Longitudinal required kN,5571.869105526724,5571.869105526727,3.637978807091713e-12,6.529189286739001e-16
Combined,ENV_ULS / Left Exterior Girder / Max / set 1,5.000 m,Longitudinal resistance kN,4925.689052661224,4925.689052661225,9.094947017729282e-13,1.8464314171061027e-16
Combined,ENV_ULS / Left Exterior Girder / Max / set 1,5.000 m,Transverse D/C,1.3559310713833772,1.3559310713833663,1.0880185641326534e-14,8.024143609472865e-15
Combined,ENV_ULS / Left Exterior Girder / Max / set 1,5.000 m,Longitudinal D/C,1.1311857175629845,1.131185717562985,4.440892098500626e-16,3.925873558647858e-16
Combined,ENV_ULS / Left Exterior Girder / Max / set 1,5.000 m,Conservative Veff D/C,0.4222282950227221,0.4222282950227221,0.0,0.0
Combined,ENV_ULS / Left Exterior Girder / Min / set 1,5.000 m,beta,4.8,4.8,0.0,0.0
Combined,ENV_ULS / Left Exterior Girder / Min / set 1,5.000 m,theta deg,29.0,29.0,0.0,0.0
Combined,ENV_ULS / Left Exterior Girder / Min / set 1,5.000 m,Vc kN,735.5147183136229,735.5147183136421,1.921307557495311e-11,2.612194575657719e-14
Combined,ENV_ULS / Left Exterior Girder / Min / set 1,5.000 m,At torsion mm2/mm,0.0,0.0,0.0,0.0
Combined,ENV_ULS / Left Exterior Girder / Min / set 1,5.000 m,Combined transverse mm2/mm,0.2854422260462717,0.28544222604626424,7.438494264988549e-15,2.6059544055625897e-14
Combined,ENV_ULS / Left Exterior Girder / Min / set 1,5.000 m,Vs allocated kN,1095.2980485722746,1095.2980485722746,0.0,0.0
Combined,ENV_ULS / Left Exterior Girder / Min / set 1,5.000 m,Vs used kN,860.0211764705883,860.0211764705883,0.0,0.0
Combined,ENV_ULS / Left Exterior Girder / Min / set 1,5.000 m,Longitudinal required kN,2947.790190395998,2947.790190395998,0.0,0.0
Combined,ENV_ULS / Left Exterior Girder / Min / set 1,5.000 m,Longitudinal resistance kN,4925.689052661224,4925.689052661225,9.094947017729282e-13,1.8464314171061027e-16
Combined,ENV_ULS / Left Exterior Girder / Min / set 1,5.000 m,Transverse D/C,0.2523863402356572,0.2523863402356506,6.6058269965196814e-15,2.6173472741638423e-14
Combined,ENV_ULS / Left Exterior Girder / Min / set 1,5.000 m,Longitudinal D/C,0.5984523502967329,0.5984523502967328,1.1102230246251565e-16,1.8551569294943375e-16
Combined,ENV_ULS / Left Exterior Girder / Min / set 1,5.000 m,Conservative Veff D/C,0.2776894134832895,0.27768941348328957,5.551115123125783e-17,1.9990373610191052e-16
Combined,ENV_ULS / Left Exterior Girder / Max / set 2,5.000 m,beta,1.870025138922166,1.8700251389222176,5.1514348342607263e-14,2.754740953498485e-14
Combined,ENV_ULS / Left Exterior Girder / Max / set 2,5.000 m,theta deg,36.31178192943658,36.31178192943625,3.268496584496461e-13,9.001201292869752e-15
Combined,ENV_ULS / Left Exterior Girder / Max / set 2,5.000 m,Vc kN,286.5481277695272,286.5481277695426,1.5404566511278972e-11,5.375908972494894e-14
Combined,ENV_ULS / Left Exterior Girder / Max / set 2,5.000 m,At torsion mm2/mm,0.5918472530354372,0.5918472530354301,7.105427357601002e-15,1.2005508720635467e-14
Combined,ENV_ULS / Left Exterior Girder / Max / set 2,5.000 m,Combined transverse mm2/mm,1.469136732117146,1.4691367321171245,2.1538326677728037e-14,1.4660532411227554e-14
Combined,ENV_ULS / Left Exterior Girder / Max / set 2,5.000 m,Vs allocated kN,0.0,0.0,0.0,0.0
Combined,ENV_ULS / Left Exterior Girder / Max / set 2,5.000 m,Vs used kN,0.0,0.0,0.0,0.0
Combined,ENV_ULS / Left Exterior Girder / Max / set 2,5.000 m,Longitudinal required kN,5543.068625154678,5543.0686251546895,1.1823431123048067e-11,2.1330118608658056e-15
Combined,ENV_ULS / Left Exterior Girder / Max / set 2,5.000 m,Longitudinal resistance kN,4925.689052661224,4925.689052661225,9.094947017729282e-13,1.8464314171061027e-16
Combined,ENV_ULS / Left Exterior Girder / Max / set 2,5.000 m,Transverse D/C,1.2990020721906526,1.2990020721906335,1.9095836023552692e-14,1.470038919287444e-14
Combined,ENV_ULS / Left Exterior Girder / Max / set 2,5.000 m,Longitudinal D/C,1.1253387223377205,1.1253387223377225,1.9984014443252818e-15,1.7758221632806719e-15
Combined,ENV_ULS / Left Exterior Girder / Max / set 2,5.000 m,Conservative Veff D/C,0.4036046636911847,0.40360466369118475,5.551115123125783e-17,1.3753842862859433e-16
Combined,ENV_ULS / Left Exterior Girder / Min / set 2,5.000 m,beta,4.8,4.8,0.0,0.0
Combined,ENV_ULS / Left Exterior Girder / Min / set 2,5.000 m,theta deg,29.0,29.0,0.0,0.0
Combined,ENV_ULS / Left Exterior Girder / Min / set 2,5.000 m,Vc kN,735.5147183136229,735.5147183136421,1.921307557495311e-11,2.612194575657719e-14
Combined,ENV_ULS / Left Exterior Girder / Min / set 2,5.000 m,At torsion mm2/mm,0.0,0.0,0.0,0.0
Combined,ENV_ULS / Left Exterior Girder / Min / set 2,5.000 m,Combined transverse mm2/mm,0.2854422260462717,0.28544222604626424,7.438494264988549e-15,2.6059544055625897e-14
Combined,ENV_ULS / Left Exterior Girder / Min / set 2,5.000 m,Vs allocated kN,1095.2980485722746,1095.2980485722746,0.0,0.0
Combined,ENV_ULS / Left Exterior Girder / Min / set 2,5.000 m,Vs used kN,830.68,830.68,0.0,0.0
Combined,ENV_ULS / Left Exterior Girder / Min / set 2,5.000 m,Longitudinal required kN,2921.9706711507315,2921.9706711507315,0.0,0.0
Combined,ENV_ULS / Left Exterior Girder / Min / set 2,5.000 m,Longitudinal resistance kN,4925.689052661224,4925.689052661225,9.094947017729282e-13,1.8464314171061027e-16
Combined,ENV_ULS / Left Exterior Girder / Min / set 2,5.000 m,Transverse D/C,0.2523863402356572,0.2523863402356506,6.6058269965196814e-15,2.6173472741638423e-14
Combined,ENV_ULS / Left Exterior Girder / Min / set 2,5.000 m,Longitudinal D/C,0.5932105416950884,0.5932105416950882,1.1102230246251565e-16,1.8715497223847618e-16
Combined,ENV_ULS / Left Exterior Girder / Min / set 2,5.000 m,Conservative Veff D/C,0.2682155373649542,0.26821553736495424,5.551115123125783e-17,2.0696471120435195e-16
Combined,ENV_ULS / Left Exterior Girder / Max / set 1,6.000 m,beta,2.0544251598756995,2.0544251598757546,5.5067062021407764e-14,2.6804121706111725e-14
Combined,ENV_ULS / Left Exterior Girder / Max / set 1,6.000 m,theta deg,35.2366265938945,35.2366265938942,2.984279490192421e-13,8.469254235334595e-15
Combined,ENV_ULS / Left Exterior Girder / Max / set 1,6.000 m,Vc kN,319.01112050262867,319.0111205026456,1.693933882052079e-11,5.309952453641912e-14
Combined,ENV_ULS / Left Exterior Girder / Max / set 1,6.000 m,At torsion mm2/mm,0.526967972526139,0.5269679725261331,5.88418203051333e-15,1.1166109398084006e-14
Combined,ENV_ULS / Left Exterior Girder / Max / set 1,6.000 m,Combined transverse mm2/mm,1.3393781710985495,1.3393781710985304,1.9095836023552692e-14,1.4257239990622424e-14
Combined,ENV_ULS / Left Exterior Girder / Max / set 1,6.000 m,Vs allocated kN,59.32809981779552,59.328099817805246,9.727330052555772e-12,1.639582269182411e-13
Combined,ENV_ULS / Left Exterior Girder / Max / set 1,6.000 m,Vs used kN,59.32809981779552,59.328099817805246,9.727330052555772e-12,1.639582269182411e-13
Combined,ENV_ULS / Left Exterior Girder / Max / set 1,6.000 m,Longitudinal required kN,5938.80223296192,5938.802232961926,6.366462912410498e-12,1.072011268042391e-15
Combined,ENV_ULS / Left Exterior Girder / Max / set 1,6.000 m,Longitudinal resistance kN,5544.311064801032,5544.311064801032,0.0,0.0
Combined,ENV_ULS / Left Exterior Girder / Max / set 1,6.000 m,Transverse D/C,1.1842703144428697,1.1842703144428526,1.709743457922741e-14,1.4437104747720547e-14
Combined,ENV_ULS / Left Exterior Girder / Max / set 1,6.000 m,Longitudinal D/C,1.071152423366968,1.0711524233669691,1.1102230246251565e-15,1.0364752955843354e-15
Combined,ENV_ULS / Left Exterior Girder / Max / set 1,6.000 m,Conservative Veff D/C,0.3650774902471606,0.3650774902471606,0.0,0.0
Combined,ENV_ULS / Left Exterior Girder / Min / set 1,6.000 m,beta,4.8,4.8,0.0,0.0
Combined,ENV_ULS / Left Exterior Girder / Min / set 1,6.000 m,theta deg,29.0,29.0,0.0,0.0
Combined,ENV_ULS / Left Exterior Girder / Min / set 1,6.000 m,Vc kN,745.3439571900806,745.3439571901,1.944044925039634e-11,2.6082520778306992e-14
Combined,ENV_ULS / Left Exterior Girder / Min / set 1,6.000 m,At torsion mm2/mm,0.0,0.0,0.0,0.0
Combined,ENV_ULS / Left Exterior Girder / Min / set 1,6.000 m,Combined transverse mm2/mm,0.2854422260462717,0.28544222604626424,7.438494264988549e-15,2.6059544055625897e-14
Combined,ENV_ULS / Left Exterior Girder / Min / set 1,6.000 m,Vs allocated kN,1109.9353439142617,1109.9353439142615,2.2737367544323206e-13,2.0485308147894773e-16
Combined,ENV_ULS / Left Exterior Girder / Min / set 1,6.000 m,Vs used kN,704.3529411764706,704.3529411764706,0.0,0.0
Combined,ENV_ULS / Left Exterior Girder / Min / set 1,6.000 m,Longitudinal required kN,3020.757559544476,3020.757559544476,0.0,0.0
Combined,ENV_ULS / Left Exterior Girder / Min / set 1,6.000 m,Longitudinal resistance kN,5544.311064801032,5544.311064801032,0.0,0.0
Combined,ENV_ULS / Left Exterior Girder / Min / set 1,6.000 m,Transverse D/C,0.2523863402356572,0.2523863402356506,6.6058269965196814e-15,2.6173472741638423e-14
Combined,ENV_ULS / Left Exterior Girder / Min / set 1,6.000 m,Longitudinal D/C,0.5448391196378303,0.5448391196378303,0.0,0.0
Combined,ENV_ULS / Left Exterior Girder / Min / set 1,6.000 m,Conservative Veff D/C,0.2244270203496316,0.22442702034963163,2.7755575615628914e-17,1.2367305671299695e-16
Combined,ENV_ULS / Left Exterior Girder / Max / set 2,6.000 m,beta,2.083332811258289,2.083332811258314,2.4868995751603507e-14,1.1937120952164557e-14
Combined,ENV_ULS / Left Exterior Girder / Max / set 2,6.000 m,theta deg,35.08533602774243,35.0853360277423,1.2789769243681803e-13,3.645331837086814e-15
Combined,ENV_ULS / Left Exterior Girder / Max / set 2,6.000 m,Vc kN,323.4999003514976,323.49990035150984,1.2221335055073723e-11,3.777848166813719e-14
Combined,ENV_ULS / Left Exterior Girder / Max / set 2,6.000 m,At torsion mm2/mm,0.4995123086532864,0.49951230865328405,2.3314683517128287e-15,4.667489291702563e-15
Combined,ENV_ULS / Left Exterior Girder / Max / set 2,6.000 m,Combined transverse mm2/mm,1.2844668433528446,1.2844668433528323,1.2212453270876722e-14,9.50779954661863e-15
Combined,ENV_ULS / Left Exterior Girder / Max / set 2,6.000 m,Vs allocated kN,102.1879727961578,102.18797279616194,4.149569576838985e-12,4.0607220823494384e-14
Combined,ENV_ULS / Left Exterior Girder / Max / set 2,6.000 m,Vs used kN,102.1879727961578,102.18797279616194,4.149569576838985e-12,4.0607220823494384e-14
Combined,ENV_ULS / Left Exterior Girder / Max / set 2,6.000 m,Longitudinal required kN,5893.9405906445145,5893.940590644517,2.7284841053187847e-12,4.629303711764115e-16
Combined,ENV_ULS / Left Exterior Girder / Max / set 2,6.000 m,Longitudinal resistance kN,5544.311064801032,5544.311064801032,0.0,0.0
Combined,ENV_ULS / Left Exterior Girder / Max / set 2,6.000 m,Transverse D/C,1.1357180408736025,1.1357180408735914,1.1102230246251565e-14,9.775516322441931e-15
Combined,ENV_ULS / Left Exterior Girder / Max / set 2,6.000 m,Longitudinal D/C,1.063060950541387,1.0630609505413873,2.220446049250313e-16,2.0887288241746647e-16
Combined,ENV_ULS / Left Exterior Girder / Max / set 2,6.000 m,Conservative Veff D/C,0.3479578633266861,0.34795786332668616,5.551115123125783e-17,1.5953411916183723e-16
Combined,ENV_ULS / Left Exterior Girder / Min / set 2,6.000 m,beta,4.8,4.8,0.0,0.0
Combined,ENV_ULS / Left Exterior Girder / Min / set 2,6.000 m,theta deg,29.0,29.0,0.0,0.0
Combined,ENV_ULS / Left Exterior Girder / Min / set 2,6.000 m,Vc kN,745.3439571900806,745.3439571901,1.944044925039634e-11,2.6082520778306992e-14
Combined,ENV_ULS / Left Exterior Girder / Min / set 2,6.000 m,At torsion mm2/mm,0.0,0.0,0.0,0.0
Combined,ENV_ULS / Left Exterior Girder / Min / set 2,6.000 m,Combined transverse mm2/mm,0.2854422260462717,0.28544222604626424,7.438494264988549e-15,2.6059544055625897e-14
Combined,ENV_ULS / Left Exterior Girder / Min / set 2,6.000 m,Vs allocated kN,1109.9353439142617,1109.9353439142615,2.2737367544323206e-13,2.0485308147894773e-16
Combined,ENV_ULS / Left Exterior Girder / Min / set 2,6.000 m,Vs used kN,677.5729411764706,677.5729411764706,0.0,0.0
Combined,ENV_ULS / Left Exterior Girder / Min / set 2,6.000 m,Longitudinal required kN,2997.384905415047,2997.384905415047,0.0,0.0
Combined,ENV_ULS / Left Exterior Girder / Min / set 2,6.000 m,Longitudinal resistance kN,5544.311064801032,5544.311064801032,0.0,0.0
Combined,ENV_ULS / Left Exterior Girder / Min / set 2,6.000 m,Transverse D/C,0.2523863402356572,0.2523863402356506,6.6058269965196814e-15,2.6173472741638423e-14
Combined,ENV_ULS / Left Exterior Girder / Min / set 2,6.000 m,Longitudinal D/C,0.5406235094644016,0.5406235094644015,1.1102230246251565e-16,2.05359738374134e-16
Combined,ENV_ULS / Left Exterior Girder / Min / set 2,6.000 m,Conservative Veff D/C,0.215894145346761,0.215894145346761,0.0,0.0
Combined,ENV_ULS / Left Exterior Girder / Max / set 1,7.000 m,beta,2.233080611598023,2.2330806115980564,3.3306690738754696e-14,1.4915131395511726e-14
Combined,ENV_ULS / Left Exterior Girder / Max / set 1,7.000 m,theta deg,34.3643191757881,34.36431917578795,1.4921397450962104e-13,4.34211932866555e-15
Combined,ENV_ULS / Left Exterior Girder / Max / set 1,7.000 m,Vc kN,347.9264319420729,347.92643194208716,1.4267698134062812e-11,4.100780171952469e-14
Combined,ENV_ULS / Left Exterior Girder / Max / set 1,7.000 m,At torsion mm2/mm,0.457000025172747,0.45700002517274463,2.3869795029440866e-15,5.223149609328392e-15
Combined,ENV_ULS / Left Exterior Girder / Max / set 1,7.000 m,Combined transverse mm2/mm,1.1994422763917658,1.1994422763917534,1.2434497875801753e-14,1.0366899783796253e-14
Combined,ENV_ULS / Left Exterior Girder / Max / set 1,7.000 m,Vs allocated kN,173.19766453612803,173.1976645361329,4.860112312599085e-12,2.806107302668136e-14
Combined,ENV_ULS / Left Exterior Girder / Max / set 1,7.000 m,Vs used kN,173.19766453612803,173.1976645361329,4.860112312599085e-12,2.806107302668136e-14
Combined,ENV_ULS / Left Exterior Girder / Max / set 1,7.000 m,Longitudinal required kN,6223.752968933736,6223.75296893374,3.637978807091713e-12,5.845313631904923e-16
Combined,ENV_ULS / Left Exterior Girder / Max / set 1,7.000 m,Longitudinal resistance kN,6052.979535231644,6052.979535231645,9.094947017729282e-13,1.502557040675873e-16
Combined,ENV_ULS / Left Exterior Girder / Max / set 1,7.000 m,Transverse D/C,1.0605398180063603,1.0605398180063494,1.0880185641326534e-14,1.0259101503401916e-14
Combined,ENV_ULS / Left Exterior Girder / Max / set 1,7.000 m,Longitudinal D/C,1.028213119292424,1.0282131192924244,4.440892098500626e-16,4.31903854869764e-16
Combined,ENV_ULS / Left Exterior Girder / Max / set 1,7.000 m,Conservative Veff D/C,0.32140446889845,0.32140446889845,0.0,0.0
Combined,ENV_ULS / Left Exterior Girder / Min / set 1,7.000 m,beta,4.8,4.8,0.0,0.0
Combined,ENV_ULS / Left Exterior Girder / Min / set 1,7.000 m,theta deg,29.0,29.0,0.0,0.0
Combined,ENV_ULS / Left Exterior Girder / Min / set 1,7.000 m,Vc kN,747.8668099343002,747.8668099343198,1.9554136088117957e-11,2.6146548861869225e-14
Combined,ENV_ULS / Left Exterior Girder / Min / set 1,7.000 m,At torsion mm2/mm,0.0,0.0,0.0,0.0
Combined,ENV_ULS / Left Exterior Girder / Min / set 1,7.000 m,Combined transverse mm2/mm,0.2854422260462717,0.28544222604626424,7.438494264988549e-15,2.6059544055625897e-14
Combined,ENV_ULS / Left Exterior Girder / Min / set 1,7.000 m,Vs allocated kN,1113.6922717075145,1113.6922717075145,0.0,0.0
Combined,ENV_ULS / Left Exterior Girder / Min / set 1,7.000 m,Vs used kN,557.584705882353,557.584705882353,0.0,0.0
Combined,ENV_ULS / Left Exterior Girder / Min / set 1,7.000 m,Longitudinal required kN,3067.6238346427226,3067.6238346427226,0.0,0.0
Combined,ENV_ULS / Left Exterior Girder / Min / set 1,7.000 m,Longitudinal resistance kN,6052.979535231644,6052.979535231645,9.094947017729282e-13,1.502557040675873e-16
Combined,ENV_ULS / Left Exterior Girder / Min / set 1,7.000 m,Transverse D/C,0.2523863402356572,0.2523863402356506,6.6058269965196814e-15,2.6173472741638423e-14
Combined,ENV_ULS / Left Exterior Girder / Min / set 1,7.000 m,Longitudinal D/C,0.5067956725753784,0.5067956725753784,0.0,0.0
Combined,ENV_ULS / Left Exterior Girder / Min / set 1,7.000 m,Conservative Veff D/C,0.1770631307542179,0.17706313075421795,5.551115123125783e-17,3.1351050325837217e-16
Combined,ENV_ULS / Left Exterior Girder / Max / set 2,7.000 m,beta,2.263010468851671,2.263010468851745,7.416289804496046e-14,3.277178743348493e-14
Combined,ENV_ULS / Left Exterior Girder / Max / set 2,7.000 m,theta deg,34.231652544983525,34.2316525449832,3.268496584496461e-13,9.548170600882876e-15
Combined,ENV_ULS / Left Exterior Girder / Max / set 2,7.000 m,Vc kN,352.5896708725051,352.58967087252586,2.0747847884194925e-11,5.884417383201233e-14
Combined,ENV_ULS / Left Exterior Girder / Max / set 2,7.000 m,At torsion mm2/mm,0.4330256440335677,0.4330256440335624,5.2735593669694936e-15,1.2178399685171434e-14
Combined,ENV_ULS / Left Exterior Girder / Max / set 2,7.000 m,Combined transverse mm2/mm,1.151493514113407,1.151493514113389,1.7985612998927536e-14,1.561937846673487e-14
Combined,ENV_ULS / Left Exterior Girder / Max / set 2,7.000 m,Vs allocated kN,212.5269665629376,212.52696656294864,1.1056044968427159e-11,5.2021845261469226e-14
Combined,ENV_ULS / Left Exterior Girder / Max / set 2,7.000 m,Vs used kN,178.55058823529413,178.55058823529413,0.0,0.0
Combined,ENV_ULS / Left Exterior Girder / Max / set 2,7.000 m,Longitudinal required kN,6191.551466484586,6191.551466484594,8.185452315956354e-12,1.3220357385810193e-15
Combined,ENV_ULS / Left Exterior Girder / Max / set 2,7.000 m,Longitudinal resistance kN,6052.979535231644,6052.979535231645,9.094947017729282e-13,1.502557040675873e-16
Combined,ENV_ULS / Left Exterior Girder / Max / set 2,7.000 m,Transverse D/C,1.0181438039411437,1.018143803941128,1.5765166949677223e-14,1.5484224221226818e-14
Combined,ENV_ULS / Left Exterior Girder / Max / set 2,7.000 m,Longitudinal D/C,1.0228931768968286,1.02289317689683,1.3322676295501878e-15,1.3024504020956646e-15
Combined,ENV_ULS / Left Exterior Girder / Max / set 2,7.000 m,Conservative Veff D/C,0.3055103324299882,0.30551033242998826,5.551115123125783e-17,1.8169975067530307e-16
Combined,ENV_ULS / Left Exterior Girder / Min / set 2,7.000 m,beta,4.8,4.8,0.0,0.0
Combined,ENV_ULS / Left Exterior Girder / Min / set 2,7.000 m,theta deg,29.0,29.0,0.0,0.0
Combined,ENV_ULS / Left Exterior Girder / Min / set 2,7.000 m,Vc kN,747.8668099343002,747.8668099343198,1.9554136088117957e-11,2.6146548861869225e-14
Combined,ENV_ULS / Left Exterior Girder / Min / set 2,7.000 m,At torsion mm2/mm,0.0907878014163201,0.09078780141632019,8.326672684688674e-17,9.171576527671982e-16
Combined,ENV_ULS / Left Exterior Girder / Min / set 2,7.000 m,Combined transverse mm2/mm,0.4670178288789121,0.46701782887890464,7.438494264988549e-15,1.5927645166877156e-14
Combined,ENV_ULS / Left Exterior Girder / Min / set 2,7.000 m,Vs allocated kN,934.8911136969648,934.8911136969649,1.1368683772161603e-13,1.2160436232199166e-16
Combined,ENV_ULS / Left Exterior Girder / Min / set 2,7.000 m,Vs used kN,533.0694117647059,533.0694117647059,0.0,0.0
Combined,ENV_ULS / Left Exterior Girder / Min / set 2,7.000 m,Longitudinal required kN,3093.9442670942017,3093.9442670942017,0.0,0.0
Combined,ENV_ULS / Left Exterior Girder / Min / set 2,7.000 m,Longitudinal resistance kN,6052.979535231644,6052.979535231645,9.094947017729282e-13,1.502557040675873e-16
Combined,ENV_ULS / Left Exterior Girder / Min / set 2,7.000 m,Transverse D/C,0.4129344221006876,0.412934422100681,6.6058269965196814e-15,1.5997278606405594e-14
Combined,ENV_ULS / Left Exterior Girder / Min / set 2,7.000 m,Longitudinal D/C,0.5111440157835918,0.5111440157835917,1.1102230246251565e-16,2.1720356501154913e-16
Combined,ENV_ULS / Left Exterior Girder / Min / set 2,7.000 m,Conservative Veff D/C,0.1860751683162391,0.18607516831623916,5.551115123125783e-17,2.983264867288219e-16
Combined,ENV_ULS / Left Exterior Girder / Max / set 1,8.000 m,beta,2.3711013452056786,2.3711013452057546,7.593925488436071e-14,3.202699666882902e-14
Combined,ENV_ULS / Left Exterior Girder / Max / set 1,8.000 m,theta deg,33.78042004065285,33.78042004065255,2.984279490192421e-13,8.834346898591058e-15
Combined,ENV_ULS / Left Exterior Girder / Max / set 1,8.000 m,Vc kN,370.2525484191149,370.2525484191364,2.1543655748246238e-11,5.818638072912926e-14
Combined,ENV_ULS / Left Exterior Girder / Max / set 1,8.000 m,At torsion mm2/mm,0.4000301864583618,0.40003018645835725,4.551914400963142e-15,1.1378927278621739e-14
Combined,ENV_ULS / Left Exterior Girder / Max / set 1,8.000 m,Combined transverse mm2/mm,1.0855025989629954,1.0855025989629787,1.6653345369377348e-14,1.5341598799751297e-14
Combined,ENV_ULS / Left Exterior Girder / Max / set 1,8.000 m,Vs allocated kN,270.61501686292155,270.61501686293207,1.0516032489249483e-11,3.885975217175738e-14
Combined,ENV_ULS / Left Exterior Girder / Max / set 1,8.000 m,Vs used kN,92.14352941176472,92.14352941176472,0.0,0.0
Combined,ENV_ULS / Left Exterior Girder / Max / set 1,8.000 m,Longitudinal required kN,6440.209109914647,6440.209109914655,7.275957614183426e-12,1.129770398756485e-15
Combined,ENV_ULS / Left Exterior Girder / Max / set 1,8.000 m,Longitudinal resistance kN,6401.272422664561,6401.272422664562,9.094947017729282e-13,1.4208029930935926e-16
Combined,ENV_ULS / Left Exterior Girder / Max / set 1,8.000 m,Transverse D/C,0.959795024244778,0.9597950242447632,1.4876988529977098e-14,1.5500172593292405e-14
Combined,ENV_ULS / Left Exterior Girder / Max / set 1,8.000 m,Longitudinal D/C,1.0060826480548188,1.00608264805482,1.1102230246251565e-15,1.1035107570652208e-15
Combined,ENV_ULS / Left Exterior Girder / Max / set 1,8.000 m,Conservative Veff D/C,0.2829634556391471,0.2829634556391471,0.0,0.0
Combined,ENV_ULS / Left Exterior Girder / Min / set 1,8.000 m,beta,4.8,4.8,0.0,0.0
Combined,ENV_ULS / Left Exterior Girder / Min / set 1,8.000 m,theta deg,29.0,29.0,0.0,0.0
Combined,ENV_ULS / Left Exterior Girder / Min / set 1,8.000 m,Vc kN,749.5302703974422,749.530270397462,1.978150976356119e-11,2.639187574515359e-14
Combined,ENV_ULS / Left Exterior Girder / Min / set 1,8.000 m,At torsion mm2/mm,0.1224974815720531,0.12249748157205313,2.7755575615628914e-17,2.2658078565723866e-16
Combined,ENV_ULS / Left Exterior Girder / Min / set 1,8.000 m,Combined transverse mm2/mm,0.530437189190378,0.5304371891903705,7.438494264988549e-15,1.4023327203626593e-14
Combined,ENV_ULS / Left Exterior Girder / Min / set 1,8.000 m,Vs allocated kN,874.3813376867689,874.3813376867689,0.0,0.0
Combined,ENV_ULS / Left Exterior Girder / Min / set 1,8.000 m,Vs used kN,418.8964705882353,418.8964705882353,0.0,0.0
Combined,ENV_ULS / Left Exterior Girder / Min / set 1,8.000 m,Longitudinal required kN,3172.4589352023745,3172.4589352023745,0.0,0.0
Combined,ENV_ULS / Left Exterior Girder / Min / set 1,8.000 m,Longitudinal resistance kN,6401.272422664561,6401.272422664562,9.094947017729282e-13,1.4208029930935926e-16
Combined,ENV_ULS / Left Exterior Girder / Min / set 1,8.000 m,Transverse D/C,0.4690094481078862,0.4690094481078797,6.494804694057166e-15,1.38479186725536e-14
Combined,ENV_ULS / Left Exterior Girder / Min / set 1,8.000 m,Longitudinal D/C,0.4955981757579726,0.49559817575797255,5.551115123125783e-17,1.1200838491053473e-16
Combined,ENV_ULS / Left Exterior Girder / Min / set 1,8.000 m,Conservative Veff D/C,0.1686261566434285,0.16862615664342853,2.7755575615628914e-17,1.6459828159589716e-16
Combined,ENV_ULS / Left Exterior Girder / Max / set 2,8.000 m,beta,2.404958930461879,2.40495893046195,7.105427357601002e-14,2.9544901027628674e-14
Combined,ENV_ULS / Left Exterior Girder / Max / set 2,8.000 m,theta deg,33.64742170144447,33.6474217014442,2.7000623958883807e-13,8.024574423105025e-15
Combined,ENV_ULS / Left Exterior Girder / Max / set 2,8.000 m,Vc kN,375.5394828007992,375.53948280082005,2.086153472191654e-11,5.555084266061355e-14
Combined,ENV_ULS / Left Exterior Girder / Max / set 2,8.000 m,At torsion mm2/mm,0.3761052188773806,0.37610521887737686,3.7192471324942744e-15,9.888847444328807e-15
Combined,ENV_ULS / Left Exterior Girder / Max / set 2,8.000 m,Combined transverse mm2/mm,1.0376526638010328,1.037652663801018,1.4876988529977098e-14,1.4337156400178563e-14
Combined,ENV_ULS / Left Exterior Girder / Max / set 2,8.000 m,Vs allocated kN,311.307098837249,311.3070988372582,9.208633855450898e-12,2.958054567289161e-14
Combined,ENV_ULS / Left Exterior Girder / Max / set 2,8.000 m,Vs used kN,70.92941176470589,70.92941176470589,0.0,0.0
Combined,ENV_ULS / Left Exterior Girder / Max / set 2,8.000 m,Longitudinal required kN,6408.741326723558,6408.741326723564,6.366462912410498e-12,9.934030081481411e-16
Combined,ENV_ULS / Left Exterior Girder / Max / set 2,8.000 m,Longitudinal resistance kN,6401.272422664561,6401.272422664562,9.094947017729282e-13,1.4208029930935926e-16
Combined,ENV_ULS / Left Exterior Girder / Max / set 2,8.000 m,Transverse D/C,0.9174863925355944,0.9174863925355812,1.3211653993039363e-14,1.439983644501518e-14
Combined,ENV_ULS / Left Exterior Girder / Max / set 2,8.000 m,Longitudinal D/C,1.001166784283786,1.0011667842837866,6.661338147750939e-16,6.653574861171926e-16
Combined,ENV_ULS / Left Exterior Girder / Max / set 2,8.000 m,Conservative Veff D/C,0.2669017631621481,0.2669017631621481,0.0,0.0
Combined,ENV_ULS / Left Exterior Girder / Min / set 2,8.000 m,beta,4.8,4.8,0.0,0.0
Combined,ENV_ULS / Left Exterior Girder / Min / set 2,8.000 m,theta deg,29.0,29.0,0.0,0.0
Combined,ENV_ULS / Left Exterior Girder / Min / set 2,8.000 m,Vc kN,749.5302703974422,749.530270397462,1.978150976356119e-11,2.639187574515359e-14
Combined,ENV_ULS / Left Exterior Girder / Min / set 2,8.000 m,At torsion mm2/mm,0.145215733543899,0.14521573354389908,8.326672684688674e-17,5.734001737608893e-16
Combined,ENV_ULS / Left Exterior Girder / Min / set 2,8.000 m,Combined transverse mm2/mm,0.5758736931340699,0.5758736931340624,7.438494264988549e-15,1.2916884993489153e-14
Combined,ENV_ULS / Left Exterior Girder / Min / set 2,8.000 m,Vs allocated kN,829.5395769280608,829.5395769280608,0.0,0.0
Combined,ENV_ULS / Left Exterior Girder / Min / set 2,8.000 m,Vs used kN,395.7176470588236,395.71764705882356,5.684341886080802e-14,1.4364640870402786e-16
Combined,ENV_ULS / Left Exterior Girder / Min / set 2,8.000 m,Longitudinal required kN,3193.554325902929,3193.554325902929,0.0,0.0
Combined,ENV_ULS / Left Exterior Girder / Min / set 2,8.000 m,Longitudinal resistance kN,6401.272422664561,6401.272422664562,9.094947017729282e-13,1.4208029930935926e-16
Combined,ENV_ULS / Left Exterior Girder / Min / set 2,8.000 m,Transverse D/C,0.5091841381048472,0.5091841381048406,6.5503158452884236e-15,1.286433601342805e-14
Combined,ENV_ULS / Left Exterior Girder / Min / set 2,8.000 m,Longitudinal D/C,0.4988936753567498,0.4988936753567497,5.551115123125783e-17,1.1126850063104692e-16
Combined,ENV_ULS / Left Exterior Girder / Min / set 2,8.000 m,Conservative Veff D/C,0.1758521757192587,0.17585217571925874,2.7755575615628914e-17,1.5783470123190075e-16
Combined,ENV_ULS / Left Exterior Girder / Max / set 1,9.000 m,beta,2.462482783588281,2.4624827835882868,5.773159728050814e-15,2.3444467374664307e-15
Combined,ENV_ULS / Left Exterior Girder / Max / set 1,9.000 m,theta deg,33.42984363151262,33.4298436315126,2.1316282072803006e-14,6.376422907557139e-16
Combined,ENV_ULS / Left Exterior Girder / Max / set 1,9.000 m,Vc kN,384.8739535393124,384.87395353932317,1.0743406164692715e-11,2.791408996606741e-14
Combined,ENV_ULS / Left Exterior Girder / Max / set 1,9.000 m,At torsion mm2/mm,0.3467666265889071,0.3467666265889068,3.3306690738754696e-16,9.604929709178706e-16
Combined,ENV_ULS / Left Exterior Girder / Max / set 1,9.000 m,Combined transverse mm2/mm,0.978975479224086,0.9789754792240778,8.215650382226158e-15,8.392090053918171e-15
Combined,ENV_ULS / Left Exterior Girder / Max / set 1,9.000 m,Vs allocated kN,362.84303312703474,362.84303312703565,9.094947017729282e-13,2.5065789301086108e-15
Combined,ENV_ULS / Left Exterior Girder / Max / set 1,9.000 m,Vs used kN,18.64588235294118,18.64588235294118,0.0,0.0
Combined,ENV_ULS / Left Exterior Girder / Max / set 1,9.000 m,Longitudinal required kN,6545.815219678279,6545.81521967828,9.094947017729282e-13,1.3894292326474026e-16
Combined,ENV_ULS / Left Exterior Girder / Max / set 1,9.000 m,Longitudinal resistance kN,6584.599440193531,6584.599440193533,1.8189894035458565e-12,2.762490596531098e-16
Combined,ENV_ULS / Left Exterior Girder / Max / set 1,9.000 m,Transverse D/C,0.8656043704681688,0.8656043704681615,7.327471962526033e-15,8.465151300660571e-15
Combined,ENV_ULS / Left Exterior Girder / Max / set 1,9.000 m,Longitudinal D/C,0.9941098587898136,0.9941098587898138,2.220446049250313e-16,2.233602282099272e-16
Combined,ENV_ULS / Left Exterior Girder / Max / set 1,9.000 m,Conservative Veff D/C,0.2470825710211292,0.2470825710211292,0.0,0.0
Combined,ENV_ULS / Left Exterior Girder / Min / set 1,9.000 m,beta,4.8,4.8,0.0,0.0
Combined,ENV_ULS / Left Exterior Girder / Min / set 1,9.000 m,theta deg,29.0,29.0,0.0,0.0
Combined,ENV_ULS / Left Exterior Girder / Min / set 1,9.000 m,Vc kN,750.2164032581425,750.2164032581619,1.944044925039634e-11,2.5913122088463e-14
Combined,ENV_ULS / Left Exterior Girder / Min / set 1,9.000 m,At torsion mm2/mm,0.1746309689428629,0.17463096894286292,2.7755575615628914e-17,1.589384505145258e-16
Combined,ENV_ULS / Left Exterior Girder / Min / set 1,9.000 m,Combined transverse mm2/mm,0.6347041639319976,0.6347041639319901,7.438494264988549e-15,1.1719624177202654e-14
Combined,ENV_ULS / Left Exterior Girder / Min / set 1,9.000 m,Vs allocated kN,772.1853955134167,772.1853955134164,2.2737367544323206e-13,2.9445477312097327e-16
Combined,ENV_ULS / Left Exterior Girder / Min / set 1,9.000 m,Vs used kN,285.7070588235294,285.7070588235294,0.0,0.0
Combined,ENV_ULS / Left Exterior Girder / Min / set 1,9.000 m,Longitudinal required kN,3264.564492923019,3264.5644929230193,4.547473508864641e-13,1.3929801413703834e-16
Combined,ENV_ULS / Left Exterior Girder / Min / set 1,9.000 m,Longitudinal resistance kN,6584.599440193531,6584.599440193533,1.8189894035458565e-12,2.762490596531098e-16
Combined,ENV_ULS / Left Exterior Girder / Min / set 1,9.000 m,Transverse D/C,0.5612016949488116,0.561201694948805,6.5503158452884236e-15,1.1671945940729863e-14
Combined,ENV_ULS / Left Exterior Girder / Min / set 1,9.000 m,Longitudinal D/C,0.4957878641782755,0.49578786417827536,1.1102230246251565e-16,2.2393106101240562e-16
Combined,ENV_ULS / Left Exterior Girder / Min / set 1,9.000 m,Conservative Veff D/C,0.1735681723688891,0.17356817236888913,2.7755575615628914e-17,1.5991166604346814e-16
Combined,ENV_ULS / Left Exterior Girder / Max / set 2,9.000 m,beta,2.495800369420465,2.495800369420483,1.8207657603852567e-14,7.295318097929575e-15
Combined,ENV_ULS / Left Exterior Girder / Max / set 2,9.000 m,theta deg,33.308410136131215,33.30841013613115,6.394884621840902e-14,1.9199008886059315e-15
Combined,ENV_ULS / Left Exterior Girder / Max / set 2,9.000 m,Vc kN,390.08132841603424,390.0813284160472,1.2960299500264227e-11,3.322460870631886e-14
Combined,ENV_ULS / Left Exterior Girder / Max / set 2,9.000 m,At torsion mm2/mm,0.3245351504186868,0.3245351504186861,7.216449660063518e-16,2.2236265164970585e-15
Combined,ENV_ULS / Left Exterior Girder / Max / set 2,9.000 m,Combined transverse mm2/mm,0.9345125268836454,0.9345125268836364,8.992806499463768e-15,9.62299192441273e-15
Combined,ENV_ULS / Left Exterior Girder / Max / set 2,9.000 m,Vs allocated kN,401.5722211094254,401.57222110942763,2.2168933355715126e-12,5.520534586398628e-15
Combined,ENV_ULS / Left Exterior Girder / Max / set 2,9.000 m,Vs used kN,39.72,39.72,0.0,0.0
Combined,ENV_ULS / Left Exterior Girder / Max / set 2,9.000 m,Longitudinal required kN,6515.329947640112,6515.3299476401135,1.8189894035458565e-12,2.791860762484798e-16
Combined,ENV_ULS / Left Exterior Girder / Max / set 2,9.000 m,Longitudinal resistance kN,6584.599440193531,6584.599440193533,1.8189894035458565e-12,2.762490596531098e-16
Combined,ENV_ULS / Left Exterior Girder / Max / set 2,9.000 m,Transverse D/C,0.8262904890823883,0.8262904890823803,7.993605777301127e-15,9.67408663529246e-15
Combined,ENV_ULS / Left Exterior Girder / Max / set 2,9.000 m,Longitudinal D/C,0.9894800749563312,0.9894800749563312,0.0,0.0
Combined,ENV_ULS / Left Exterior Girder / Max / set 2,9.000 m,Conservative Veff D/C,0.2325851323046546,0.23258513230465463,2.7755575615628914e-17,1.193351240494294e-16
Combined,ENV_ULS / Left Exterior Girder / Min / set 2,9.000 m,beta,4.8,4.8,0.0,0.0
Combined,ENV_ULS / Left Exterior Girder / Min / set 2,9.000 m,theta deg,29.0,29.0,0.0,0.0
Combined,ENV_ULS / Left Exterior Girder / Min / set 2,9.000 m,Vc kN,750.2164032581425,750.2164032581619,1.944044925039634e-11,2.5913122088463e-14
Combined,ENV_ULS / Left Exterior Girder / Min / set 2,9.000 m,At torsion mm2/mm,0.1972857758085572,0.19728577580855722,2.7755575615628914e-17,1.4068716055111067e-16
Combined,ENV_ULS / Left Exterior Girder / Min / set 2,9.000 m,Combined transverse mm2/mm,0.6800137776633861,0.6800137776633787,7.438494264988549e-15,1.0938740521623316e-14
Combined,ENV_ULS / Left Exterior Girder / Min / set 2,9.000 m,Vs allocated kN,727.4279297521942,727.427929752194,2.2737367544323206e-13,3.125720997827088e-16
Combined,ENV_ULS / Left Exterior Girder / Min / set 2,9.000 m,Vs used kN,262.76823529411763,262.76823529411763,0.0,0.0
Combined,ENV_ULS / Left Exterior Girder / Min / set 2,9.000 m,Longitudinal required kN,3302.7705767131906,3302.7705767131915,9.094947017729282e-13,2.7537326031226406e-16
Combined,ENV_ULS / Left Exterior Girder / Min / set 2,9.000 m,Longitudinal resistance kN,6584.599440193531,6584.599440193533,1.8189894035458565e-12,2.762490596531098e-16
Combined,ENV_ULS / Left Exterior Girder / Min / set 2,9.000 m,Transverse D/C,0.6012641893651166,0.60126418936511,6.661338147750939e-15,1.1078887227235027e-14
Combined,ENV_ULS / Left Exterior Girder / Min / set 2,9.000 m,Longitudinal D/C,0.5015902040376988,0.5015902040376988,0.0,0.0
Combined,ENV_ULS / Left Exterior Girder / Min / set 2,9.000 m,Conservative Veff D/C,0.1868918248612833,0.18689182486128333,2.7755575615628914e-17,1.48511448460787e-16
Combined,ENV_ULS / Left Exterior Girder / Max / set 1,10.000 m,beta,2.497698188891729,2.4976981888918197,9.059419880941277e-14,3.6271075189275633e-14
Combined,ENV_ULS / Left Exterior Girder / Max / set 1,10.000 m,theta deg,33.30159062703753,33.3015906270372,3.268496584496461e-13,9.814836237410245e-15
Combined,ENV_ULS / Left Exterior Girder / Max / set 1,10.000 m,Vc kN,390.37794826973527,390.3779482697596,2.432898327242583e-11,6.232161263272478e-14
Combined,ENV_ULS / Left Exterior Girder / Max / set 1,10.000 m,At torsion mm2/mm,0.2991074395143773,0.29910743951437363,3.6637359812630166e-15,1.2248896206698849e-14
Combined,ENV_ULS / Left Exterior Girder / Max / set 1,10.000 m,Combined transverse mm2/mm,0.8836571050750264,0.8836571050750115,1.4876988529977098e-14,1.6835702949182112e-14
Combined,ENV_ULS / Left Exterior Girder / Max / set 1,10.000 m,Vs allocated kN,444.0654553700036,444.0654553700153,1.1709744285326451e-11,2.6369410508568756e-14
Combined,ENV_ULS / Left Exterior Girder / Max / set 1,10.000 m,Vs used kN,132.30588235294118,132.30588235294118,0.0,0.0
Combined,ENV_ULS / Left Exterior Girder / Max / set 1,10.000 m,Longitudinal required kN,6543.263354049126,6543.263354049134,8.185452315956354e-12,1.2509739976904631e-15
Combined,ENV_ULS / Left Exterior Girder / Max / set 1,10.000 m,Longitudinal resistance kN,6602.960587818552,6602.960587818553,9.094947017729282e-13,1.3774044077300812e-16
Combined,ENV_ULS / Left Exterior Girder / Max / set 1,10.000 m,Transverse D/C,0.7813244237275823,0.781324423727569,1.3211653993039363e-14,1.6909306290476312e-14
Combined,ENV_ULS / Left Exterior Girder / Max / set 1,10.000 m,Longitudinal D/C,0.9909590201280986,0.9909590201280997,1.1102230246251565e-15,1.120352105460062e-15
Combined,ENV_ULS / Left Exterior Girder / Max / set 1,10.000 m,Conservative Veff D/C,0.218161913778269,0.218161913778269,0.0,0.0
Combined,ENV_ULS / Left Exterior Girder / Min / set 1,10.000 m,beta,4.8,4.8,0.0,0.0
Combined,ENV_ULS / Left Exterior Girder / Min / set 1,10.000 m,theta deg,29.0,29.0,0.0,0.0
Combined,ENV_ULS / Left Exterior Girder / Min / set 1,10.000 m,Vc kN,750.2164032581425,750.2164032581619,1.944044925039634e-11,2.5913122088463e-14
Combined,ENV_ULS / Left Exterior Girder / Min / set 1,10.000 m,At torsion mm2/mm,0.2256408342887841,0.22564083428878418,8.326672684688674e-17,3.6902330692643445e-16
Combined,ENV_ULS / Left Exterior Girder / Min / set 1,10.000 m,Combined transverse mm2/mm,0.7367238946238401,0.7367238946238326,7.549516567451064e-15,1.024741646435373e-14
Combined,ENV_ULS / Left Exterior Girder / Min / set 1,10.000 m,Vs allocated kN,671.4088885566593,671.4088885566592,1.1368683772161603e-13,1.6932578590970227e-16
Combined,ENV_ULS / Left Exterior Girder / Min / set 1,10.000 m,Vs used kN,156.12588235294118,156.12588235294118,0.0,0.0
Combined,ENV_ULS / Left Exterior Girder / Min / set 1,10.000 m,Longitudinal required kN,3359.710191003015,3359.710191003016,9.094947017729282e-13,2.7070629609913034e-16
Combined,ENV_ULS / Left Exterior Girder / Min / set 1,10.000 m,Longitudinal resistance kN,6602.960587818552,6602.960587818553,9.094947017729282e-13,1.3774044077300812e-16
Combined,ENV_ULS / Left Exterior Girder / Min / set 1,10.000 m,Transverse D/C,0.6514069417960932,0.6514069417960865,6.661338147750939e-15,1.0226077925089374e-14
Combined,ENV_ULS / Left Exterior Girder / Min / set 1,10.000 m,Longitudinal D/C,0.5088187558170746,0.5088187558170747,1.1102230246251565e-16,2.1819616748253134e-16
Combined,ENV_ULS / Left Exterior Girder / Min / set 1,10.000 m,Conservative Veff D/C,0.1976914929127366,0.19769149291273663,2.7755575615628914e-17,1.40398431954179e-16
Combined,ENV_ULS / Left Exterior Girder / Max / set 2,10.000 m,beta,2.527336062064663,2.527336062064667,3.9968028886505635e-15,1.5814291374394582e-15
Combined,ENV_ULS / Left Exterior Girder / Max / set 2,10.000 m,theta deg,33.19642057219492,33.1964205721949,1.4210854715202004e-14,4.280839461078801e-16
Combined,ENV_ULS / Left Exterior Girder / Max / set 2,10.000 m,Vc kN,395.01020214723934,395.01020214725025,1.0913936421275139e-11,2.762950516707588e-14
Combined,ENV_ULS / Left Exterior Girder / Max / set 2,10.000 m,At torsion mm2/mm,0.2777419753873566,0.27774197538735657,5.551115123125783e-17,1.9986590487029717e-16
Combined,ENV_ULS / Left Exterior Girder / Max / set 2,10.000 m,Combined transverse mm2/mm,0.840926176820985,0.8409261768209774,7.66053886991358e-15,9.109644914222254e-15
Combined,ENV_ULS / Left Exterior Girder / Max / set 2,10.000 m,Vs allocated kN,481.606707390325,481.60670739032514,1.1368683772161603e-13,2.3605742191102186e-16
Combined,ENV_ULS / Left Exterior Girder / Max / set 2,10.000 m,Vs used kN,154.20823529411766,154.20823529411766,0.0,0.0
Combined,ENV_ULS / Left Exterior Girder / Max / set 2,10.000 m,Longitudinal required kN,6516.480838592806,6516.480838592807,9.094947017729282e-13,1.3956838427063155e-16
Combined,ENV_ULS / Left Exterior Girder / Max / set 2,10.000 m,Longitudinal resistance kN,6602.960587818552,6602.960587818553,9.094947017729282e-13,1.3774044077300812e-16
Combined,ENV_ULS / Left Exterior Girder / Max / set 2,10.000 m,Transverse D/C,0.7435419878690499,0.7435419878690431,6.772360450213455e-15,9.108242117735309e-15
Combined,ENV_ULS / Left Exterior Girder / Max / set 2,10.000 m,Longitudinal D/C,0.9869028827182024,0.9869028827182026,2.220446049250313e-16,2.249913429307849e-16
Combined,ENV_ULS / Left Exterior Girder / Max / set 2,10.000 m,Conservative Veff D/C,0.2054902832883923,0.20549028328839233,2.7755575615628914e-17,1.3507001485163051e-16
Combined,ENV_ULS / Left Exterior Girder / Min / set 2,10.000 m,beta,4.8,4.8,0.0,0.0
Combined,ENV_ULS / Left Exterior Girder / Min / set 2,10.000 m,theta deg,29.0,29.0,0.0,0.0
Combined,ENV_ULS / Left Exterior Girder / Min / set 2,10.000 m,Vc kN,750.2164032581425,750.2164032581619,1.944044925039634e-11,2.5913122088463e-14
Combined,ENV_ULS / Left Exterior Girder / Min / set 2,10.000 m,At torsion mm2/mm,0.2485898793279353,0.24858987932793536,5.551115123125783e-17,2.2330414810664315e-16
Combined,ENV_ULS / Left Exterior Girder / Min / set 2,10.000 m,Combined transverse mm2/mm,0.7826219847021425,0.782621984702135,7.549516567451064e-15,9.646440701923805e-15
Combined,ENV_ULS / Left Exterior Girder / Min / set 2,10.000 m,Vs allocated kN,626.0701176864501,626.07011768645,1.1368683772161603e-13,1.815880274588556e-16
Combined,ENV_ULS / Left Exterior Girder / Min / set 2,10.000 m,Vs used kN,134.1305882352941,134.1305882352941,0.0,0.0
Combined,ENV_ULS / Left Exterior Girder / Min / set 2,10.000 m,Longitudinal required kN,3406.7083422250344,3406.708342225035,4.547473508864641e-13,1.3348584768764016e-16
Combined,ENV_ULS / Left Exterior Girder / Min / set 2,10.000 m,Longitudinal resistance kN,6602.960587818552,6602.960587818553,9.094947017729282e-13,1.3774044077300812e-16
Combined,ENV_ULS / Left Exterior Girder / Min / set 2,10.000 m,Transverse D/C,0.6919897635429759,0.6919897635429693,6.661338147750939e-15,9.626353594661667e-15
Combined,ENV_ULS / Left Exterior Girder / Min / set 2,10.000 m,Longitudinal D/C,0.5159364949883068,0.5159364949883068,0.0,0.0
Combined,ENV_ULS / Left Exterior Girder / Min / set 2,10.000 m,Conservative Veff D/C,0.2151140096220166,0.21511400962201666,5.551115123125783e-17,2.5805456059695115e-16
Combined,ENV_ULS / Left Exterior Girder / Max / set 1,11.000 m,beta,2.5719389851986847,2.571938985198784,9.947598300641403e-14,3.8677427255812434e-14
Combined,ENV_ULS / Left Exterior Girder / Max / set 1,11.000 m,theta deg,33.04271568217999,33.04271568217965,3.410605131648481e-13,1.0321806368620795e-14
Combined,ENV_ULS / Left Exterior Girder / Max / set 1,11.000 m,Vc kN,401.9814197656571,401.9814197656831,2.5977442419389263e-11,6.462349039548057e-14
Combined,ENV_ULS / Left Exterior Girder / Max / set 1,11.000 m,At torsion mm2/mm,0.2484935313376119,0.2484935313376087,3.191891195797325e-15,1.2844966943870875e-14
Combined,ENV_ULS / Left Exterior Girder / Max / set 1,11.000 m,Combined transverse mm2/mm,0.7824292887214956,0.7824292887214817,1.3988810110276972e-14,1.7878689246328196e-14
Combined,ENV_ULS / Left Exterior Girder / Max / set 1,11.000 m,Vs allocated kN,533.6800868990946,533.6800868991071,1.2505552149377763e-11,2.343267522316596e-14
Combined,ENV_ULS / Left Exterior Girder / Max / set 1,11.000 m,Vs used kN,263.9658823529412,263.9658823529412,0.0,0.0
Combined,ENV_ULS / Left Exterior Girder / Max / set 1,11.000 m,Longitudinal required kN,6449.565083478282,6449.565083478289,7.275957614183426e-12,1.128131512746819e-15
Combined,ENV_ULS / Left Exterior Girder / Max / set 1,11.000 m,Longitudinal resistance kN,6584.599440193531,6584.599440193533,1.8189894035458565e-12,2.762490596531098e-16
Combined,ENV_ULS / Left Exterior Girder / Max / set 1,11.000 m,Transverse D/C,0.6918193828883432,0.6918193828883309,1.2323475573339238e-14,1.7813140074059497e-14
Combined,ENV_ULS / Left Exterior Girder / Max / set 1,11.000 m,Longitudinal D/C,0.9794923961674912,0.9794923961674918,6.661338147750939e-16,6.800806390958302e-16
Combined,ENV_ULS / Left Exterior Girder / Max / set 1,11.000 m,Conservative Veff D/C,0.1981212448957057,0.19812124489570573,2.7755575615628914e-17,1.400938886197687e-16
Combined,ENV_ULS / Left Exterior Girder / Min / set 1,11.000 m,beta,4.8,4.8,0.0,0.0
Combined,ENV_ULS / Left Exterior Girder / Min / set 1,11.000 m,theta deg,29.0,29.0,0.0,0.0
Combined,ENV_ULS / Left Exterior Girder / Min / set 1,11.000 m,Vc kN,750.2164032581425,750.2164032581619,1.944044925039634e-11,2.5913122088463e-14
Combined,ENV_ULS / Left Exterior Girder / Min / set 1,11.000 m,At torsion mm2/mm,0.2755368855489321,0.27553688554893213,5.551115123125783e-17,2.014654085991681e-16
Combined,ENV_ULS / Left Exterior Girder / Min / set 1,11.000 m,Combined transverse mm2/mm,0.836515997144136,0.8365159971441285,7.549516567451064e-15,9.024951815894934e-15
Combined,ENV_ULS / Left Exterior Girder / Min / set 1,11.000 m,Vs allocated kN,572.8328636478801,572.83286364788,1.1368683772161603e-13,1.9846423788894077e-16
Combined,ENV_ULS / Left Exterior Girder / Min / set 1,11.000 m,Vs used kN,44.74941176470588,44.74941176470588,0.0,0.0
Combined,ENV_ULS / Left Exterior Girder / Min / set 1,11.000 m,Longitudinal required kN,3427.6702413894145,3427.670241389415,4.547473508864641e-13,1.3266951569475688e-16
Combined,ENV_ULS / Left Exterior Girder / Min / set 1,11.000 m,Longitudinal resistance kN,6584.599440193531,6584.599440193533,1.8189894035458565e-12,2.762490596531098e-16
Combined,ENV_ULS / Left Exterior Girder / Min / set 1,11.000 m,Transverse D/C,0.7396425328940837,0.739642532894077,6.661338147750939e-15,9.006158855800817e-15
Combined,ENV_ULS / Left Exterior Girder / Min / set 1,11.000 m,Longitudinal D/C,0.5205586569877468,0.5205586569877467,1.1102230246251565e-16,2.1327529755235435e-16
Combined,ENV_ULS / Left Exterior Girder / Min / set 1,11.000 m,Conservative Veff D/C,0.2341702112427481,0.2341702112427481,0.0,0.0
Combined,ENV_ULS / Left Exterior Girder / Max / set 2,11.000 m,beta,2.5967857981597877,2.5967857981598694,8.171241461241152e-14,3.1466751963259524e-14
Combined,ENV_ULS / Left Exterior Girder / Max / set 2,11.000 m,theta deg,32.95938174128202,32.95938174128175,2.7000623958883807e-13,8.19209054673056e-15
Combined,ENV_ULS / Left Exterior Girder / Max / set 2,11.000 m,Vc kN,405.86485448484586,405.8648544848692,2.3362645151792094e-11,5.756262187679288e-14
Combined,ENV_ULS / Left Exterior Girder / Max / set 2,11.000 m,At torsion mm2/mm,0.2274698585752876,0.22746985857528526,2.3314683517128287e-15,1.0249570498331265e-14
Combined,ENV_ULS / Left Exterior Girder / Max / set 2,11.000 m,Combined transverse mm2/mm,0.7403819431968469,0.7403819431968348,1.2101430968414206e-14,1.6344848871060285e-14
Combined,ENV_ULS / Left Exterior Girder / Max / set 2,11.000 m,Vs allocated kN,570.8898098999495,570.8898098999592,9.777068044058979e-12,1.712601604462388e-14
Combined,ENV_ULS / Left Exterior Girder / Max / set 2,11.000 m,Vs used kN,287.0282352941177,287.0282352941177,0.0,0.0
Combined,ENV_ULS / Left Exterior Girder / Max / set 2,11.000 m,Longitudinal required kN,6427.866939008651,6427.866939008656,5.4569682106375694e-12,8.489547562848548e-16
Combined,ENV_ULS / Left Exterior Girder / Max / set 2,11.000 m,Longitudinal resistance kN,6584.599440193531,6584.599440193533,1.8189894035458565e-12,2.762490596531098e-16
Combined,ENV_ULS / Left Exterior Girder / Max / set 2,11.000 m,Transverse D/C,0.6546413668653392,0.6546413668653285,1.0769163338864018e-14,1.6450477901252807e-14
Combined,ENV_ULS / Left Exterior Girder / Max / set 2,11.000 m,Longitudinal D/C,0.9761971092382388,0.9761971092382393,5.551115123125783e-16,5.686469536318861e-16
Combined,ENV_ULS / Left Exterior Girder / Max / set 2,11.000 m,Conservative Veff D/C,0.1883317248029191,0.1883317248029191,0.0,0.0
Combined,ENV_ULS / Left Exterior Girder / Min / set 2,11.000 m,beta,4.8,4.8,0.0,0.0
Combined,ENV_ULS / Left Exterior Girder / Min / set 2,11.000 m,theta deg,29.0,29.0,0.0,0.0
Combined,ENV_ULS / Left Exterior Girder / Min / set 2,11.000 m,Vc kN,750.2164032581425,750.2164032581619,1.944044925039634e-11,2.5913122088463e-14
Combined,ENV_ULS / Left Exterior Girder / Min / set 2,11.000 m,At torsion mm2/mm,0.2983188891250271,0.2983188891250271,0.0,0.0
Combined,ENV_ULS / Left Exterior Girder / Min / set 2,11.000 m,Combined transverse mm2/mm,0.8820800042963259,0.8820800042963184,7.549516567451064e-15,8.55876624646277e-15
Combined,ENV_ULS / Left Exterior Girder / Min / set 2,11.000 m,Vs allocated kN,527.8241045322519,527.8241045322519,0.0,0.0
Combined,ENV_ULS / Left Exterior Girder / Min / set 2,11.000 m,Vs used kN,23.841176470588238,23.841176470588234,3.552713678800501e-15,1.490158710575093e-16
Combined,ENV_ULS / Left Exterior Girder / Min / set 2,11.000 m,Longitudinal required kN,3478.271772247822,3478.2717722478224,4.547473508864641e-13,1.3073945357426314e-16
Combined,ENV_ULS / Left Exterior Girder / Min / set 2,11.000 m,Longitudinal resistance kN,6584.599440193531,6584.599440193533,1.8189894035458565e-12,2.762490596531098e-16
Combined,ENV_ULS / Left Exterior Girder / Min / set 2,11.000 m,Transverse D/C,0.7799299604793364,0.7799299604793297,6.661338147750939e-15,8.540944040227677e-15
Combined,ENV_ULS / Left Exterior Girder / Min / set 2,11.000 m,Longitudinal D/C,0.5282434875257332,0.5282434875257332,0.0,0.0
Combined,ENV_ULS / Left Exterior Girder / Min / set 2,11.000 m,Conservative Veff D/C,0.2531801141145392,0.2531801141145392,0.0,0.0
Combined,ENV_ULS / Left Exterior Girder / Max / set 1,12.000 m,beta,2.574245909785969,2.5742459097860313,6.217248937900877e-14,2.415172891706235e-14
Combined,ENV_ULS / Left Exterior Girder / Max / set 1,12.000 m,theta deg,33.03491072143236,33.03491072143215,2.1316282072803006e-13,6.452653150042747e-15
Combined,ENV_ULS / Left Exterior Girder / Max / set 1,12.000 m,Vc kN,401.9740068398724,401.9740068398926,2.0179413695586845e-11,5.020079246970903e-14
Combined,ENV_ULS / Left Exterior Girder / Max / set 1,12.000 m,At torsion mm2/mm,0.1962597916115337,0.19625979161153206,1.6375789613221059e-15,8.343935086629752e-15
Combined,ENV_ULS / Left Exterior Girder / Max / set 1,12.000 m,Combined transverse mm2/mm,0.6779618092693391,0.6779618092693284,1.0769163338864018e-14,1.5884616495537495e-14
Combined,ENV_ULS / Left Exterior Girder / Max / set 1,12.000 m,Vs allocated kN,621.2358436058734,621.2358436058813,7.958078640513122e-12,1.2810076434613797e-14
Combined,ENV_ULS / Left Exterior Girder / Max / set 1,12.000 m,Vs used kN,399.5564705882353,399.5564705882353,0.0,0.0
Combined,ENV_ULS / Left Exterior Girder / Max / set 1,12.000 m,Longitudinal required kN,6261.035455587087,6261.035455587091,3.637978807091713e-12,5.810506637277273e-16
Combined,ENV_ULS / Left Exterior Girder / Max / set 1,12.000 m,Longitudinal resistance kN,6401.272422664561,6401.272422664562,9.094947017729282e-13,1.4208029930935926e-16
Combined,ENV_ULS / Left Exterior Girder / Max / set 1,12.000 m,Transverse D/C,0.5994498509596671,0.5994498509596575,9.547918011776346e-15,1.592780112713534e-14
Combined,ENV_ULS / Left Exterior Girder / Max / set 1,12.000 m,Longitudinal D/C,0.9780923294904704,0.9780923294904708,3.3306690738754696e-16,3.4052706206279674e-16
Combined,ENV_ULS / Left Exterior Girder / Max / set 1,12.000 m,Conservative Veff D/C,0.1902771897963738,0.19027718979637384,2.7755575615628914e-17,1.4586916931730857e-16
Combined,ENV_ULS / Left Exterior Girder / Min / set 1,12.000 m,beta,4.8,4.8,0.0,0.0
Combined,ENV_ULS / Left Exterior Girder / Min / set 1,12.000 m,theta deg,29.0,29.0,0.0,0.0
Combined,ENV_ULS / Left Exterior Girder / Min / set 1,12.000 m,Vc kN,749.5302703974422,749.530270397462,1.978150976356119e-11,2.639187574515359e-14
Combined,ENV_ULS / Left Exterior Girder / Min / set 1,12.000 m,At torsion mm2/mm,0.3235115002367871,0.3235115002367871,0.0,0.0
Combined,ENV_ULS / Left Exterior Girder / Min / set 1,12.000 m,Combined transverse mm2/mm,0.932465226519846,0.9324652265198384,7.549516567451064e-15,8.09629823476366e-15
Combined,ENV_ULS / Left Exterior Girder / Min / set 1,12.000 m,Vs allocated kN,477.61566463758015,477.61566463758015,0.0,0.0
Combined,ENV_ULS / Left Exterior Girder / Min / set 1,12.000 m,Vs used kN,63.06117647058824,63.06117647058824,0.0,0.0
Combined,ENV_ULS / Left Exterior Girder / Min / set 1,12.000 m,Longitudinal required kN,3458.185046192247,3458.185046192247,0.0,0.0
Combined,ENV_ULS / Left Exterior Girder / Min / set 1,12.000 m,Longitudinal resistance kN,6401.272422664561,6401.272422664562,9.094947017729282e-13,1.4208029930935926e-16
Combined,ENV_ULS / Left Exterior Girder / Min / set 1,12.000 m,Transverse D/C,0.8244802781218742,0.8244802781218676,6.5503158452884236e-15,7.944781723839138e-15
Combined,ENV_ULS / Left Exterior Girder / Min / set 1,12.000 m,Longitudinal D/C,0.5402340062810138,0.5402340062810137,1.1102230246251565e-16,2.055078006414227e-16
Combined,ENV_ULS / Left Exterior Girder / Min / set 1,12.000 m,Conservative Veff D/C,0.2754157732855837,0.2754157732855837,0.0,0.0
Combined,ENV_ULS / Left Exterior Girder / Max / set 2,12.000 m,beta,2.5913683854649565,2.5913683854650493,9.281464485866309e-14,3.5816846952081066e-14
Combined,ENV_ULS / Left Exterior Girder / Max / set 2,12.000 m,theta deg,32.97741501837746,32.97741501837715,3.055333763768431e-13,9.26492801835984e-15
Combined,ENV_ULS / Left Exterior Girder / Max / set 2,12.000 m,Vc kN,404.6477180535276,404.6477180535527,2.5067947717616335e-11,6.195005334071535e-14
Combined,ENV_ULS / Left Exterior Girder / Max / set 2,12.000 m,At torsion mm2/mm,0.1741263155616645,0.1741263155616625,1.9984014443252818e-15,1.147673421951892e-14
Combined,ENV_ULS / Left Exterior Girder / Max / set 2,12.000 m,Combined transverse mm2/mm,0.6336948571696008,0.6336948571695893,1.1546319456101628e-14,1.8220629890659827e-14
Combined,ENV_ULS / Left Exterior Girder / Max / set 2,12.000 m,Vs allocated kN,659.9241784651088,659.92417846512,1.1254996934439987e-11,1.705498495390386e-14
Combined,ENV_ULS / Left Exterior Girder / Max / set 2,12.000 m,Vs used kN,422.8470588235294,422.8470588235294,0.0,0.0
Combined,ENV_ULS / Left Exterior Girder / Max / set 2,12.000 m,Longitudinal required kN,6245.991661286599,6245.991661286604,4.547473508864641e-12,7.280626929187915e-16
Combined,ENV_ULS / Left Exterior Girder / Max / set 2,12.000 m,Longitudinal resistance kN,6401.272422664561,6401.272422664562,9.094947017729282e-13,1.4208029930935926e-16
Combined,ENV_ULS / Left Exterior Girder / Max / set 2,12.000 m,Transverse D/C,0.5603092718358587,0.5603092718358484,1.021405182655144e-14,1.822931073955851e-14
Combined,ENV_ULS / Left Exterior Girder / Max / set 2,12.000 m,Longitudinal D/C,0.9757422038736908,0.9757422038736914,5.551115123125783e-16,5.689120652040965e-16
Combined,ENV_ULS / Left Exterior Girder / Max / set 2,12.000 m,Conservative Veff D/C,0.1841296181420959,0.18412961814209597,5.551115123125783e-17,3.0147866373360384e-16
Combined,ENV_ULS / Left Exterior Girder / Min / set 2,12.000 m,beta,4.8,4.8,0.0,0.0
Combined,ENV_ULS / Left Exterior Girder / Min / set 2,12.000 m,theta deg,29.0,29.0,0.0,0.0
Combined,ENV_ULS / Left Exterior Girder / Min / set 2,12.000 m,Vc kN,749.5302703974422,749.530270397462,1.978150976356119e-11,2.639187574515359e-14
Combined,ENV_ULS / Left Exterior Girder / Min / set 2,12.000 m,At torsion mm2/mm,0.3452241319512246,0.34522413195122464,5.551115123125783e-17,1.6079742432113864e-16
Combined,ENV_ULS / Left Exterior Girder / Min / set 2,12.000 m,Combined transverse mm2/mm,0.9758904899487212,0.9758904899487135,7.66053886991358e-15,7.849793546319084e-15
Combined,ENV_ULS / Left Exterior Girder / Min / set 2,12.000 m,Vs allocated kN,434.7588181694916,434.7588181694916,0.0,0.0
Combined,ENV_ULS / Left Exterior Girder / Min / set 2,12.000 m,Vs used kN,83.48470588235294,83.48470588235294,0.0,0.0
Combined,ENV_ULS / Left Exterior Girder / Min / set 2,12.000 m,Longitudinal required kN,3508.151662537386,3508.151662537386,0.0,0.0
Combined,ENV_ULS / Left Exterior Girder / Min / set 2,12.000 m,Longitudinal resistance kN,6401.272422664561,6401.272422664562,9.094947017729282e-13,1.4208029930935926e-16
Combined,ENV_ULS / Left Exterior Girder / Min / set 2,12.000 m,Transverse D/C,0.8628766410650587,0.862876641065052,6.661338147750939e-15,7.719919430810901e-15
Combined,ENV_ULS / Left Exterior Girder / Min / set 2,12.000 m,Longitudinal D/C,0.5480397381802259,0.5480397381802258,1.1102230246251565e-16,2.0258075232129497e-16
Combined,ENV_ULS / Left Exterior Girder / Min / set 2,12.000 m,Conservative Veff D/C,0.2943170981738258,0.2943170981738258,0.0,0.0
Combined,ENV_ULS / Left Exterior Girder / Max / set 1,13.000 m,beta,2.487216122409933,2.4872161224100116,7.860379014346108e-14,3.1603120225554504e-14
Combined,ENV_ULS / Left Exterior Girder / Max / set 1,13.000 m,theta deg,33.33938624452789,33.3393862445276,2.8421709430404007e-13,8.524964803474511e-15
Combined,ENV_ULS / Left Exterior Girder / Max / set 1,13.000 m,Vc kN,387.5221639758077,387.5221639758301,2.2396307031158358e-11,5.77936157286612e-14
Combined,ENV_ULS / Left Exterior Girder / Max / set 1,13.000 m,At torsion mm2/mm,0.139202226167341,0.13920222616733952,1.4710455076283324e-15,1.056768665365984e-14
Combined,ENV_ULS / Left Exterior Girder / Max / set 1,13.000 m,Combined transverse mm2/mm,0.5638466783809538,0.5638466783809433,1.0547118733938987e-14,1.8705650203038342e-14
Combined,ENV_ULS / Left Exterior Girder / Max / set 1,13.000 m,Vs allocated kN,707.39125705083,707.3912570508403,1.0345502232667059e-11,1.4624865842699447e-14
Combined,ENV_ULS / Left Exterior Girder / Max / set 1,13.000 m,Vs used kN,538.5611764705882,538.5611764705882,0.0,0.0
Combined,ENV_ULS / Left Exterior Girder / Max / set 1,13.000 m,Longitudinal required kN,5990.571804111867,5990.571804111872,4.547473508864641e-12,7.591050833817397e-16
Combined,ENV_ULS / Left Exterior Girder / Max / set 1,13.000 m,Longitudinal resistance kN,6052.979535231644,6052.979535231645,9.094947017729282e-13,1.502557040675873e-16
Combined,ENV_ULS / Left Exterior Girder / Max / set 1,13.000 m,Transverse D/C,0.4985499222793051,0.4985499222792958,9.325873406851315e-15,1.8705997113016916e-14
Combined,ENV_ULS / Left Exterior Girder / Max / set 1,13.000 m,Longitudinal D/C,0.9896897501872376,0.9896897501872381,5.551115123125783e-16,5.608944744628884e-16
Combined,ENV_ULS / Left Exterior Girder / Max / set 1,13.000 m,Conservative Veff D/C,0.1980175633671659,0.19801756336716597,8.326672684688674e-17,4.2050172434701064e-16
Combined,ENV_ULS / Left Exterior Girder / Min / set 1,13.000 m,beta,4.8,4.8,0.0,0.0
Combined,ENV_ULS / Left Exterior Girder / Min / set 1,13.000 m,theta deg,29.0,29.0,0.0,0.0
Combined,ENV_ULS / Left Exterior Girder / Min / set 1,13.000 m,Vc kN,747.8668099343002,747.8668099343198,1.9554136088117957e-11,2.6146548861869225e-14
Combined,ENV_ULS / Left Exterior Girder / Min / set 1,13.000 m,At torsion mm2/mm,0.3696759371616874,0.36967593716168745,5.551115123125783e-17,1.5016165687565045e-16
Combined,ENV_ULS / Left Exterior Girder / Min / set 1,13.000 m,Combined transverse mm2/mm,1.0247941003696466,1.0247941003696392,7.327471962526033e-15,7.150189447697877e-15
Combined,ENV_ULS / Left Exterior Girder / Min / set 1,13.000 m,Vs allocated kN,385.6375702830242,385.6375702830242,0.0,0.0
Combined,ENV_ULS / Left Exterior Girder / Min / set 1,13.000 m,Vs used kN,168.46588235294118,168.46588235294118,0.0,0.0
Combined,ENV_ULS / Left Exterior Girder / Min / set 1,13.000 m,Longitudinal required kN,3445.309682917687,3445.309682917687,0.0,0.0
Combined,ENV_ULS / Left Exterior Girder / Min / set 1,13.000 m,Longitudinal resistance kN,6052.979535231644,6052.979535231645,9.094947017729282e-13,1.502557040675873e-16
Combined,ENV_ULS / Left Exterior Girder / Min / set 1,13.000 m,Transverse D/C,0.90611692625134,0.9061169262513334,6.5503158452884236e-15,7.228996231631518e-15
Combined,ENV_ULS / Left Exterior Girder / Min / set 1,13.000 m,Longitudinal D/C,0.5691923560725928,0.5691923560725927,1.1102230246251565e-16,1.950523426360917e-16
Combined,ENV_ULS / Left Exterior Girder / Min / set 1,13.000 m,Conservative Veff D/C,0.3191022162490585,0.31910221624905855,5.551115123125783e-17,1.7396040642955455e-16
Combined,ENV_ULS / Left Exterior Girder / Max / set 2,13.000 m,beta,2.49185563541512,2.4918556354151984,7.860379014346108e-14,3.154427930186411e-14
Combined,ENV_ULS / Left Exterior Girder / Max / set 2,13.000 m,theta deg,33.32261813845744,33.32261813845715,2.913225216616411e-13,8.742485973076346e-15
Combined,ENV_ULS / Left Exterior Girder / Max / set 2,13.000 m,Vc kN,388.2450260155656,388.2450260155879,2.2282620193436742e-11,5.73931890953372e-14
Combined,ENV_ULS / Left Exterior Girder / Max / set 2,13.000 m,At torsion mm2/mm,0.1154687993507518,0.11546879935075062,1.1796119636642288e-15,1.0215850258224415e-14
Combined,ENV_ULS / Left Exterior Girder / Max / set 2,13.000 m,Combined transverse mm2/mm,0.5163798247477754,0.5163798247477654,9.992007221626409e-15,1.93501115705037e-14
Combined,ENV_ULS / Left Exterior Girder / Max / set 2,13.000 m,Vs allocated kN,747.2515324309268,747.2515324309369,1.0118128557223827e-11,1.3540458758656307e-14
Combined,ENV_ULS / Left Exterior Girder / Max / set 2,13.000 m,Vs used kN,563.2905882352941,563.2905882352941,0.0,0.0
Combined,ENV_ULS / Left Exterior Girder / Max / set 2,13.000 m,Longitudinal required kN,5985.785205304955,5985.78520530496,5.4569682106375694e-12,9.116545321073797e-16
Combined,ENV_ULS / Left Exterior Girder / Max / set 2,13.000 m,Longitudinal resistance kN,6052.979535231644,6052.979535231645,9.094947017729282e-13,1.502557040675873e-16
Combined,ENV_ULS / Left Exterior Girder / Max / set 2,13.000 m,Transverse D/C,0.4565800090085282,0.4565800090085194,8.770761894538737e-15,1.920969320050778e-14
Combined,ENV_ULS / Left Exterior Girder / Max / set 2,13.000 m,Longitudinal D/C,0.9888989662800638,0.9888989662800646,7.771561172376096e-16,7.858801998358166e-16
Combined,ENV_ULS / Left Exterior Girder / Max / set 2,13.000 m,Conservative Veff D/C,0.1971291867584014,0.1971291867584014,0.0,0.0
Combined,ENV_ULS / Left Exterior Girder / Min / set 2,13.000 m,beta,4.8,4.8,0.0,0.0
Combined,ENV_ULS / Left Exterior Girder / Min / set 2,13.000 m,theta deg,29.0,29.0,0.0,0.0
Combined,ENV_ULS / Left Exterior Girder / Min / set 2,13.000 m,Vc kN,747.8668099343002,747.8668099343198,1.9554136088117957e-11,2.6146548861869225e-14
Combined,ENV_ULS / Left Exterior Girder / Min / set 2,13.000 m,At torsion mm2/mm,0.3904994178957099,0.3904994178957099,0.0,0.0
Combined,ENV_ULS / Left Exterior Girder / Min / set 2,13.000 m,Combined transverse mm2/mm,1.0664410618376916,1.066441061837684,7.549516567451064e-15,7.0791690582898115e-15
Combined,ENV_ULS / Left Exterior Girder / Min / set 2,13.000 m,Vs allocated kN,344.6269674160152,344.6269674160152,0.0,0.0
Combined,ENV_ULS / Left Exterior Girder / Min / set 2,13.000 m,Vs used kN,185.72705882352943,185.72705882352943,0.0,0.0
Combined,ENV_ULS / Left Exterior Girder / Min / set 2,13.000 m,Longitudinal required kN,3493.6023495116706,3493.6023495116706,0.0,0.0
Combined,ENV_ULS / Left Exterior Girder / Min / set 2,13.000 m,Longitudinal resistance kN,6052.979535231644,6052.979535231645,9.094947017729282e-13,1.502557040675873e-16
Combined,ENV_ULS / Left Exterior Girder / Min / set 2,13.000 m,Transverse D/C,0.9429409250424348,0.942940925042428,6.772360450213455e-15,7.182168331392265e-15
Combined,ENV_ULS / Left Exterior Girder / Min / set 2,13.000 m,Longitudinal D/C,0.5771706858047344,0.5771706858047343,1.1102230246251565e-16,1.92356100531544e-16
Combined,ENV_ULS / Left Exterior Girder / Min / set 2,13.000 m,Conservative Veff D/C,0.3374994416987835,0.3374994416987835,0.0,0.0
Combined,ENV_ULS / Left Exterior Girder / Max / set 1,14.000 m,beta,2.331699951992692,2.331699951992725,3.2862601528904634e-14,1.40938380604329e-14
Combined,ENV_ULS / Left Exterior Girder / Max / set 1,14.000 m,theta deg,33.94005823842104,33.9400582384209,1.3500311979441904e-13,3.977692638181525e-15
Combined,ENV_ULS / Left Exterior Girder / Max / set 1,14.000 m,Vc kN,362.0663477496154,362.06634774963,1.460875864722766e-11,4.034829179244701e-14
Combined,ENV_ULS / Left Exterior Girder / Max / set 1,14.000 m,At torsion mm2/mm,0.0,0.0,0.0,0.0
Combined,ENV_ULS / Left Exterior Girder / Max / set 1,14.000 m,Combined transverse mm2/mm,0.3975073999816046,0.39750739998158446,2.015054789694659e-14,5.0692258553878787e-14
Combined,ENV_ULS / Left Exterior Girder / Max / set 1,14.000 m,Vs allocated kN,914.2031107627696,914.2031107627743,4.661160346586257e-12,5.098604775799957e-15
Combined,ENV_ULS / Left Exterior Girder / Max / set 1,14.000 m,Vs used kN,683.384705882353,683.384705882353,0.0,0.0
Combined,ENV_ULS / Left Exterior Girder / Max / set 1,14.000 m,Longitudinal required kN,5621.404242400062,5621.4042424000645,2.7284841053187847e-12,4.853741143073986e-16
Combined,ENV_ULS / Left Exterior Girder / Max / set 1,14.000 m,Longitudinal resistance kN,5544.311064801032,5544.311064801032,0.0,0.0
Combined,ENV_ULS / Left Exterior Girder / Max / set 1,14.000 m,Transverse D/C,0.3514737090148864,0.35147370901486863,1.7763568394002505e-14,5.05402479286183e-14
Combined,ENV_ULS / Left Exterior Girder / Max / set 1,14.000 m,Longitudinal D/C,1.0139049156329754,1.0139049156329756,2.220446049250313e-16,2.189994362404388e-16
Combined,ENV_ULS / Left Exterior Girder / Max / set 1,14.000 m,Conservative Veff D/C,0.2177459400361332,0.21774594003613326,5.551115123125783e-17,2.549354133631432e-16
Combined,ENV_ULS / Left Exterior Girder / Min / set 1,14.000 m,beta,4.8,4.8,0.0,0.0
Combined,ENV_ULS / Left Exterior Girder / Min / set 1,14.000 m,theta deg,29.0,29.0,0.0,0.0
Combined,ENV_ULS / Left Exterior Girder / Min / set 1,14.000 m,Vc kN,745.3439571900806,745.3439571901,1.944044925039634e-11,2.6082520778306992e-14
Combined,ENV_ULS / Left Exterior Girder / Min / set 1,14.000 m,At torsion mm2/mm,0.4171883527187371,0.41718835271873717,5.551115123125783e-17,1.3306016543727123e-16
Combined,ENV_ULS / Left Exterior Girder / Min / set 1,14.000 m,Combined transverse mm2/mm,1.119818931483746,1.1198189314837386,7.327471962526033e-15,6.543443548339796e-15
Combined,ENV_ULS / Left Exterior Girder / Min / set 1,14.000 m,Vs allocated kN,291.0794520666424,291.0794520666424,0.0,0.0
Combined,ENV_ULS / Left Exterior Girder / Min / set 1,14.000 m,Vs used kN,264.8458823529412,264.8458823529412,0.0,0.0
Combined,ENV_ULS / Left Exterior Girder / Min / set 1,14.000 m,Longitudinal required kN,3389.860596041851,3389.860596041851,0.0,0.0
Combined,ENV_ULS / Left Exterior Girder / Min / set 1,14.000 m,Longitudinal resistance kN,5544.311064801032,5544.311064801032,0.0,0.0
Combined,ENV_ULS / Left Exterior Girder / Min / set 1,14.000 m,Transverse D/C,0.9901373239640148,0.9901373239640081,6.661338147750939e-15,6.7276911863925265e-15
Combined,ENV_ULS / Left Exterior Girder / Min / set 1,14.000 m,Longitudinal D/C,0.6114124111042284,0.6114124111042283,1.1102230246251565e-16,1.8158333139166443e-16
Combined,ENV_ULS / Left Exterior Girder / Min / set 1,14.000 m,Conservative Veff D/C,0.3660787332005339,0.36607873320053397,5.551115123125783e-17,1.516371922125545e-16
Combined,ENV_ULS / Left Exterior Girder / Max / set 2,14.000 m,beta,2.3149142330706067,2.3149142330706303,2.353672812205332e-14,1.0167429870968869e-14
Combined,ENV_ULS / Left Exterior Girder / Max / set 2,14.000 m,theta deg,34.00971774533275,34.00971774533265,9.947598300641403e-14,2.924928214673751e-15
Combined,ENV_ULS / Left Exterior Girder / Max / set 2,14.000 m,Vc kN,359.4598614651014,359.45986146511433,1.290345608140342e-11,3.5896792562069416e-14
Combined,ENV_ULS / Left Exterior Girder / Max / set 2,14.000 m,At torsion mm2/mm,0.0,0.0,0.0,0.0
Combined,ENV_ULS / Left Exterior Girder / Max / set 2,14.000 m,Combined transverse mm2/mm,0.4350073846810952,0.4350073846810774,1.7763568394002505e-14,4.0835096183541205e-14
Combined,ENV_ULS / Left Exterior Girder / Max / set 2,14.000 m,Vs allocated kN,911.807869942682,911.8078699426857,3.637978807091713e-12,3.989852387784708e-15
Combined,ENV_ULS / Left Exterior Girder / Max / set 2,14.000 m,Vs used kN,710.169411764706,710.169411764706,0.0,0.0
Combined,ENV_ULS / Left Exterior Girder / Max / set 2,14.000 m,Longitudinal required kN,5635.70860997353,5635.7086099735325,2.7284841053187847e-12,4.841421539236747e-16
Combined,ENV_ULS / Left Exterior Girder / Max / set 2,14.000 m,Longitudinal resistance kN,5544.311064801032,5544.311064801032,0.0,0.0
Combined,ENV_ULS / Left Exterior Girder / Max / set 2,14.000 m,Transverse D/C,0.3846309752970773,0.38463097529706164,1.5654144647214707e-14,4.069912631223878e-14
Combined,ENV_ULS / Left Exterior Girder / Max / set 2,14.000 m,Longitudinal D/C,1.0164849237541431,1.0164849237541436,4.440892098500626e-16,4.3688715835540926e-16
Combined,ENV_ULS / Left Exterior Girder / Max / set 2,14.000 m,Conservative Veff D/C,0.2262803144679022,0.2262803144679022,0.0,0.0
Combined,ENV_ULS / Left Exterior Girder / Min / set 2,14.000 m,beta,4.8,4.8,0.0,0.0
Combined,ENV_ULS / Left Exterior Girder / Min / set 2,14.000 m,theta deg,29.0,29.0,0.0,0.0
Combined,ENV_ULS / Left Exterior Girder / Min / set 2,14.000 m,Vc kN,745.3439571900806,745.3439571901,1.944044925039634e-11,2.6082520778306992e-14
Combined,ENV_ULS / Left Exterior Girder / Min / set 2,14.000 m,At torsion mm2/mm,0.4388878050149886,0.43888780501498864,5.551115123125783e-17,1.2648141642796853e-16
Combined,ENV_ULS / Left Exterior Girder / Min / set 2,14.000 m,Combined transverse mm2/mm,1.163217836076249,1.1632178360762415,7.549516567451064e-15,6.490200144211202e-15
Combined,ENV_ULS / Left Exterior Girder / Min / set 2,14.000 m,Vs allocated kN,248.48784027581337,248.48784027581337,0.0,0.0
Combined,ENV_ULS / Left Exterior Girder / Min / set 2,14.000 m,Vs used kN,248.48784027581337,248.48784027581337,0.0,0.0
Combined,ENV_ULS / Left Exterior Girder / Min / set 2,14.000 m,Longitudinal required kN,3446.562478052926,3446.562478052926,0.0,0.0
Combined,ENV_ULS / Left Exterior Girder / Min / set 2,14.000 m,Longitudinal resistance kN,5544.311064801032,5544.311064801032,0.0,0.0
Combined,ENV_ULS / Left Exterior Girder / Min / set 2,14.000 m,Transverse D/C,1.0285103805788502,1.0285103805788436,6.661338147750939e-15,6.476685382603481e-15
Combined,ENV_ULS / Left Exterior Girder / Min / set 2,14.000 m,Longitudinal D/C,0.6216394494771394,0.6216394494771393,1.1102230246251565e-16,1.785959732058454e-16
Combined,ENV_ULS / Left Exterior Girder / Min / set 2,14.000 m,Conservative Veff D/C,0.3851439799151409,0.3851439799151409,0.0,0.0
Combined,ENV_ULS / Left Exterior Girder / Max / set 1,15.000 m,beta,2.0883430705627646,2.088343070562775,1.021405182655144e-14,4.890983656147511e-15
Combined,ENV_ULS / Left Exterior Girder / Max / set 1,15.000 m,theta deg,35.0595403037061,35.05954030370605,4.973799150320701e-14,1.4186720953083729e-15
Combined,ENV_ULS / Left Exterior Girder / Max / set 1,15.000 m,Vc kN,320.0014719348288,320.0014719348387,9.890754881780595e-12,3.090846683291079e-14
Combined,ENV_ULS / Left Exterior Girder / Max / set 1,15.000 m,At torsion mm2/mm,0.0,0.0,0.0,0.0
Combined,ENV_ULS / Left Exterior Girder / Max / set 1,15.000 m,Combined transverse mm2/mm,0.674428907407118,0.6744289074071039,1.4099832412739488e-14,2.09063286847348e-14
Combined,ENV_ULS / Left Exterior Girder / Max / set 1,15.000 m,Vs allocated kN,865.1617721823443,865.1617721823458,1.4779288903810084e-12,1.7082688323745225e-15
Combined,ENV_ULS / Left Exterior Girder / Max / set 1,15.000 m,Vs used kN,835.92,835.92,0.0,0.0
Combined,ENV_ULS / Left Exterior Girder / Max / set 1,15.000 m,Longitudinal required kN,5224.855634282225,5224.855634282226,9.094947017729282e-13,1.7407078117247765e-16
Combined,ENV_ULS / Left Exterior Girder / Max / set 1,15.000 m,Longitudinal resistance kN,4925.689052661224,4925.689052661225,9.094947017729282e-13,1.8464314171061027e-16
Combined,ENV_ULS / Left Exterior Girder / Max / set 1,15.000 m,Transverse D/C,0.5963260798772724,0.5963260798772598,1.2545520178264269e-14,2.1038020307356804e-14
Combined,ENV_ULS / Left Exterior Girder / Max / set 1,15.000 m,Longitudinal D/C,1.0607359860564824,1.0607359860564824,0.0,0.0
Combined,ENV_ULS / Left Exterior Girder / Max / set 1,15.000 m,Conservative Veff D/C,0.269907463757539,0.26990746375753905,5.551115123125783e-17,2.0566734412770493e-16
Combined,ENV_ULS / Left Exterior Girder / Min / set 1,15.000 m,beta,4.8,4.8,0.0,0.0
Combined,ENV_ULS / Left Exterior Girder / Min / set 1,15.000 m,theta deg,29.0,29.0,0.0,0.0
Combined,ENV_ULS / Left Exterior Girder / Min / set 1,15.000 m,Vc kN,735.5147183136229,735.5147183136421,1.921307557495311e-11,2.612194575657719e-14
Combined,ENV_ULS / Left Exterior Girder / Min / set 1,15.000 m,At torsion mm2/mm,0.4726767682631503,0.4726767682631503,0.0,0.0
Combined,ENV_ULS / Left Exterior Girder / Min / set 1,15.000 m,Combined transverse mm2/mm,1.2307957625725725,1.2307957625725647,7.771561172376096e-15,6.314257335540594e-15
Combined,ENV_ULS / Left Exterior Girder / Min / set 1,15.000 m,Vs allocated kN,179.7646463724308,179.7646463724308,0.0,0.0
Combined,ENV_ULS / Left Exterior Girder / Min / set 1,15.000 m,Vs used kN,179.7646463724308,179.7646463724308,0.0,0.0
Combined,ENV_ULS / Left Exterior Girder / Min / set 1,15.000 m,Longitudinal required kN,3370.546291758429,3370.546291758429,0.0,0.0
Combined,ENV_ULS / Left Exterior Girder / Min / set 1,15.000 m,Longitudinal resistance kN,4925.689052661224,4925.689052661225,9.094947017729282e-13,1.8464314171061027e-16
Combined,ENV_ULS / Left Exterior Girder / Min / set 1,15.000 m,Transverse D/C,1.088262386388798,1.0882623863887915,6.439293542825908e-15,5.917041352677435e-15
Combined,ENV_ULS / Left Exterior Girder / Min / set 1,15.000 m,Longitudinal D/C,0.6842791446482821,0.6842791446482819,2.220446049250313e-16,3.244941872942245e-16
Combined,ENV_ULS / Left Exterior Girder / Min / set 1,15.000 m,Conservative Veff D/C,0.4243647934868763,0.4243647934868763,0.0,0.0
Combined,ENV_ULS / Left Exterior Girder / Max / set 2,15.000 m,beta,2.073003882109439,2.0730038821094467,7.549516567451064e-15,3.64182461625148e-15
Combined,ENV_ULS / Left Exterior Girder / Max / set 2,15.000 m,theta deg,35.138908852664386,35.13890885266435,3.552713678800501e-14,1.0110483776536283e-15
Combined,ENV_ULS / Left Exterior Girder / Max / set 2,15.000 m,Vc kN,317.6510138359939,317.65101383600336,9.43600753089413e-12,2.970557977115649e-14
Combined,ENV_ULS / Left Exterior Girder / Max / set 2,15.000 m,At torsion mm2/mm,0.0,0.0,0.0,0.0
Combined,ENV_ULS / Left Exterior Girder / Max / set 2,15.000 m,Combined transverse mm2/mm,0.7178851774113885,0.7178851774113751,1.3322676295501878e-14,1.8558227296936493e-14
Combined,ENV_ULS / Left Exterior Girder / Max / set 2,15.000 m,Vs allocated kN,862.6179679430388,862.61796794304,1.1368683772161603e-12,1.3179280045917494e-15
Combined,ENV_ULS / Left Exterior Girder / Max / set 2,15.000 m,Vs used kN,862.6179679430388,862.61796794304,1.1368683772161603e-12,1.3179280045917494e-15
Combined,ENV_ULS / Left Exterior Girder / Max / set 2,15.000 m,Longitudinal required kN,5240.302537192132,5240.302537192132,0.0,0.0
Combined,ENV_ULS / Left Exterior Girder / Max / set 2,15.000 m,Longitudinal resistance kN,4925.689052661224,4925.689052661225,9.094947017729282e-13,1.8464314171061027e-16
Combined,ENV_ULS / Left Exterior Girder / Max / set 2,15.000 m,Transverse D/C,0.6347498586523596,0.6347498586523478,1.176836406102666e-14,1.854016019162627e-14
Combined,ENV_ULS / Left Exterior Girder / Max / set 2,15.000 m,Longitudinal D/C,1.0638719742897556,1.0638719742897553,2.220446049250313e-16,2.0871365191593572e-16
Combined,ENV_ULS / Left Exterior Girder / Max / set 2,15.000 m,Conservative Veff D/C,0.2793608270727312,0.27936082707273124,5.551115123125783e-17,1.987077136509392e-16
Combined,ENV_ULS / Left Exterior Girder / Min / set 2,15.000 m,beta,4.8,4.8,0.0,0.0
Combined,ENV_ULS / Left Exterior Girder / Min / set 2,15.000 m,theta deg,29.0,29.0,0.0,0.0
Combined,ENV_ULS / Left Exterior Girder / Min / set 2,15.000 m,Vc kN,735.5147183136229,735.5147183136421,1.921307557495311e-11,2.612194575657719e-14
Combined,ENV_ULS / Left Exterior Girder / Min / set 2,15.000 m,At torsion mm2/mm,0.4945680883683434,0.49456808836834343,5.551115123125783e-17,1.1224167619548137e-16
Combined,ENV_ULS / Left Exterior Girder / Min / set 2,15.000 m,Combined transverse mm2/mm,1.2745784027829583,1.274578402782951,7.327471962526033e-15,5.748937802905668e-15
Combined,ENV_ULS / Left Exterior Girder / Min / set 2,15.000 m,Vs allocated kN,137.36308124326555,137.36308124326555,0.0,0.0
Combined,ENV_ULS / Left Exterior Girder / Min / set 2,15.000 m,Vs used kN,137.36308124326555,137.36308124326555,0.0,0.0
Combined,ENV_ULS / Left Exterior Girder / Min / set 2,15.000 m,Longitudinal required kN,3437.854547144961,3437.854547144961,0.0,0.0
Combined,ENV_ULS / Left Exterior Girder / Min / set 2,15.000 m,Longitudinal resistance kN,4925.689052661224,4925.689052661225,9.094947017729282e-13,1.8464314171061027e-16
Combined,ENV_ULS / Left Exterior Girder / Min / set 2,15.000 m,Transverse D/C,1.1269747397837813,1.1269747397837746,6.661338147750939e-15,5.910814069381011e-15
Combined,ENV_ULS / Left Exterior Girder / Min / set 2,15.000 m,Longitudinal D/C,0.6979438836658957,0.6979438836658954,2.220446049250313e-16,3.1814105707003184e-16
Combined,ENV_ULS / Left Exterior Girder / Min / set 2,15.000 m,Conservative Veff D/C,0.4435262469953731,0.4435262469953731,0.0,0.0
Combined,ENV_ULS / Left Exterior Girder / Max / set 1,16.000 m,beta,2.062241389252138,2.062241389252179,4.1300296516055823e-14,2.0026897302760642e-14
Combined,ENV_ULS / Left Exterior Girder / Max / set 1,16.000 m,theta deg,35.19530134384022,35.19530134384,2.2026824808563106e-13,6.258456091445944e-15
Combined,ENV_ULS / Left Exterior Girder / Max / set 1,16.000 m,Vc kN,312.03116812917955,312.031168129194,1.4438228390645236e-11,4.627175059854022e-14
Combined,ENV_ULS / Left Exterior Girder / Max / set 1,16.000 m,At torsion mm2/mm,0.0,0.0,0.0,0.0
Combined,ENV_ULS / Left Exterior Girder / Max / set 1,16.000 m,Combined transverse mm2/mm,0.9087600381408892,0.9087600381408626,2.6645352591003757e-14,2.9320559303548055e-14
Combined,ENV_ULS / Left Exterior Girder / Max / set 1,16.000 m,Vs allocated kN,1133.33352415604,1133.3335241560492,9.094947017729282e-12,8.0249518997525e-15
Combined,ENV_ULS / Left Exterior Girder / Max / set 1,16.000 m,Vs used kN,995.0235294117648,995.0235294117647,1.1368683772161603e-13,1.1425542649109524e-16
Combined,ENV_ULS / Left Exterior Girder / Max / set 1,16.000 m,Longitudinal required kN,4704.598588237976,4704.598588237982,5.4569682106375694e-12,1.159922171528214e-15
Combined,ENV_ULS / Left Exterior Girder / Max / set 1,16.000 m,Longitudinal resistance kN,4485.924427904176,4485.924427904177,9.094947017729282e-13,2.0274409798692128e-16
Combined,ENV_ULS / Left Exterior Girder / Max / set 1,16.000 m,Transverse D/C,0.6026402173104245,0.6026402173104068,1.765254609153999e-14,2.9292014678880194e-14
Combined,ENV_ULS / Left Exterior Girder / Max / set 1,16.000 m,Longitudinal D/C,1.048746732997454,1.048746732997455,8.881784197001252e-16,8.468950526897905e-16
Combined,ENV_ULS / Left Exterior Girder / Max / set 1,16.000 m,Conservative Veff D/C,0.3253682572636293,0.32536825726362933,5.551115123125783e-17,1.7061022392937357e-16
Combined,ENV_ULS / Left Exterior Girder / Min / set 1,16.000 m,beta,4.426681175055327,4.42668117505534,1.3322676295501878e-14,3.0096308653480843e-15
Combined,ENV_ULS / Left Exterior Girder / Min / set 1,16.000 m,theta deg,29.39355771231632,29.3935577123163,1.7763568394002505e-14,6.043354318609526e-16
Combined,ENV_ULS / Left Exterior Girder / Min / set 1,16.000 m,Vc kN,669.7870119311647,669.787011931184,1.9326762412674725e-11,2.8855086868510996e-14
Combined,ENV_ULS / Left Exterior Girder / Min / set 1,16.000 m,At torsion mm2/mm,0.5441712335551743,0.5441712335551739,3.3306690738754696e-16,6.120626869810035e-16
Combined,ENV_ULS / Left Exterior Girder / Min / set 1,16.000 m,Combined transverse mm2/mm,1.3737846931566202,1.3737846931566122,7.993605777301127e-15,5.818674365146571e-15
Combined,ENV_ULS / Left Exterior Girder / Min / set 1,16.000 m,Vs allocated kN,394.8581429311485,394.8581429311495,9.663381206337363e-13,2.4473045267860526e-15
Combined,ENV_ULS / Left Exterior Girder / Min / set 1,16.000 m,Vs used kN,394.8581429311485,394.8581429311495,9.663381206337363e-13,2.4473045267860526e-15
Combined,ENV_ULS / Left Exterior Girder / Min / set 1,16.000 m,Longitudinal required kN,3192.1525948813637,3192.1525948813633,4.547473508864641e-13,1.4245789866551316e-16
Combined,ENV_ULS / Left Exterior Girder / Min / set 1,16.000 m,Longitudinal resistance kN,4485.924427904176,4485.924427904177,9.094947017729282e-13,2.0274409798692128e-16
Combined,ENV_ULS / Left Exterior Girder / Min / set 1,16.000 m,Transverse D/C,0.9110192694160784,0.911019269416073,5.329070518200751e-15,5.8495694845362305e-15
Combined,ENV_ULS / Left Exterior Girder / Min / set 1,16.000 m,Longitudinal D/C,0.7115930386666672,0.7115930386666671,1.1102230246251565e-16,1.5601937684851642e-16
Combined,ENV_ULS / Left Exterior Girder / Min / set 1,16.000 m,Conservative Veff D/C,0.4896793630265026,0.48967936302650267,5.551115123125783e-17,1.1336224358765437e-16
Combined,ENV_ULS / Left Exterior Girder / Max / set 2,16.000 m,beta,2.046315341747053,2.046315341747104,5.062616992290714e-14,2.474016046797729e-14
Combined,ENV_ULS / Left Exterior Girder / Max / set 2,16.000 m,theta deg,35.27983778600282,35.27983778600255,2.7000623958883807e-13,7.653273272587562e-15
Combined,ENV_ULS / Left Exterior Girder / Max / set 2,16.000 m,Vc kN,309.6214486692794,309.62144866929515,1.574562702444382e-11,5.085444529801174e-14
Combined,ENV_ULS / Left Exterior Girder / Max / set 2,16.000 m,At torsion mm2/mm,0.0,0.0,0.0,0.0
Combined,ENV_ULS / Left Exterior Girder / Max / set 2,16.000 m,Combined transverse mm2/mm,0.9549213339257718,0.9549213339257409,3.097522238704187e-14,3.2437459805930614e-14
Combined,ENV_ULS / Left Exterior Girder / Max / set 2,16.000 m,Vs allocated kN,1129.790698392821,1129.7906983928326,1.1596057447604835e-11,1.0263898847902216e-14
Combined,ENV_ULS / Left Exterior Girder / Max / set 2,16.000 m,Vs used kN,1025.0635294117646,1025.0635294117646,0.0,0.0
Combined,ENV_ULS / Left Exterior Girder / Max / set 2,16.000 m,Longitudinal required kN,4717.516395920571,4717.516395920578,7.275957614183426e-12,1.5423279970950885e-15
Combined,ENV_ULS / Left Exterior Girder / Max / set 2,16.000 m,Longitudinal resistance kN,4485.924427904176,4485.924427904177,9.094947017729282e-13,2.0274409798692128e-16
Combined,ENV_ULS / Left Exterior Girder / Max / set 2,16.000 m,Transverse D/C,0.6332518773258042,0.6332518773257837,2.0539125955565396e-14,3.2434370415610796e-14
Combined,ENV_ULS / Left Exterior Girder / Max / set 2,16.000 m,Longitudinal D/C,1.051626364139307,1.0516263641393089,1.7763568394002505e-15,1.6891520600608836e-15
Combined,ENV_ULS / Left Exterior Girder / Max / set 2,16.000 m,Conservative Veff D/C,0.3351912033139379,0.3351912033139379,0.0,0.0
Combined,ENV_ULS / Left Exterior Girder / Min / set 2,16.000 m,beta,4.236249428638021,4.236249428638288,2.673417043297377e-13,6.310811221889566e-14
Combined,ENV_ULS / Left Exterior Girder / Min / set 2,16.000 m,theta deg,29.621029531902483,29.62102953190215,3.339550858072471e-13,1.1274256536140112e-14
Combined,ENV_ULS / Left Exterior Girder / Min / set 2,16.000 m,Vc kN,640.9733916667491,640.9733916668062,5.707079253625125e-11,8.90376937299108e-14
Combined,ENV_ULS / Left Exterior Girder / Min / set 2,16.000 m,At torsion mm2/mm,0.5750485488636812,0.5750485488636732,7.993605777301127e-15,1.3900749411674757e-14
Combined,ENV_ULS / Left Exterior Girder / Min / set 2,16.000 m,Combined transverse mm2/mm,1.435539323773634,1.4355393237736105,2.353672812205332e-14,1.6395739031503635e-14
Combined,ENV_ULS / Left Exterior Girder / Min / set 2,16.000 m,Vs allocated kN,333.6433818240658,333.6433818240853,1.949729266925715e-11,5.843752261070525e-14
Combined,ENV_ULS / Left Exterior Girder / Min / set 2,16.000 m,Vs used kN,333.6433818240658,333.6433818240853,1.949729266925715e-11,5.843752261070525e-14
Combined,ENV_ULS / Left Exterior Girder / Min / set 2,16.000 m,Longitudinal required kN,3256.333120033805,3256.333120033819,1.4097167877480388e-11,4.329154099975491e-15
Combined,ENV_ULS / Left Exterior Girder / Min / set 2,16.000 m,Longitudinal resistance kN,4485.924427904176,4485.924427904177,9.094947017729282e-13,2.0274409798692128e-16
Combined,ENV_ULS / Left Exterior Girder / Min / set 2,16.000 m,Transverse D/C,0.9519715807557112,0.9519715807556954,1.5765166949677223e-14,1.6560543684678587e-14
Combined,ENV_ULS / Left Exterior Girder / Min / set 2,16.000 m,Longitudinal D/C,0.7259001288069323,0.7259001288069352,2.886579864025407e-15,3.976552351312696e-15
Combined,ENV_ULS / Left Exterior Girder / Min / set 2,16.000 m,Conservative Veff D/C,0.5118726326400869,0.5118726326400869,0.0,0.0
Combined,ENV_ULS / Left Exterior Girder / Max / set 1,17.000 m,beta,2.040846222948911,2.0408462229489293,1.8207657603852567e-14,8.921621530868375e-15
Combined,ENV_ULS / Left Exterior Girder / Max / set 1,17.000 m,theta deg,35.309172545576004,35.3091725455759,1.0658141036401503e-13,3.018519061199843e-15
Combined,ENV_ULS / Left Exterior Girder / Max / set 1,17.000 m,Vc kN,305.4865968749356,305.48659687494643,1.0800249583553523e-11,3.5354250216007673e-14
Combined,ENV_ULS / Left Exterior Girder / Max / set 1,17.000 m,At torsion mm2/mm,0.0,0.0,0.0,0.0
Combined,ENV_ULS / Left Exterior Girder / Max / set 1,17.000 m,Combined transverse mm2/mm,1.148775065132361,1.1487750651323418,1.9095836023552692e-14,1.6622780736760512e-14
Combined,ENV_ULS / Left Exterior Girder / Max / set 1,17.000 m,Vs allocated kN,1116.4772729316103,1116.4772729316144,4.092726157978177e-12,3.665749637009281e-15
Combined,ENV_ULS / Left Exterior Girder / Max / set 1,17.000 m,Vs used kN,1116.4772729316103,1116.4772729316144,4.092726157978177e-12,3.665749637009281e-15
Combined,ENV_ULS / Left Exterior Girder / Max / set 1,17.000 m,Longitudinal required kN,4066.945078716411,4066.945078716412,9.094947017729282e-13,2.2363092792489303e-16
Combined,ENV_ULS / Left Exterior Girder / Max / set 1,17.000 m,Longitudinal resistance kN,3926.285019246053,3926.2850192460533,4.547473508864641e-13,1.1582127855144536e-16
Combined,ENV_ULS / Left Exterior Girder / Max / set 1,17.000 m,Transverse D/C,0.7618051254855387,0.761805125485526,1.2656542480726785e-14,1.661388465017259e-14
Combined,ENV_ULS / Left Exterior Girder / Max / set 1,17.000 m,Longitudinal D/C,1.0358252288819747,1.0358252288819747,0.0,0.0
Combined,ENV_ULS / Left Exterior Girder / Max / set 1,17.000 m,Conservative Veff D/C,0.3821074855928563,0.3821074855928563,0.0,0.0
Combined,ENV_ULS / Left Exterior Girder / Min / set 1,17.000 m,beta,3.04408147384016,3.0440814738402997,1.3988810110276972e-13,4.59541251786182e-14
Combined,ENV_ULS / Left Exterior Girder / Min / set 1,17.000 m,theta deg,31.69187488108699,31.69187488108665,3.375077994860476e-13,1.0649663383830547e-14
Combined,ENV_ULS / Left Exterior Girder / Min / set 1,17.000 m,Vc kN,455.657109093588,455.6571090936208,3.2798652682686225e-11,7.198099629769477e-14
Combined,ENV_ULS / Left Exterior Girder / Min / set 1,17.000 m,At torsion mm2/mm,0.6814241980663875,0.6814241980663786,8.992806499463768e-15,1.3197075368004125e-14
Combined,ENV_ULS / Left Exterior Girder / Min / set 1,17.000 m,Combined transverse mm2/mm,1.6482906221790468,1.6482906221790214,2.531308496145357e-14,1.5357173438255662e-14
Combined,ENV_ULS / Left Exterior Girder / Min / set 1,17.000 m,Vs allocated kN,123.25394148745964,123.25394148747652,1.688249540165998e-11,1.369732699653695e-13
Combined,ENV_ULS / Left Exterior Girder / Min / set 1,17.000 m,Vs used kN,123.25394148745964,123.25394148747652,1.688249540165998e-11,1.369732699653695e-13
Combined,ENV_ULS / Left Exterior Girder / Min / set 1,17.000 m,Longitudinal required kN,3019.148515278167,3019.14851527818,1.318767317570746e-11,4.3680107516977734e-15
Combined,ENV_ULS / Left Exterior Girder / Min / set 1,17.000 m,Longitudinal resistance kN,3926.285019246053,3926.2850192460533,4.547473508864641e-13,1.1582127855144536e-16
Combined,ENV_ULS / Left Exterior Girder / Min / set 1,17.000 m,Transverse D/C,1.0930566673825457,1.0930566673825288,1.687538997430238e-14,1.5438714641129055e-14
Combined,ENV_ULS / Left Exterior Girder / Min / set 1,17.000 m,Longitudinal D/C,0.7689580609860872,0.7689580609860904,3.219646771412954e-15,4.187025190013833e-15
Combined,ENV_ULS / Left Exterior Girder / Min / set 1,17.000 m,Conservative Veff D/C,0.5674936301257155,0.5674936301257154,1.1102230246251565e-16,1.956362090582782e-16
Combined,ENV_ULS / Left Exterior Girder / Max / set 2,17.000 m,beta,2.0079555203411896,2.007955520341203,1.3322676295501878e-14,6.634945924119881e-15
Combined,ENV_ULS / Left Exterior Girder / Max / set 2,17.000 m,theta deg,35.48895893015622,35.48895893015615,7.105427357601002e-14,2.002151534392654e-15
Combined,ENV_ULS / Left Exterior Girder / Max / set 2,17.000 m,Vc kN,300.5633112812078,300.56331128121764,9.833911462919787e-12,3.27182696417622e-14
Combined,ENV_ULS / Left Exterior Girder / Max / set 2,17.000 m,At torsion mm2/mm,0.1095178605176686,0.10951786051766838,2.220446049250313e-16,2.0274739104240367e-15
Combined,ENV_ULS / Left Exterior Girder / Max / set 2,17.000 m,Combined transverse mm2/mm,1.4245789916215676,1.4245789916215505,1.709743457922741e-14,1.2001745554148579e-14
Combined,ENV_ULS / Left Exterior Girder / Max / set 2,17.000 m,Vs allocated kN,947.9853006826024,947.9853006826053,2.8421709430404007e-12,2.998117102653248e-15
Combined,ENV_ULS / Left Exterior Girder / Max / set 2,17.000 m,Vs used kN,947.9853006826024,947.9853006826053,2.8421709430404007e-12,2.998117102653248e-15
Combined,ENV_ULS / Left Exterior Girder / Max / set 2,17.000 m,Longitudinal required kN,4230.035765527147,4230.035765527148,9.094947017729282e-13,2.150087498514535e-16
Combined,ENV_ULS / Left Exterior Girder / Max / set 2,17.000 m,Longitudinal resistance kN,3926.285019246053,3926.2850192460533,4.547473508864641e-13,1.1582127855144536e-16
Combined,ENV_ULS / Left Exterior Girder / Max / set 2,17.000 m,Transverse D/C,0.9447032847560012,0.9447032847559897,1.1435297153639112e-14,1.2104644218097293e-14
Combined,ENV_ULS / Left Exterior Girder / Max / set 2,17.000 m,Longitudinal D/C,1.0773633968986345,1.0773633968986343,2.220446049250313e-16,2.061000081905723e-16
Combined,ENV_ULS / Left Exterior Girder / Max / set 2,17.000 m,Conservative Veff D/C,0.3995998131327681,0.3995998131327681,0.0,0.0
Combined,ENV_ULS / Left Exterior Girder / Min / set 2,17.000 m,beta,2.839772567469096,2.8397725674691308,3.4638958368304884e-14,1.2197793149039362e-14
Combined,ENV_ULS / Left Exterior Girder / Min / set 2,17.000 m,theta deg,32.221288959288145,32.22128895928805,9.237055564881302e-14,2.8667554474783494e-15
Combined,ENV_ULS / Left Exterior Girder / Min / set 2,17.000 m,Vc kN,425.0748771661123,425.0748771661287,1.6427748050773516e-11,3.864671598635359e-14
Combined,ENV_ULS / Left Exterior Girder / Min / set 2,17.000 m,At torsion mm2/mm,0.7246935962114468,0.7246935962114442,2.55351295663786e-15,3.523575991270137e-15
Combined,ENV_ULS / Left Exterior Girder / Min / set 2,17.000 m,Combined transverse mm2/mm,1.7348294184691653,1.7348294184691526,1.2656542480726785e-14,7.295554448168838e-15
Combined,ENV_ULS / Left Exterior Girder / Min / set 2,17.000 m,Vs allocated kN,48.73917749950217,48.739177499506575,4.405364961712621e-12,9.038652656289122e-14
Combined,ENV_ULS / Left Exterior Girder / Min / set 2,17.000 m,Vs used kN,48.73917749950217,48.739177499506575,4.405364961712621e-12,9.038652656289122e-14
Combined,ENV_ULS / Left Exterior Girder / Min / set 2,17.000 m,Longitudinal required kN,3071.4149575122888,3071.414957512292,3.183231456205249e-12,1.0364055330327371e-15
Combined,ENV_ULS / Left Exterior Girder / Min / set 2,17.000 m,Longitudinal resistance kN,3926.285019246053,3926.2850192460533,4.547473508864641e-13,1.1582127855144536e-16
Combined,ENV_ULS / Left Exterior Girder / Min / set 2,17.000 m,Transverse D/C,1.1504444890441912,1.150444489044183,8.215650382226158e-15,7.141283617301622e-15
Combined,ENV_ULS / Left Exterior Girder / Min / set 2,17.000 m,Longitudinal D/C,0.7822699937617058,0.7822699937617066,7.771561172376096e-16,9.934627730005264e-16
Combined,ENV_ULS / Left Exterior Girder / Min / set 2,17.000 m,Conservative Veff D/C,0.5903559206015346,0.5903559206015345,1.1102230246251565e-16,1.880599458533271e-16
Combined,ENV_ULS / Left Exterior Girder / Max / set 1,18.000 m,beta,1.681180643918244,1.6811806439182642,2.020605904817785e-14,1.2018969598105978e-14
Combined,ENV_ULS / Left Exterior Girder / Max / set 1,18.000 m,theta deg,37.65730305724916,37.657303057248996,1.6342482922482304e-13,4.3397911150560715e-15
Combined,ENV_ULS / Left Exterior Girder / Max / set 1,18.000 m,Vc kN,248.5825428464763,248.58254284648578,9.492850949754938e-12,3.818792277628815e-14
Combined,ENV_ULS / Left Exterior Girder / Max / set 1,18.000 m,At torsion mm2/mm,0.1287633140919598,0.1287633140919591,6.938893903907228e-16,5.3888748925425045e-15
Combined,ENV_ULS / Left Exterior Girder / Max / set 1,18.000 m,Combined transverse mm2/mm,1.851638977600011,1.8516389775999855,2.55351295663786e-14,1.3790555219071989e-14
Combined,ENV_ULS / Left Exterior Girder / Max / set 1,18.000 m,Vs allocated kN,839.3685033134833,839.3685033134893,6.0254023992456496e-12,7.178494755831061e-15
Combined,ENV_ULS / Left Exterior Girder / Max / set 1,18.000 m,Vs used kN,839.3685033134833,839.3685033134893,6.0254023992456496e-12,7.178494755831061e-15
Combined,ENV_ULS / Left Exterior Girder / Max / set 1,18.000 m,Longitudinal required kN,3478.636979946741,3478.6369799467443,3.183231456205249e-12,9.150800944610156e-16
Combined,ENV_ULS / Left Exterior Girder / Max / set 1,18.000 m,Longitudinal resistance kN,2824.85797012239,2824.8579701223903,4.547473508864641e-13,1.6098060705925037e-16
Combined,ENV_ULS / Left Exterior Girder / Max / set 1,18.000 m,Transverse D/C,1.227906233777771,1.2279062337777542,1.687538997430238e-14,1.3743223635557137e-14
Combined,ENV_ULS / Left Exterior Girder / Max / set 1,18.000 m,Longitudinal D/C,1.231437833951002,1.2314378339510033,1.3322676295501878e-15,1.0818797285736119e-15
Combined,ENV_ULS / Left Exterior Girder / Max / set 1,18.000 m,Conservative Veff D/C,0.4489640413644112,0.4489640413644111,1.1102230246251565e-16,2.472855111628017e-16
Combined,ENV_ULS / Left Exterior Girder / Min / set 1,18.000 m,beta,1.5996783235880812,1.599678323588113,3.175237850427948e-14,1.9849227207791506e-14
Combined,ENV_ULS / Left Exterior Girder / Min / set 1,18.000 m,theta deg,38.336148567934224,38.33614856793395,2.7711166694643907e-13,7.228469142000028e-15
Combined,ENV_ULS / Left Exterior Girder / Min / set 1,18.000 m,Vc kN,236.5314559458201,236.53145594583097,1.0857093002414331e-11,4.590126484022809e-14
Combined,ENV_ULS / Left Exterior Girder / Min / set 1,18.000 m,At torsion mm2/mm,0.9584826342817028,0.9584826342816934,9.325873406851315e-15,9.729830331084001e-15
Combined,ENV_ULS / Left Exterior Girder / Min / set 1,18.000 m,Combined transverse mm2/mm,2.466133357644797,2.4661333576447557,4.1300296516055823e-14,1.6746984256966162e-14
Combined,ENV_ULS / Left Exterior Girder / Min / set 1,18.000 m,Vs allocated kN,0.0,0.0,0.0,0.0
Combined,ENV_ULS / Left Exterior Girder / Min / set 1,18.000 m,Vs used kN,0.0,0.0,0.0,0.0
Combined,ENV_ULS / Left Exterior Girder / Min / set 1,18.000 m,Longitudinal required kN,2457.195331383878,2457.1953313838912,1.318767317570746e-11,5.366961676701611e-15
Combined,ENV_ULS / Left Exterior Girder / Min / set 1,18.000 m,Longitudinal resistance kN,2824.85797012239,2824.8579701223903,4.547473508864641e-13,1.6098060705925037e-16
Combined,ENV_ULS / Left Exterior Girder / Min / set 1,18.000 m,Transverse D/C,1.6354054758040937,1.6354054758040664,2.731148640577885e-14,1.670013144131784e-14
Combined,ENV_ULS / Left Exterior Girder / Min / set 1,18.000 m,Longitudinal D/C,0.8698473896290855,0.86984738962909,4.551914400963142e-15,5.233003461565959e-15
Combined,ENV_ULS / Left Exterior Girder / Min / set 1,18.000 m,Conservative Veff D/C,0.6346372002293346,0.6346372002293345,1.1102230246251565e-16,1.7493822048628144e-16
Combined,ENV_ULS / Left Exterior Girder / Max / set 2,18.000 m,beta,1.6616960145412187,1.6616960145412496,3.086420008457935e-14,1.8573914731991546e-14
Combined,ENV_ULS / Left Exterior Girder / Max / set 2,18.000 m,theta deg,37.81353657386675,37.8135365738665,2.4868995751603507e-13,6.576744204558439e-15
Combined,ENV_ULS / Left Exterior Girder / Max / set 2,18.000 m,Vc kN,245.7015087740916,245.7015087741026,1.0999201549566351e-11,4.4766520175010366e-14
Combined,ENV_ULS / Left Exterior Girder / Max / set 2,18.000 m,At torsion mm2/mm,0.1481768642856707,0.1481768642856694,1.304512053934559e-15,8.803749898631929e-15
Combined,ENV_ULS / Left Exterior Girder / Max / set 2,18.000 m,Combined transverse mm2/mm,1.9528697411832696,1.952869741183235,3.4638958368304884e-14,1.773746483844708e-14
Combined,ENV_ULS / Left Exterior Girder / Max / set 2,18.000 m,Vs allocated kN,808.7363570373667,808.7363570373758,9.094947017729282e-12,1.1245873811147282e-14
Combined,ENV_ULS / Left Exterior Girder / Max / set 2,18.000 m,Vs used kN,808.7363570373667,808.7363570373758,9.094947017729282e-12,1.1245873811147282e-14
Combined,ENV_ULS / Left Exterior Girder / Max / set 2,18.000 m,Longitudinal required kN,3531.767615411034,3531.7676154110395,5.4569682106375694e-12,1.5451096461799535e-15
Combined,ENV_ULS / Left Exterior Girder / Max / set 2,18.000 m,Longitudinal resistance kN,2824.85797012239,2824.8579701223903,4.547473508864641e-13,1.6098060705925037e-16
Combined,ENV_ULS / Left Exterior Girder / Max / set 2,18.000 m,Transverse D/C,1.2950369688496153,1.2950369688495924,2.2870594307278225e-14,1.7660186432820244e-14
Combined,ENV_ULS / Left Exterior Girder / Max / set 2,18.000 m,Longitudinal D/C,1.2502460841449017,1.2502460841449035,1.7763568394002505e-15,1.4208057613035249e-15
Combined,ENV_ULS / Left Exterior Girder / Max / set 2,18.000 m,Conservative Veff D/C,0.4620511395589731,0.4620511395589731,0.0,0.0
Combined,ENV_ULS / Left Exterior Girder / Min / set 2,18.000 m,beta,1.5649664742772416,1.5649664742772535,1.199040866595169e-14,7.661767113247079e-15
Combined,ENV_ULS / Left Exterior Girder / Min / set 2,18.000 m,theta deg,38.64673899932061,38.646738999320505,1.0658141036401503e-13,2.7578370937296665e-15
Combined,ENV_ULS / Left Exterior Girder / Min / set 2,18.000 m,Vc kN,231.39889639619213,231.3988963962,7.87281351222191e-12,3.402269256609642e-14
Combined,ENV_ULS / Left Exterior Girder / Min / set 2,18.000 m,At torsion mm2/mm,0.9860919782606468,0.9860919782606437,3.1086244689504383e-15,3.152469077411729e-15
Combined,ENV_ULS / Left Exterior Girder / Min / set 2,18.000 m,Combined transverse mm2/mm,2.556359163871743,2.5563591638717225,2.042810365310288e-14,7.99109293475162e-15
Combined,ENV_ULS / Left Exterior Girder / Min / set 2,18.000 m,Vs allocated kN,0.0,0.0,0.0,0.0
Combined,ENV_ULS / Left Exterior Girder / Min / set 2,18.000 m,Vs used kN,0.0,0.0,0.0,0.0
Combined,ENV_ULS / Left Exterior Girder / Min / set 2,18.000 m,Longitudinal required kN,2465.5098083122634,2465.509808312268,4.547473508864641e-12,1.8444353754072282e-15
Combined,ENV_ULS / Left Exterior Girder / Min / set 2,18.000 m,Longitudinal resistance kN,2824.85797012239,2824.8579701223903,4.547473508864641e-13,1.6098060705925037e-16
Combined,ENV_ULS / Left Exterior Girder / Min / set 2,18.000 m,Transverse D/C,1.6952383218685518,1.6952383218685383,1.354472090042691e-14,7.989862384362303e-15
Combined,ENV_ULS / Left Exterior Girder / Min / set 2,18.000 m,Longitudinal D/C,0.8727907152816757,0.8727907152816773,1.5543122344752192e-15,1.7808533102618915e-15
Combined,ENV_ULS / Left Exterior Girder / Min / set 2,18.000 m,Conservative Veff D/C,0.6460279528834116,0.6460279528834115,1.1102230246251565e-16,1.7185371308933411e-16
Combined,ENV_ULS / Left Exterior Girder / Max / set 1,19.000 m,beta,1.3527674941327212,1.3527674941327221,8.881784197001252e-16,6.565639871983682e-16
Combined,ENV_ULS / Left Exterior Girder / Max / set 1,19.000 m,theta deg,40.89198077064551,40.8919807706455,7.105427357601002e-15,1.73760899415801e-16
Combined,ENV_ULS / Left Exterior Girder / Max / set 1,19.000 m,Vc kN,196.61757313765804,196.61757313766324,5.201172825763933e-12,2.6453244960572744e-14
Combined,ENV_ULS / Left Exterior Girder / Max / set 1,19.000 m,At torsion mm2/mm,0.1706544467179784,0.17065444671797841,2.7755575615628914e-17,1.6264197124319566e-16
Combined,ENV_ULS / Left Exterior Girder / Max / set 1,19.000 m,Combined transverse mm2/mm,2.539879514337886,2.539879514337877,8.881784197001252e-15,3.4969313098761894e-15
Combined,ENV_ULS / Left Exterior Girder / Max / set 1,19.000 m,Vs allocated kN,1129.3211274786015,1129.321127478602,4.547473508864641e-13,4.026731988108321e-16
Combined,ENV_ULS / Left Exterior Girder / Max / set 1,19.000 m,Vs used kN,1129.3211274786015,1129.321127478602,4.547473508864641e-13,4.026731988108321e-16
Combined,ENV_ULS / Left Exterior Girder / Max / set 1,19.000 m,Longitudinal required kN,2322.196964525248,2322.1969645252484,4.547473508864641e-13,1.9582634799431537e-16
Combined,ENV_ULS / Left Exterior Girder / Max / set 1,19.000 m,Longitudinal resistance kN,1836.9348598029944,1836.934859802995,6.821210263296962e-13,3.7133653525572013e-16
Combined,ENV_ULS / Left Exterior Girder / Max / set 1,19.000 m,Transverse D/C,1.1228732765686584,1.1228732765686544,3.9968028886505635e-15,3.559442523081715e-15
Combined,ENV_ULS / Left Exterior Girder / Max / set 1,19.000 m,Longitudinal D/C,1.2641694680312705,1.2641694680312703,2.220446049250313e-16,1.7564465092708507e-16
Combined,ENV_ULS / Left Exterior Girder / Max / set 1,19.000 m,Conservative Veff D/C,0.5166917891491597,0.5166917891491597,0.0,0.0
Combined,ENV_ULS / Left Exterior Girder / Min / set 1,19.000 m,beta,1.1160891207999373,1.1160891207999522,1.4876988529977098e-14,1.332957041935332e-14
Combined,ENV_ULS / Left Exterior Girder / Min / set 1,19.000 m,theta deg,44.40341517764447,44.4034151776442,2.7000623958883807e-13,6.0807538904074705e-15
Combined,ENV_ULS / Left Exterior Girder / Min / set 1,19.000 m,Vc kN,162.21762815029348,162.21762815029987,6.394884621840902e-12,3.942163804735102e-14
Combined,ENV_ULS / Left Exterior Girder / Min / set 1,19.000 m,At torsion mm2/mm,1.1225840543491057,1.1225840543490948,1.0880185641326534e-14,9.692089959032213e-15
Combined,ENV_ULS / Left Exterior Girder / Min / set 1,19.000 m,Combined transverse mm2/mm,3.2602433272006217,3.2602433272005786,4.3076653355456074e-14,1.3212711148294572e-14
Combined,ENV_ULS / Left Exterior Girder / Min / set 1,19.000 m,Vs allocated kN,8.72331278858242,8.723312788593585,1.1164402735630574e-11,1.2798351963521135e-12
Combined,ENV_ULS / Left Exterior Girder / Min / set 1,19.000 m,Vs used kN,8.72331278858242,8.723312788593585,1.1164402735630574e-11,1.2798351963521135e-12
Combined,ENV_ULS / Left Exterior Girder / Min / set 1,19.000 m,Longitudinal required kN,1719.630969466603,1719.6309694666097,6.821210263296962e-12,3.966670980235222e-15
Combined,ENV_ULS / Left Exterior Girder / Min / set 1,19.000 m,Longitudinal resistance kN,1836.9348598029944,1836.934859802995,6.821210263296962e-13,3.7133653525572013e-16
Combined,ENV_ULS / Left Exterior Girder / Min / set 1,19.000 m,Transverse D/C,1.4413440033509624,1.4413440033509433,1.9095836023552692e-14,1.3248631818051263e-14
Combined,ENV_ULS / Left Exterior Girder / Min / set 1,19.000 m,Longitudinal D/C,0.9361415078436848,0.9361415078436881,3.3306690738754696e-15,3.557869238751463e-15
Combined,ENV_ULS / Left Exterior Girder / Min / set 1,19.000 m,Conservative Veff D/C,0.625366290862478,0.625366290862478,0.0,0.0
Combined,ENV_ULS / Left Exterior Girder / Max / set 2,19.000 m,beta,1.319171027802941,1.319171027802963,2.19824158875781e-14,1.6663810396282815e-14
Combined,ENV_ULS / Left Exterior Girder / Max / set 2,19.000 m,theta deg,41.313694126510285,41.31369412651,2.8421709430404007e-13,6.8794887582242334e-15
Combined,ENV_ULS / Left Exterior Girder / Max / set 2,19.000 m,Vc kN,191.73450512751384,191.734505127522,8.15703060652595e-12,4.2543362766658694e-14
Combined,ENV_ULS / Left Exterior Girder / Max / set 2,19.000 m,At torsion mm2/mm,0.1854931290392148,0.18549312903921297,1.8318679906315083e-15,9.87566493767138e-15
Combined,ENV_ULS / Left Exterior Girder / Max / set 2,19.000 m,Combined transverse mm2/mm,2.6711958378679306,2.67119583786789,4.04121180963557e-14,1.5128848856178237e-14
Combined,ENV_ULS / Left Exterior Girder / Max / set 2,19.000 m,Vs allocated kN,1095.473016903125,1095.4730169031377,1.2732925824820995e-11,1.1623221775755383e-14
Combined,ENV_ULS / Left Exterior Girder / Max / set 2,19.000 m,Vs used kN,1095.473016903125,1095.4730169031377,1.2732925824820995e-11,1.1623221775755383e-14
Combined,ENV_ULS / Left Exterior Girder / Max / set 2,19.000 m,Longitudinal required kN,2362.5104719395754,2362.5104719395795,4.092726157978177e-12,1.7323631817039613e-15
Combined,ENV_ULS / Left Exterior Girder / Max / set 2,19.000 m,Longitudinal resistance kN,1836.9348598029944,1836.934859802995,6.821210263296962e-13,3.7133653525572013e-16
Combined,ENV_ULS / Left Exterior Girder / Max / set 2,19.000 m,Transverse D/C,1.180927837675495,1.180927837675477,1.7985612998927536e-14,1.52300694632876e-14
Combined,ENV_ULS / Left Exterior Girder / Max / set 2,19.000 m,Longitudinal D/C,1.2861155415129677,1.2861155415129695,1.7763568394002505e-15,1.3811798256559186e-15
Combined,ENV_ULS / Left Exterior Girder / Max / set 2,19.000 m,Conservative Veff D/C,0.5297432899042667,0.5297432899042667,0.0,0.0
Combined,ENV_ULS / Left Exterior Girder / Min / set 2,19.000 m,beta,1.169710069232722,1.1697100692327311,9.103828801926284e-15,7.78297891194347e-15
Combined,ENV_ULS / Left Exterior Girder / Min / set 2,19.000 m,theta deg,43.48337793771415,43.483377937713996,1.5631940186722204e-13,3.5949231472112275e-15
Combined,ENV_ULS / Left Exterior Girder / Min / set 2,19.000 m,Vc kN,170.01114831981292,170.0111483198187,5.7696070143720135e-12,3.393663928155136e-14
Combined,ENV_ULS / Left Exterior Girder / Min / set 2,19.000 m,At torsion mm2/mm,1.0248855550338205,1.0248855550338145,5.995204332975845e-15,5.849632969778799e-15
Combined,ENV_ULS / Left Exterior Girder / Min / set 2,19.000 m,Combined transverse mm2/mm,3.0474223867818835,3.047422386781856,2.7533531010703882e-14,9.035022886925724e-15
Combined,ENV_ULS / Left Exterior Girder / Min / set 2,19.000 m,Vs allocated kN,113.91442749120564,113.91442749121244,6.792788553866558e-12,5.963062540423658e-14
Combined,ENV_ULS / Left Exterior Girder / Min / set 2,19.000 m,Vs used kN,113.91442749120564,113.91442749121244,6.792788553866558e-12,5.963062540423658e-14
Combined,ENV_ULS / Left Exterior Girder / Min / set 2,19.000 m,Longitudinal required kN,1688.227046830289,1688.2270468302927,3.637978807091713e-12,2.1549108657642642e-15
Combined,ENV_ULS / Left Exterior Girder / Min / set 2,19.000 m,Longitudinal resistance kN,1836.9348598029944,1836.934859802995,6.821210263296962e-13,3.7133653525572013e-16
Combined,ENV_ULS / Left Exterior Girder / Min / set 2,19.000 m,Transverse D/C,1.3472564904034403,1.347256490403428,1.2212453270876722e-14,9.064683197198607e-15
Combined,ENV_ULS / Left Exterior Girder / Min / set 2,19.000 m,Longitudinal D/C,0.9190456797206984,0.9190456797207002,1.7763568394002505e-15,1.9328275825637837e-15
Combined,ENV_ULS / Left Exterior Girder / Min / set 2,19.000 m,Conservative Veff D/C,0.5968922893524864,0.5968922893524864,0.0,0.0
Combined,ENV_ULS / Left Exterior Girder / Max / set 1,20.000 m,beta,0.8727272727272727,0.8727272727272727,0.0,0.0
Combined,ENV_ULS / Left Exterior Girder / Max / set 1,20.000 m,theta deg,50.0,50.0,0.0,0.0
Combined,ENV_ULS / Left Exterior Girder / Max / set 1,20.000 m,Vc kN,122.41423407633856,122.41423407634177,3.211653165635653e-12,2.6235945434521564e-14
Combined,ENV_ULS / Left Exterior Girder / Max / set 1,20.000 m,At torsion mm2/mm,0.3822530181376413,0.3822530181376413,0.0,0.0
Combined,ENV_ULS / Left Exterior Girder / Max / set 1,20.000 m,Combined transverse mm2/mm,4.488255679670256,4.488255679670248,7.993605777301127e-15,1.781004993433979e-15
Combined,ENV_ULS / Left Exterior Girder / Max / set 1,20.000 m,Vs allocated kN,617.4450422707278,617.4450422707278,0.0,0.0
Combined,ENV_ULS / Left Exterior Girder / Max / set 1,20.000 m,Vs used kN,617.4450422707278,617.4450422707278,0.0,0.0
Combined,ENV_ULS / Left Exterior Girder / Max / set 1,20.000 m,Longitudinal required kN,1153.7338196259527,1153.7338196259527,0.0,0.0
Combined,ENV_ULS / Left Exterior Girder / Max / set 1,20.000 m,Longitudinal resistance kN,838.0512562716128,838.0512562716134,5.684341886080801e-13,6.782809337187486e-16
Combined,ENV_ULS / Left Exterior Girder / Max / set 1,20.000 m,Transverse D/C,1.9842446591105432,1.9842446591105398,3.3306690738754696e-15,1.6785576610136776e-15
Combined,ENV_ULS / Left Exterior Girder / Max / set 1,20.000 m,Longitudinal D/C,1.3766864627812538,1.376686462781253,8.881784197001252e-16,6.451566451127742e-16
Combined,ENV_ULS / Left Exterior Girder / Max / set 1,20.000 m,Conservative Veff D/C,0.6084468838256113,0.6084468838256113,0.0,0.0
Combined,ENV_ULS / Left Exterior Girder / Min / set 1,20.000 m,beta,0.9536851072347216,0.9536851072347258,4.218847493575595e-15,4.4237321748773315e-15
Combined,ENV_ULS / Left Exterior Girder / Min / set 1,20.000 m,theta deg,47.8211699683736,47.821169968373496,1.0658141036401503e-13,2.228749535707775e-15
Combined,ENV_ULS / Left Exterior Girder / Min / set 1,20.000 m,Vc kN,133.76989077850433,133.76989077850845,4.121147867408581e-12,3.0807738897180046e-14
Combined,ENV_ULS / Left Exterior Girder / Min / set 1,20.000 m,At torsion mm2/mm,0.8200350699438657,0.8200350699438628,2.886579864025407e-15,3.52006879928076e-15
Combined,ENV_ULS / Left Exterior Girder / Min / set 1,20.000 m,Combined transverse mm2/mm,3.1222901381988226,3.122290138198802,2.042810365310288e-14,6.542666680197606e-15
Combined,ENV_ULS / Left Exterior Girder / Min / set 1,20.000 m,Vs allocated kN,276.88654828693626,276.88654828693967,3.410605131648481e-12,1.2317698901407245e-14
Combined,ENV_ULS / Left Exterior Girder / Min / set 1,20.000 m,Vs used kN,276.88654828693626,276.88654828693967,3.410605131648481e-12,1.2317698901407245e-14
Combined,ENV_ULS / Left Exterior Girder / Min / set 1,20.000 m,Longitudinal required kN,776.7804068699434,776.7804068699448,1.4779288903810084e-12,1.9026341000751528e-15
Combined,ENV_ULS / Left Exterior Girder / Min / set 1,20.000 m,Longitudinal resistance kN,838.0512562716128,838.0512562716134,5.684341886080801e-13,6.782809337187486e-16
Combined,ENV_ULS / Left Exterior Girder / Min / set 1,20.000 m,Transverse D/C,1.3803553035039435,1.3803553035039344,9.103828801926284e-15,6.59527933048604e-15
Combined,ENV_ULS / Left Exterior Girder / Min / set 1,20.000 m,Longitudinal D/C,0.9268888997622222,0.9268888997622234,1.2212453270876722e-15,1.3175746601356004e-15
Combined,ENV_ULS / Left Exterior Girder / Min / set 1,20.000 m,Conservative Veff D/C,0.4795264396051923,0.47952643960519237,5.551115123125783e-17,1.1576244112204058e-16
Combined,ENV_ULS / Left Exterior Girder / Max / set 1,1.927 m,beta,1.4451799602534352,1.4451799602534465,1.1324274851176597e-14,7.835892527315848e-15
Combined,ENV_ULS / Left Exterior Girder / Max / set 1,1.927 m,theta deg,39.83313309257702,39.8331330925769,1.2079226507921703e-13,3.032457045206099e-15
Combined,ENV_ULS / Left Exterior Girder / Max / set 1,1.927 m,Vc kN,213.4626414098939,213.46264140990115,7.247535904753022e-12,3.395224502462685e-14
Combined,ENV_ULS / Left Exterior Girder / Max / set 1,1.927 m,At torsion mm2/mm,0.9495290968274536,0.9495290968274493,4.218847493575595e-15,4.443094485120611e-15
Combined,ENV_ULS / Left Exterior Girder / Max / set 1,1.927 m,Combined transverse mm2/mm,2.572409454521407,2.572409454521384,2.3092638912203256e-14,8.977046353026957e-15
Combined,ENV_ULS / Left Exterior Girder / Max / set 1,1.927 m,Vs allocated kN,0.0,0.0,0.0,0.0
Combined,ENV_ULS / Left Exterior Girder / Max / set 1,1.927 m,Vs used kN,0.0,0.0,0.0,0.0
Combined,ENV_ULS / Left Exterior Girder / Max / set 1,1.927 m,Longitudinal required kN,3487.8598152752643,3487.85981527527,5.9117155615240335e-12,1.694940701353121e-15
Combined,ENV_ULS / Left Exterior Girder / Max / set 1,1.927 m,Longitudinal resistance kN,2762.73576039211,2762.73576039211,0.0,0.0
Combined,ENV_ULS / Left Exterior Girder / Max / set 1,1.927 m,Transverse D/C,1.705882001430867,1.7058820014308518,1.532107773982716e-14,8.98132328436329e-15
Combined,ENV_ULS / Left Exterior Girder / Max / set 1,1.927 m,Longitudinal D/C,1.26246594599414,1.2624659459941419,1.7763568394002505e-15,1.407053271446019e-15
Combined,ENV_ULS / Left Exterior Girder / Max / set 1,1.927 m,Conservative Veff D/C,0.6045665143710037,0.6045665143710037,0.0,0.0
Combined,ENV_ULS / Left Exterior Girder / Max / set 1,18.073 m,beta,1.6675520866521654,1.667552086652191,2.55351295663786e-14,1.5312942708520373e-14
Combined,ENV_ULS / Left Exterior Girder / Max / set 1,18.073 m,theta deg,37.76619709770966,37.76619709770945,2.0605739337042905e-13,5.456132976198617e-15
Combined,ENV_ULS / Left Exterior Girder / Max / set 1,18.073 m,Vc kN,246.30847568833445,246.30847568834469,1.0231815394945443e-11,4.154065493016898e-14
Combined,ENV_ULS / Left Exterior Girder / Max / set 1,18.073 m,At torsion mm2/mm,0.1309822841930628,0.1309822841930619,8.881784197001252e-16,6.780904953459132e-15
Combined,ENV_ULS / Left Exterior Girder / Max / set 1,18.073 m,Combined transverse mm2/mm,1.886137269403228,1.886137269403199,2.886579864025407e-14,1.5304187615882075e-14
Combined,ENV_ULS / Left Exterior Girder / Max / set 1,18.073 m,Vs allocated kN,832.2361243276621,832.2361243276697,7.617018127348274e-12,9.152472362938774e-15
Combined,ENV_ULS / Left Exterior Girder / Max / set 1,18.073 m,Vs used kN,832.2361243276621,832.2361243276697,7.617018127348274e-12,9.152472362938774e-15
Combined,ENV_ULS / Left Exterior Girder / Max / set 1,18.073 m,Longitudinal required kN,3417.967653275569,3417.9676532755725,3.637978807091713e-12,1.064368998227732e-15
Combined,ENV_ULS / Left Exterior Girder / Max / set 1,18.073 m,Longitudinal resistance kN,2762.735760392109,2762.7357603921096,4.547473508864641e-13,1.6460037814905714e-16
Combined,ENV_ULS / Left Exterior Girder / Max / set 1,18.073 m,Transverse D/C,1.2507836240640569,1.2507836240640375,1.9317880628477724e-14,1.5444622280638917e-14
Combined,ENV_ULS / Left Exterior Girder / Max / set 1,18.073 m,Longitudinal D/C,1.2371677748835683,1.2371677748835697,1.3322676295501878e-15,1.07686900402459e-15
Combined,ENV_ULS / Left Exterior Girder / Max / set 1,18.073 m,Conservative Veff D/C,0.4537510557629707,0.4537510557629708,1.1102230246251565e-16,2.446766813045415e-16
Combined,ENV_ULS / Left Exterior Girder / Min / set 1,1.927 m,beta,2.3260960983961656,2.326096098396185,1.9539925233402755e-14,8.40030867463958e-15
Combined,ENV_ULS / Left Exterior Girder / Min / set 1,1.927 m,theta deg,33.96320202854533,33.96320202854525,8.526512829121202e-14,2.5105150044318187e-15
Combined,ENV_ULS / Left Exterior Girder / Min / set 1,1.927 m,Vc kN,343.5797831363637,343.57978313637545,1.1766587704187259e-11,3.4247031640731915e-14
Combined,ENV_ULS / Left Exterior Girder / Min / set 1,1.927 m,At torsion mm2/mm,0.1176331458542293,0.11763314585422896,3.469446951953614e-16,2.9493787033910954e-15
Combined,ENV_ULS / Left Exterior Girder / Min / set 1,1.927 m,Combined transverse mm2/mm,1.550478927914731,1.5504789279147104,2.0650148258027912e-14,1.3318561049907958e-14
Combined,ENV_ULS / Left Exterior Girder / Min / set 1,1.927 m,Vs allocated kN,977.7358266691742,977.7358266691781,3.865352482534945e-12,3.953371020169037e-15
Combined,ENV_ULS / Left Exterior Girder / Min / set 1,1.927 m,Vs used kN,977.7358266691742,977.7358266691781,3.865352482534945e-12,3.953371020169037e-15
Combined,ENV_ULS / Left Exterior Girder / Min / set 1,1.927 m,Longitudinal required kN,2399.6538438262646,2399.653843826266,1.3642420526593924e-12,5.685161866863673e-16
Combined,ENV_ULS / Left Exterior Girder / Min / set 1,1.927 m,Longitudinal resistance kN,2762.73576039211,2762.73576039211,0.0,0.0
Combined,ENV_ULS / Left Exterior Girder / Min / set 1,1.927 m,Transverse D/C,1.0281932730727164,1.0281932730727028,1.354472090042691e-14,1.3173321840503008e-14
Combined,ENV_ULS / Left Exterior Girder / Min / set 1,1.927 m,Longitudinal D/C,0.8685788479046169,0.8685788479046175,5.551115123125783e-16,6.391031898275487e-16
Combined,ENV_ULS / Left Exterior Girder / Min / set 1,1.927 m,Conservative Veff D/C,0.4617852015596939,0.4617852015596939,0.0,0.0
Combined,ENV_ULS / Left Exterior Girder / Min / set 1,18.073 m,beta,1.558451587889584,1.5584515878896161,3.219646771412954e-14,2.065926716256135e-14
Combined,ENV_ULS / Left Exterior Girder / Min / set 1,18.073 m,theta deg,38.7065741667772,38.7065741667769,2.984279490192421e-13,7.710006773872341e-15
Combined,ENV_ULS / Left Exterior Girder / Min / set 1,18.073 m,Vc kN,230.19361021447796,230.19361021448873,1.0771827874123119e-11,4.679464327479027e-14
Combined,ENV_ULS / Left Exterior Girder / Min / set 1,18.073 m,At torsion mm2/mm,0.9674229355390196,0.9674229355390096,9.992007221626409e-15,1.0328478739300572e-14
Combined,ENV_ULS / Left Exterior Girder / Min / set 1,18.073 m,Combined transverse mm2/mm,2.5123639528131694,2.512363952813127,4.218847493575595e-14,1.6792342084241798e-14
Combined,ENV_ULS / Left Exterior Girder / Min / set 1,18.073 m,Vs allocated kN,0.0,0.0,0.0,0.0
Combined,ENV_ULS / Left Exterior Girder / Min / set 1,18.073 m,Vs used kN,0.0,0.0,0.0,0.0
Combined,ENV_ULS / Left Exterior Girder / Min / set 1,18.073 m,Longitudinal required kN,2404.8743953650974,2404.8743953651115,1.4097167877480388e-11,5.861914412099737e-15
Combined,ENV_ULS / Left Exterior Girder / Min / set 1,18.073 m,Longitudinal resistance kN,2762.735760392109,2762.7357603921096,4.547473508864641e-13,1.6460037814905714e-16
Combined,ENV_ULS / Left Exterior Girder / Min / set 1,18.073 m,Transverse D/C,1.666063091400455,1.666063091400427,2.7977620220553945e-14,1.6792653510520456e-14
Combined,ENV_ULS / Left Exterior Girder / Min / set 1,18.073 m,Longitudinal D/C,0.870468479049831,0.8704684790498359,4.884981308350689e-15,5.611899139280625e-15
Combined,ENV_ULS / Left Exterior Girder / Min / set 1,18.073 m,Conservative Veff D/C,0.633756700261586,0.633756700261586,0.0,0.0
Combined,ENV_ULS / Left Exterior Girder / Max / set 2,1.927 m,beta,1.455301774259231,1.4553017742592544,2.353672812205332e-14,1.6173091064932884e-14
Combined,ENV_ULS / Left Exterior Girder / Max / set 2,1.927 m,theta deg,39.72532995987625,39.725329959876,2.4868995751603507e-13,6.260236422635653e-15
Combined,ENV_ULS / Left Exterior Girder / Max / set 2,1.927 m,Vc kN,214.95770030426013,214.9577003042692,9.066525308298878e-12,4.217818340755114e-14
Combined,ENV_ULS / Left Exterior Girder / Max / set 2,1.927 m,At torsion mm2/mm,0.933664658611841,0.9336646586118326,8.43769498715119e-15,9.037179365551126e-15
Combined,ENV_ULS / Left Exterior Girder / Max / set 2,1.927 m,Combined transverse mm2/mm,2.512272006654407,2.51227200665437,3.730349362740526e-14,1.4848509050213428e-14
Combined,ENV_ULS / Left Exterior Girder / Max / set 2,1.927 m,Vs allocated kN,0.0,0.0,0.0,0.0
Combined,ENV_ULS / Left Exterior Girder / Max / set 2,1.927 m,Vs used kN,0.0,0.0,0.0,0.0
Combined,ENV_ULS / Left Exterior Girder / Max / set 2,1.927 m,Longitudinal required kN,3473.922030966517,3473.922030966528,1.0913936421275139e-11,3.1416756979541715e-15
Combined,ENV_ULS / Left Exterior Girder / Max / set 2,1.927 m,Longitudinal resistance kN,2762.73576039211,2762.73576039211,0.0,0.0
Combined,ENV_ULS / Left Exterior Girder / Max / set 2,1.927 m,Transverse D/C,1.666002117710183,1.6660021177101583,2.4646951146678475e-14,1.4794069518083537e-14
Combined,ENV_ULS / Left Exterior Girder / Max / set 2,1.927 m,Longitudinal D/C,1.2574210247575286,1.2574210247575326,3.9968028886505635e-15,3.1785717034763783e-15
Combined,ENV_ULS / Left Exterior Girder / Max / set 2,1.927 m,Conservative Veff D/C,0.595995033948758,0.595995033948758,0.0,0.0
Combined,ENV_ULS / Left Exterior Girder / Max / set 2,18.073 m,beta,1.648130209368029,1.6481302093680679,3.885780586188048e-14,2.3576902869087922e-14
Combined,ENV_ULS / Left Exterior Girder / Max / set 2,18.073 m,theta deg,37.92449249823282,37.924492498232496,3.268496584496461e-13,8.6184319662255e-15
Combined,ENV_ULS / Left Exterior Girder / Max / set 2,18.073 m,Vc kN,243.43973591873268,243.43973591874476,1.2079226507921703e-11,4.961895995464563e-14
Combined,ENV_ULS / Left Exterior Girder / Max / set 2,18.073 m,At torsion mm2/mm,0.1499163516435824,0.1499163516435806,1.8041124150158794e-15,1.2034126999735662e-14
Combined,ENV_ULS / Left Exterior Girder / Max / set 2,18.073 m,Combined transverse mm2/mm,1.987182066966253,1.987182066966211,4.196643033083092e-14,2.1118563330686745e-14
Combined,ENV_ULS / Left Exterior Girder / Max / set 2,18.073 m,Vs allocated kN,802.3545229011036,802.3545229011155,1.1937117960769683e-11,1.4877610358084624e-14
Combined,ENV_ULS / Left Exterior Girder / Max / set 2,18.073 m,Vs used kN,802.3545229011036,802.3545229011155,1.1937117960769683e-11,1.4877610358084624e-14
Combined,ENV_ULS / Left Exterior Girder / Max / set 2,18.073 m,Longitudinal required kN,3470.352960928834,3470.352960928841,7.275957614183426e-12,2.0966044941538202e-15
Combined,ENV_ULS / Left Exterior Girder / Max / set 2,18.073 m,Longitudinal resistance kN,2762.735760392109,2762.7357603921096,4.547473508864641e-13,1.6460037814905714e-16
Combined,ENV_ULS / Left Exterior Girder / Max / set 2,18.073 m,Transverse D/C,1.3177910365885377,1.3177910365885095,2.8199664825478976e-14,2.13991930757718e-14
Combined,ENV_ULS / Left Exterior Girder / Max / set 2,18.073 m,Longitudinal D/C,1.2561291639546066,1.2561291639546088,2.220446049250313e-15,1.7676892734977933e-15
Combined,ENV_ULS / Left Exterior Girder / Max / set 2,18.073 m,Conservative Veff D/C,0.4668339151565008,0.46683391515650086,5.551115123125783e-17,1.1890985086772956e-16
Combined,ENV_ULS / Left Exterior Girder / Min / set 2,1.927 m,beta,2.4582926755887806,2.4582926755887975,1.687538997430238e-14,6.8646789464401235e-15
Combined,ENV_ULS / Left Exterior Girder / Min / set 2,1.927 m,theta deg,33.44534844139406,33.445348441394,5.684341886080802e-14,1.6995911691700342e-15
Combined,ENV_ULS / Left Exterior Girder / Min / set 2,1.927 m,Vc kN,363.1060921975092,363.10609219752115,1.1937117960769683e-11,3.287501426518664e-14
Combined,ENV_ULS / Left Exterior Girder / Min / set 2,1.927 m,At torsion mm2/mm,0.0,0.0,0.0,0.0
Combined,ENV_ULS / Left Exterior Girder / Min / set 2,1.927 m,Combined transverse mm2/mm,1.224679114219962,1.2246791142199442,1.7763568394002505e-14,1.450467162193499e-14
Combined,ENV_ULS / Left Exterior Girder / Min / set 2,1.927 m,Vs allocated kN,1181.3820012217218,1181.3820012217243,2.5011104298755527e-12,2.1171055825203307e-15
Combined,ENV_ULS / Left Exterior Girder / Min / set 2,1.927 m,Vs used kN,1181.3820012217218,1181.3820012217243,2.5011104298755527e-12,2.1171055825203307e-15
Combined,ENV_ULS / Left Exterior Girder / Min / set 2,1.927 m,Longitudinal required kN,2206.3272814801044,2206.327281480105,4.547473508864641e-13,2.0611055970871144e-16
Combined,ENV_ULS / Left Exterior Girder / Min / set 2,1.927 m,Longitudinal resistance kN,2762.73576039211,2762.73576039211,0.0,0.0
Combined,ENV_ULS / Left Exterior Girder / Min / set 2,1.927 m,Transverse D/C,0.8121405613729619,0.8121405613729501,1.176836406102666e-14,1.449055079964465e-14
Combined,ENV_ULS / Left Exterior Girder / Min / set 2,1.927 m,Longitudinal D/C,0.7986023539098667,0.7986023539098668,1.1102230246251565e-16,1.3902075534709237e-16
Combined,ENV_ULS / Left Exterior Girder / Min / set 2,1.927 m,Conservative Veff D/C,0.4430103606036666,0.4430103606036666,0.0,0.0
Combined,ENV_ULS / Left Exterior Girder / Min / set 2,18.073 m,beta,1.5336275629417553,1.53362756294176,4.6629367034256575e-15,3.0404622452672587e-15
Combined,ENV_ULS / Left Exterior Girder / Min / set 2,18.073 m,theta deg,38.939226277141046,38.939226277141,4.263256414560601e-14,1.0948487738862227e-15
Combined,ENV_ULS / Left Exterior Girder / Min / set 2,18.073 m,Vc kN,226.5269374944525,226.5269374944592,6.679101716144942e-12,2.948480118974067e-14
Combined,ENV_ULS / Left Exterior Girder / Min / set 2,18.073 m,At torsion mm2/mm,0.9874356807846504,0.9874356807846487,1.6653345369377348e-15,1.6865245699997446e-15
Combined,ENV_ULS / Left Exterior Girder / Min / set 2,18.073 m,Combined transverse mm2/mm,2.584358863395178,2.584358863395163,1.509903313490213e-14,5.842467680771702e-15
Combined,ENV_ULS / Left Exterior Girder / Min / set 2,18.073 m,Vs allocated kN,0.0,0.0,0.0,0.0
Combined,ENV_ULS / Left Exterior Girder / Min / set 2,18.073 m,Vs used kN,0.0,0.0,0.0,0.0
Combined,ENV_ULS / Left Exterior Girder / Min / set 2,18.073 m,Longitudinal required kN,2412.0885975197207,2412.088597519724,3.183231456205249e-12,1.3196992264208153e-15
Combined,ENV_ULS / Left Exterior Girder / Min / set 2,18.073 m,Longitudinal resistance kN,2762.735760392109,2762.7357603921096,4.547473508864641e-13,1.6460037814905714e-16
Combined,ENV_ULS / Left Exterior Girder / Min / set 2,18.073 m,Transverse D/C,1.7138061993028957,1.7138061993028855,1.021405182655144e-14,5.959863974529995e-15
Combined,ENV_ULS / Left Exterior Girder / Min / set 2,18.073 m,Longitudinal D/C,0.8730797320904039,0.8730797320904048,8.881784197001252e-16,1.017293595366794e-15
Combined,ENV_ULS / Left Exterior Girder / Min / set 2,18.073 m,Conservative Veff D/C,0.6421915290984276,0.6421915290984276,0.0,0.0
