2026-10-08 17:39:33.439 WARNING streamlit.runtime.scriptrunner_utils.script_run_context: Thread 'MainThread': missing ScriptRunContext! This warning can be ignored when running in bare mode.
2026-10-08 17:39:33.439 WARNING streamlit.runtime.scriptrunner_utils.script_run_context: Thread 'MainThread': missing ScriptRunContext! This warning can be ignored when running in bare mode.
2026-10-08 17:39:33.439 WARNING streamlit.runtime.scriptrunner_utils.script_run_context: Thread 'MainThread': missing ScriptRunContext! This warning can be ignored when running in bare mode.
2026-10-08 17:39:33.439 WARNING streamlit.runtime.scriptrunner_utils.script_run_context: Thread 'MainThread': missing ScriptRunContext! This warning can be ignored when running in bare mode.
2026-10-08 17:39:33.439 WARNING streamlit.runtime.scriptrunner_utils.script_run_context: Thread 'MainThread': missing ScriptRunContext! This warning can be ignored when running in bare mode.
2026-10-08 17:39:33.439 WARNING streamlit.runtime.scriptrunner_utils.script_run_context: Thread 'MainThread': missing ScriptRunContext! This warning can be ignored when running in bare mode.
2026-10-08 17:39:33.439 WARNING streamlit.runtime.scriptrunner_utils.script_run_context: Thread 'MainThread': missing ScriptRunContext! This warning can be ignored when running in bare mode.
2026-10-08 17:39:33.439 WARNING streamlit.runtime.scriptrunner_utils.script_run_context: Thread 'MainThread': missing ScriptRunContext! This warning can be ignored when running in bare mode.
2026-10-08 17:39:33.439 WARNING streamlit.runtime.scriptrunner_utils.script_run_context: Thread 'MainThread': missing ScriptRunContext! This warning can be ignored when running in bare mode.
2026-10-08 17:39:33.439 WARNING streamlit.runtime.scriptrunner_utils.script_run_context: Thread 'MainThread': missing ScriptRunContext! This warning can be ignored when running in bare mode.
2026-10-08 17:39:33.439 WARNING streamlit.runtime.scriptrunner_utils.script_run_context: Thread 'MainThread': missing ScriptRunContext! This warning can be ignored when running in bare mode.
2026-10-08 17:39:33.439 WARNING streamlit.runtime.scriptrunner_utils.script_run_context: Thread 'MainThread': missing ScriptRunContext! This warning can be ignored when running in bare mode.
2026-10-08 17:39:33.440 WARNING streamlit.runtime.scriptrunner_utils.script_run_context: Thread 'MainThread': missing ScriptRunContext! This warning can be ignored when running in bare mode.
2026-10-08 17:39:33.440 WARNING streamlit.runtime.scriptrunner_utils.script_run_context: Thread 'MainThread': missing ScriptRunContext! This warning can be ignored when running in bare mode.
2026-10-08 17:39:33.440 WARNING streamlit.runtime.scriptrunner_utils.script_run_context: Thread 'MainThread': missing ScriptRunContext! This warning can be ignored when running in bare mode.
2026-10-08 17:39:33.440 WARNING streamlit.runtime.scriptrunner_utils.script_run_context: Thread 'MainThread': missing ScriptRunContext! This warning can be ignored when running in bare mode.
2026-10-08 17:39:33.440 WARNING streamlit.runtime.scriptrunner_utils.script_run_context: Thread 'MainThread': missing ScriptRunContext! This warning can be ignored when running in bare mode.
2026-10-08 17:39:33.440 WARNING streamlit.runtime.scriptrunner_utils.script_run_context: Thread 'MainThread': missing ScriptRunContext! This warning can be ignored when running in bare mode.
2026-10-08 17:39:33.440 WARNING streamlit.runtime.scriptrunner_utils.script_run_context: Thread 'MainThread': missing ScriptRunContext! This warning can be ignored when running in bare mode.
2026-10-08 17:39:33.440 WARNING streamlit.runtime.scriptrunner_utils.script_run_context: Thread 'MainThread': missing ScriptRunContext! This warning can be ignored when running in bare mode.
2026-10-08 17:39:33.440 WARNING streamlit.runtime.scriptrunner_utils.script_run_context: Thread 'MainThread': missing ScriptRunContext! This warning can be ignored when running in bare mode.
2026-10-08 17:39:33.440 WARNING streamlit.runtime.scriptrunner_utils.script_run_context: Thread 'MainThread': missing ScriptRunContext! This warning can be ignored when running in bare mode.
2026-10-08 17:39:33.440 WARNING streamlit.runtime.scriptrunner_utils.script_run_context: Thread 'MainThread': missing ScriptRunContext! This warning can be ignored when running in bare mode.
2026-10-08 17:39:33.440 WARNING streamlit.runtime.scriptrunner_utils.script_run_context: Thread 'MainThread': missing ScriptRunContext! This warning can be ignored when running in bare mode.
2026-10-08 17:39:33.440 WARNING streamlit.runtime.scriptrunner_utils.script_run_context: Thread 'MainThread': missing ScriptRunContext! This warning can be ignored when running in bare mode.
2026-10-08 17:39:33.440 WARNING streamlit.runtime.scriptrunner_utils.script_run_context: Thread 'MainThread': missing ScriptRunContext! This warning can be ignored when running in bare mode.
2026-10-08 17:39:33.440 WARNING streamlit.runtime.scriptrunner_utils.script_run_context: Thread 'MainThread': missing ScriptRunContext! This warning can be ignored when running in bare mode.
2026-10-08 17:39:33.440 WARNING streamlit.runtime.scriptrunner_utils.script_run_context: Thread 'MainThread': missing ScriptRunContext! This warning can be ignored when running in bare mode.
2026-10-08 17:39:33.440 WARNING streamlit.runtime.scriptrunner_utils.script_run_context: Thread 'MainThread': missing ScriptRunContext! This warning can be ignored when running in bare mode.
2026-10-08 17:39:33.440 WARNING streamlit.runtime.scriptrunner_utils.script_run_context: Thread 'MainThread': missing ScriptRunContext! This warning can be ignored when running in bare mode.
2026-10-08 17:39:33.440 WARNING streamlit.runtime.scriptrunner_utils.script_run_context: Thread 'MainThread': missing ScriptRunContext! This warning can be ignored when running in bare mode.
2026-10-08 17:39:33.440 WARNING streamlit.runtime.scriptrunner_utils.script_run_context: Thread 'MainThread': missing ScriptRunContext! This warning can be ignored when running in bare mode.
2026-10-08 17:39:33.440 WARNING streamlit.runtime.scriptrunner_utils.script_run_context: Thread 'MainThread': missing ScriptRunContext! This warning can be ignored when running in bare mode.
2026-10-08 17:39:33.440 WARNING streamlit.runtime.scriptrunner_utils.script_run_context: Thread 'MainThread': missing ScriptRunContext! This warning can be ignored when running in bare mode.
2026-10-08 17:39:33.440 WARNING streamlit.runtime.scriptrunner_utils.script_run_context: Thread 'MainThread': missing ScriptRunContext! This warning can be ignored when running in bare mode.
2026-10-08 17:39:33.440 WARNING streamlit.runtime.scriptrunner_utils.script_run_context: Thread 'MainThread': missing ScriptRunContext! This warning can be ignored when running in bare mode.
2026-10-08 17:39:33.440 WARNING streamlit.runtime.scriptrunner_utils.script_run_context: Thread 'MainThread': missing ScriptRunContext! This warning can be ignored when running in bare mode.
2026-10-08 17:39:33.440 WARNING streamlit.runtime.scriptrunner_utils.script_run_context: Thread 'MainThread': missing ScriptRunContext! This warning can be ignored when running in bare mode.
2026-10-08 17:39:33.440 WARNING streamlit.runtime.scriptrunner_utils.script_run_context: Thread 'MainThread': missing ScriptRunContext! This warning can be ignored when running in bare mode.
2026-10-08 17:39:33.440 WARNING streamlit.runtime.scriptrunner_utils.script_run_context: Thread 'MainThread': missing ScriptRunContext! This warning can be ignored when running in bare mode.
2026-10-08 17:39:33.440 WARNING streamlit.runtime.scriptrunner_utils.script_run_context: Thread 'MainThread': missing ScriptRunContext! This warning can be ignored when running in bare mode.
2026-10-08 17:39:33.440 WARNING streamlit.runtime.scriptrunner_utils.script_run_context: Thread 'MainThread': missing ScriptRunContext! This warning can be ignored when running in bare mode.
2026-10-08 17:39:33.440 WARNING streamlit.runtime.scriptrunner_utils.script_run_context: Thread 'MainThread': missing ScriptRunContext! This warning can be ignored when running in bare mode.
2026-10-08 17:39:33.440 WARNING streamlit.runtime.scriptrunner_utils.script_run_context: Thread 'MainThread': missing ScriptRunContext! This warning can be ignored when running in bare mode.
2026-10-08 17:39:33.440 WARNING streamlit.runtime.scriptrunner_utils.script_run_context: Thread 'MainThread': missing ScriptRunContext! This warning can be ignored when running in bare mode.
2026-10-08 17:39:33.440 WARNING streamlit.runtime.scriptrunner_utils.script_run_context: Thread 'MainThread': missing ScriptRunContext! This warning can be ignored when running in bare mode.
2026-10-08 17:39:33.440 WARNING streamlit.runtime.scriptrunner_utils.script_run_context: Thread 'MainThread': missing ScriptRunContext! This warning can be ignored when running in bare mode.
2026-10-08 17:39:33.440 WARNING streamlit.runtime.scriptrunner_utils.script_run_context: Thread 'MainThread': missing ScriptRunContext! This warning can be ignored when running in bare mode.
2026-10-08 17:39:33.440 WARNING streamlit.runtime.scriptrunner_utils.script_run_context: Thread 'MainThread': missing ScriptRunContext! This warning can be ignored when running in bare mode.
2026-10-08 17:39:33.440 WARNING streamlit.runtime.scriptrunner_utils.script_run_context: Thread 'MainThread': missing ScriptRunContext! This warning can be ignored when running in bare mode.
2026-10-08 17:39:33.440 WARNING streamlit.runtime.scriptrunner_utils.script_run_context: Thread 'MainThread': missing ScriptRunContext! This warning can be ignored when running in bare mode.
2026-10-08 17:39:33.440 WARNING streamlit.runtime.scriptrunner_utils.script_run_context: Thread 'MainThread': missing ScriptRunContext! This warning can be ignored when running in bare mode.
2026-10-08 17:39:33.440 WARNING streamlit.runtime.scriptrunner_utils.script_run_context: Thread 'MainThread': missing ScriptRunContext! This warning can be ignored when running in bare mode.
2026-10-08 17:39:33.440 WARNING streamlit.runtime.scriptrunner_utils.script_run_context: Thread 'MainThread': missing ScriptRunContext! This warning can be ignored when running in bare mode.
2026-10-08 17:39:33.440 WARNING streamlit.runtime.scriptrunner_utils.script_run_context: Thread 'MainThread': missing ScriptRunContext! This warning can be ignored when running in bare mode.
2026-10-08 17:39:33.440 WARNING streamlit.runtime.scriptrunner_utils.script_run_context: Thread 'MainThread': missing ScriptRunContext! This warning can be ignored when running in bare mode.
2026-10-08 17:39:33.440 WARNING streamlit.runtime.scriptrunner_utils.script_run_context: Thread 'MainThread': missing ScriptRunContext! This warning can be ignored when running in bare mode.
2026-10-08 17:39:33.440 WARNING streamlit.runtime.scriptrunner_utils.script_run_context: Thread 'MainThread': missing ScriptRunContext! This warning can be ignored when running in bare mode.
2026-10-08 17:39:33.440 WARNING streamlit.runtime.scriptrunner_utils.script_run_context: Thread 'MainThread': missing ScriptRunContext! This warning can be ignored when running in bare mode.
2026-10-08 17:39:33.440 WARNING streamlit.runtime.scriptrunner_utils.script_run_context: Thread 'MainThread': missing ScriptRunContext! This warning can be ignored when running in bare mode.
2026-10-08 17:39:33.440 WARNING streamlit.runtime.scriptrunner_utils.script_run_context: Thread 'MainThread': missing ScriptRunContext! This warning can be ignored when running in bare mode.
2026-10-08 17:39:33.440 WARNING streamlit.runtime.scriptrunner_utils.script_run_context: Thread 'MainThread': missing ScriptRunContext! This warning can be ignored when running in bare mode.
2026-10-08 17:39:33.440 WARNING streamlit.runtime.scriptrunner_utils.script_run_context: Thread 'MainThread': missing ScriptRunContext! This warning can be ignored when running in bare mode.
2026-10-08 17:39:33.440 WARNING streamlit.runtime.scriptrunner_utils.script_run_context: Thread 'MainThread': missing ScriptRunContext! This warning can be ignored when running in bare mode.
2026-10-08 17:39:33.440 WARNING streamlit.runtime.scriptrunner_utils.script_run_context: Thread 'MainThread': missing ScriptRunContext! This warning can be ignored when running in bare mode.
2026-10-08 17:39:33.440 WARNING streamlit.runtime.scriptrunner_utils.script_run_context: Thread 'MainThread': missing ScriptRunContext! This warning can be ignored when running in bare mode.
2026-10-08 17:39:33.440 WARNING streamlit.runtime.scriptrunner_utils.script_run_context: Thread 'MainThread': missing ScriptRunContext! This warning can be ignored when running in bare mode.
2026-10-08 17:39:33.440 WARNING streamlit.runtime.scriptrunner_utils.script_run_context: Thread 'MainThread': missing ScriptRunContext! This warning can be ignored when running in bare mode.
2026-10-08 17:39:33.440 WARNING streamlit.runtime.scriptrunner_utils.script_run_context: Thread 'MainThread': missing ScriptRunContext! This warning can be ignored when running in bare mode.
2026-10-08 17:39:33.440 WARNING streamlit.runtime.scriptrunner_utils.script_run_context: Thread 'MainThread': missing ScriptRunContext! This warning can be ignored when running in bare mode.
2026-10-08 17:39:33.440 WARNING streamlit.runtime.scriptrunner_utils.script_run_context: Thread 'MainThread': missing ScriptRunContext! This warning can be ignored when running in bare mode.
2026-10-08 17:39:33.440 WARNING streamlit.runtime.scriptrunner_utils.script_run_context: Thread 'MainThread': missing ScriptRunContext! This warning can be ignored when running in bare mode.
2026-10-08 17:39:33.440 WARNING streamlit.runtime.scriptrunner_utils.script_run_context: Thread 'MainThread': missing ScriptRunContext! This warning can be ignored when running in bare mode.
2026-10-08 17:39:33.440 WARNING streamlit.runtime.scriptrunner_utils.script_run_context: Thread 'MainThread': missing ScriptRunContext! This warning can be ignored when running in bare mode.
2026-10-08 17:39:33.440 WARNING streamlit.runtime.scriptrunner_utils.script_run_context: Thread 'MainThread': missing ScriptRunContext! This warning can be ignored when running in bare mode.
2026-10-08 17:39:33.440 WARNING streamlit.runtime.scriptrunner_utils.script_run_context: Thread 'MainThread': missing ScriptRunContext! This warning can be ignored when running in bare mode.
2026-10-08 17:39:33.441 WARNING streamlit.runtime.scriptrunner_utils.script_run_context: Thread 'MainThread': missing ScriptRunContext! This warning can be ignored when running in bare mode.
2026-10-08 17:39:33.441 WARNING streamlit.runtime.scriptrunner_utils.script_run_context: Thread 'MainThread': missing ScriptRunContext! This warning can be ignored when running in bare mode.
2026-10-08 17:39:33.441 WARNING streamlit.runtime.scriptrunner_utils.script_run_context: Thread 'MainThread': missing ScriptRunContext! This warning can be ignored when running in bare mode.
2026-10-08 17:39:33.441 WARNING streamlit.runtime.scriptrunner_utils.script_run_context: Thread 'MainThread': missing ScriptRunContext! This warning can be ignored when running in bare mode.
2026-10-08 17:39:33.441 WARNING streamlit.runtime.scriptrunner_utils.script_run_context: Thread 'MainThread': missing ScriptRunContext! This warning can be ignored when running in bare mode.
2026-10-08 17:39:33.441 WARNING streamlit.runtime.scriptrunner_utils.script_run_context: Thread 'MainThread': missing ScriptRunContext! This warning can be ignored when running in bare mode.
2026-10-08 17:39:33.441 WARNING streamlit.runtime.scriptrunner_utils.script_run_context: Thread 'MainThread': missing ScriptRunContext! This warning can be ignored when running in bare mode.
2026-10-08 17:39:33.441 WARNING streamlit.runtime.scriptrunner_utils.script_run_context: Thread 'MainThread': missing ScriptRunContext! This warning can be ignored when running in bare mode.
2026-10-08 17:39:33.441 WARNING streamlit.runtime.scriptrunner_utils.script_run_context: Thread 'MainThread': missing ScriptRunContext! This warning can be ignored when running in bare mode.
2026-10-08 17:39:33.441 WARNING streamlit.runtime.scriptrunner_utils.script_run_context: Thread 'MainThread': missing ScriptRunContext! This warning can be ignored when running in bare mode.
2026-10-08 17:39:33.441 WARNING streamlit.runtime.scriptrunner_utils.script_run_context: Thread 'MainThread': missing ScriptRunContext! This warning can be ignored when running in bare mode.
2026-10-08 17:39:33.441 WARNING streamlit.runtime.scriptrunner_utils.script_run_context: Thread 'MainThread': missing ScriptRunContext! This warning can be ignored when running in bare mode.
2026-10-08 17:39:33.441 WARNING streamlit.runtime.scriptrunner_utils.script_run_context: Thread 'MainThread': missing ScriptRunContext! This warning can be ignored when running in bare mode.
2026-10-08 17:39:33.441 WARNING streamlit.runtime.scriptrunner_utils.script_run_context: Thread 'MainThread': missing ScriptRunContext! This warning can be ignored when running in bare mode.
2026-10-08 17:39:33.441 WARNING streamlit.runtime.scriptrunner_utils.script_run_context: Thread 'MainThread': missing ScriptRunContext! This warning can be ignored when running in bare mode.
2026-10-08 17:39:33.441 WARNING streamlit.runtime.scriptrunner_utils.script_run_context: Thread 'MainThread': missing ScriptRunContext! This warning can be ignored when running in bare mode.
2026-10-08 17:39:33.441 WARNING streamlit.runtime.scriptrunner_utils.script_run_context: Thread 'MainThread': missing ScriptRunContext! This warning can be ignored when running in bare mode.
2026-10-08 17:39:33.441 WARNING streamlit.runtime.scriptrunner_utils.script_run_context: Thread 'MainThread': missing ScriptRunContext! This warning can be ignored when running in bare mode.
2026-10-08 17:39:33.441 WARNING streamlit.runtime.scriptrunner_utils.script_run_context: Thread 'MainThread': missing ScriptRunContext! This warning can be ignored when running in bare mode.
2026-10-08 17:39:33.441 WARNING streamlit.runtime.scriptrunner_utils.script_run_context: Thread 'MainThread': missing ScriptRunContext! This warning can be ignored when running in bare mode.
2026-10-08 17:39:33.441 WARNING streamlit.runtime.scriptrunner_utils.script_run_context: Thread 'MainThread': missing ScriptRunContext! This warning can be ignored when running in bare mode.
2026-10-08 17:39:33.441 WARNING streamlit.runtime.scriptrunner_utils.script_run_context: Thread 'MainThread': missing ScriptRunContext! This warning can be ignored when running in bare mode.
2026-10-08 17:39:33.441 WARNING streamlit.runtime.scriptrunner_utils.script_run_context: Thread 'MainThread': missing ScriptRunContext! This warning can be ignored when running in bare mode.
2026-10-08 17:39:33.441 WARNING streamlit.runtime.scriptrunner_utils.script_run_context: Thread 'MainThread': missing ScriptRunContext! This warning can be ignored when running in bare mode.
2026-10-08 17:39:33.441 WARNING streamlit.runtime.scriptrunner_utils.script_run_context: Thread 'MainThread': missing ScriptRunContext! This warning can be ignored when running in bare mode.
2026-10-08 17:39:33.441 WARNING streamlit.runtime.scriptrunner_utils.script_run_context: Thread 'MainThread': missing ScriptRunContext! This warning can be ignored when running in bare mode.
2026-10-08 17:39:33.441 WARNING streamlit.runtime.scriptrunner_utils.script_run_context: Thread 'MainThread': missing ScriptRunContext! This warning can be ignored when running in bare mode.
2026-10-08 17:39:33.443 WARNING streamlit.runtime.scriptrunner_utils.script_run_context: Thread 'MainThread': missing ScriptRunContext! This warning can be ignored when running in bare mode.
2026-10-08 17:39:33.443 WARNING streamlit.runtime.scriptrunner_utils.script_run_context: Thread 'MainThread': missing ScriptRunContext! This warning can be ignored when running in bare mode.
2026-10-08 17:39:33.443 WARNING streamlit.runtime.scriptrunner_utils.script_run_context: Thread 'MainThread': missing ScriptRunContext! This warning can be ignored when running in bare mode.
2026-10-08 17:39:33.443 WARNING streamlit.runtime.scriptrunner_utils.script_run_context: Thread 'MainThread': missing ScriptRunContext! This warning can be ignored when running in bare mode.
2026-10-08 17:39:33.443 WARNING streamlit.runtime.scriptrunner_utils.script_run_context: Thread 'MainThread': missing ScriptRunContext! This warning can be ignored when running in bare mode.
2026-10-08 17:39:33.444 WARNING streamlit.runtime.scriptrunner_utils.script_run_context: Thread 'MainThread': missing ScriptRunContext! This warning can be ignored when running in bare mode.
2026-10-08 17:39:33.444 WARNING streamlit.runtime.scriptrunner_utils.script_run_context: Thread 'MainThread': missing ScriptRunContext! This warning can be ignored when running in bare mode.
2026-10-08 17:39:33.444 WARNING streamlit.runtime.scriptrunner_utils.script_run_context: Thread 'MainThread': missing ScriptRunContext! This warning can be ignored when running in bare mode.
2026-10-08 17:39:33.444 WARNING streamlit.runtime.scriptrunner_utils.script_run_context: Thread 'MainThread': missing ScriptRunContext! This warning can be ignored when running in bare mode.
2026-10-08 17:39:33.444 WARNING streamlit.runtime.scriptrunner_utils.script_run_context: Thread 'MainThread': missing ScriptRunContext! This warning can be ignored when running in bare mode.
2026-10-08 17:39:33.444 WARNING streamlit.runtime.scriptrunner_utils.script_run_context: Thread 'MainThread': missing ScriptRunContext! This warning can be ignored when running in bare mode.
2026-10-08 17:39:33.444 WARNING streamlit.runtime.scriptrunner_utils.script_run_context: Thread 'MainThread': missing ScriptRunContext! This warning can be ignored when running in bare mode.
2026-10-08 17:39:33.444 WARNING streamlit.runtime.scriptrunner_utils.script_run_context: Thread 'MainThread': missing ScriptRunContext! This warning can be ignored when running in bare mode.
2026-10-08 17:39:33.444 WARNING streamlit.runtime.scriptrunner_utils.script_run_context: Thread 'MainThread': missing ScriptRunContext! This warning can be ignored when running in bare mode.
2026-10-08 17:39:34.150 Please replace `use_container_width` with `width`.

`use_container_width` will be removed after 2025-12-31.

For `use_container_width=True`, use `width='stretch'`. For `use_container_width=False`, use `width='content'`.
2026-10-08 17:39:34.295 Please replace `use_container_width` with `width`.

`use_container_width` will be removed after 2025-12-31.

For `use_container_width=True`, use `width='stretch'`. For `use_container_width=False`, use `width='content'`.
2026-10-08 17:39:34.297 Please replace `use_container_width` with `width`.

`use_container_width` will be removed after 2025-12-31.

For `use_container_width=True`, use `width='stretch'`. For `use_container_width=False`, use `width='content'`.
2026-10-08 17:39:34.636 Please replace `use_container_width` with `width`.

`use_container_width` will be removed after 2025-12-31.

For `use_container_width=True`, use `width='stretch'`. For `use_container_width=False`, use `width='content'`.
2026-10-08 17:39:34.638 Please replace `use_container_width` with `width`.

`use_container_width` will be removed after 2025-12-31.

For `use_container_width=True`, use `width='stretch'`. For `use_container_width=False`, use `width='content'`.
2026-10-08 17:39:34.639 Please replace `use_container_width` with `width`.

`use_container_width` will be removed after 2025-12-31.

For `use_container_width=True`, use `width='stretch'`. For `use_container_width=False`, use `width='content'`.
2026-10-08 17:39:34.993 Please replace `use_container_width` with `width`.

`use_container_width` will be removed after 2025-12-31.

For `use_container_width=True`, use `width='stretch'`. For `use_container_width=False`, use `width='content'`.
2026-10-08 17:39:34.994 Please replace `use_container_width` with `width`.

`use_container_width` will be removed after 2025-12-31.

For `use_container_width=True`, use `width='stretch'`. For `use_container_width=False`, use `width='content'`.
2026-10-08 17:39:34.995 Please replace `use_container_width` with `width`.

`use_container_width` will be removed after 2025-12-31.

For `use_container_width=True`, use `width='stretch'`. For `use_container_width=False`, use `width='content'`.
2026-10-08 17:39:35.858 Please replace `use_container_width` with `width`.

`use_container_width` will be removed after 2025-12-31.

For `use_container_width=True`, use `width='stretch'`. For `use_container_width=False`, use `width='content'`.
2026-10-08 17:39:35.860 Please replace `use_container_width` with `width`.

`use_container_width` will be removed after 2025-12-31.

For `use_container_width=True`, use `width='stretch'`. For `use_container_width=False`, use `width='content'`.
2026-10-08 17:39:35.861 Please replace `use_container_width` with `width`.

`use_container_width` will be removed after 2025-12-31.

For `use_container_width=True`, use `width='stretch'`. For `use_container_width=False`, use `width='content'`.
2026-10-08 17:39:35.876 Please replace `use_container_width` with `width`.

`use_container_width` will be removed after 2025-12-31.

For `use_container_width=True`, use `width='stretch'`. For `use_container_width=False`, use `width='content'`.
2026-10-08 17:39:35.880 Please replace `use_container_width` with `width`.

`use_container_width` will be removed after 2025-12-31.

For `use_container_width=True`, use `width='stretch'`. For `use_container_width=False`, use `width='content'`.
2026-10-08 17:39:35.973 Please replace `use_container_width` with `width`.

`use_container_width` will be removed after 2025-12-31.

For `use_container_width=True`, use `width='stretch'`. For `use_container_width=False`, use `width='content'`.
2026-10-08 17:39:35.976 Please replace `use_container_width` with `width`.

`use_container_width` will be removed after 2025-12-31.

For `use_container_width=True`, use `width='stretch'`. For `use_container_width=False`, use `width='content'`.
2026-10-08 17:39:35.978 Please replace `use_container_width` with `width`.

`use_container_width` will be removed after 2025-12-31.

For `use_container_width=True`, use `width='stretch'`. For `use_container_width=False`, use `width='content'`.
2026-10-08 17:39:35.980 Please replace `use_container_width` with `width`.

`use_container_width` will be removed after 2025-12-31.

For `use_container_width=True`, use `width='stretch'`. For `use_container_width=False`, use `width='content'`.
2026-10-08 17:39:35.984 Please replace `use_container_width` with `width`.

`use_container_width` will be removed after 2025-12-31.

For `use_container_width=True`, use `width='stretch'`. For `use_container_width=False`, use `width='content'`.
2026-10-08 17:39:36.008 Please replace `use_container_width` with `width`.

`use_container_width` will be removed after 2025-12-31.

For `use_container_width=True`, use `width='stretch'`. For `use_container_width=False`, use `width='content'`.
2026-10-08 17:39:36.014 Please replace `use_container_width` with `width`.

`use_container_width` will be removed after 2025-12-31.

For `use_container_width=True`, use `width='stretch'`. For `use_container_width=False`, use `width='content'`.
2026-10-08 17:39:36.133 Please replace `use_container_width` with `width`.

`use_container_width` will be removed after 2025-12-31.

For `use_container_width=True`, use `width='stretch'`. For `use_container_width=False`, use `width='content'`.
2026-10-08 17:39:36.137 Please replace `use_container_width` with `width`.

`use_container_width` will be removed after 2025-12-31.

For `use_container_width=True`, use `width='stretch'`. For `use_container_width=False`, use `width='content'`.
2026-10-08 17:39:36.138 Please replace `use_container_width` with `width`.

`use_container_width` will be removed after 2025-12-31.

For `use_container_width=True`, use `width='stretch'`. For `use_container_width=False`, use `width='content'`.
2026-10-08 17:39:36.140 Please replace `use_container_width` with `width`.

`use_container_width` will be removed after 2025-12-31.

For `use_container_width=True`, use `width='stretch'`. For `use_container_width=False`, use `width='content'`.
2026-10-08 17:39:36.144 Please replace `use_container_width` with `width`.

`use_container_width` will be removed after 2025-12-31.

For `use_container_width=True`, use `width='stretch'`. For `use_container_width=False`, use `width='content'`.
2026-10-08 17:39:36.513 Please replace `use_container_width` with `width`.

`use_container_width` will be removed after 2025-12-31.

For `use_container_width=True`, use `width='stretch'`. For `use_container_width=False`, use `width='content'`.
2026-10-08 17:39:36.515 Please replace `use_container_width` with `width`.

`use_container_width` will be removed after 2025-12-31.

For `use_container_width=True`, use `width='stretch'`. For `use_container_width=False`, use `width='content'`.
2026-10-08 17:39:36.516 Please replace `use_container_width` with `width`.

`use_container_width` will be removed after 2025-12-31.

For `use_container_width=True`, use `width='stretch'`. For `use_container_width=False`, use `width='content'`.
2026-10-08 17:39:36.533 Please replace `use_container_width` with `width`.

`use_container_width` will be removed after 2025-12-31.

For `use_container_width=True`, use `width='stretch'`. For `use_container_width=False`, use `width='content'`.
2026-10-08 17:39:36.538 Please replace `use_container_width` with `width`.

`use_container_width` will be removed after 2025-12-31.

For `use_container_width=True`, use `width='stretch'`. For `use_container_width=False`, use `width='content'`.
2026-10-08 17:39:36.614 Please replace `use_container_width` with `width`.

`use_container_width` will be removed after 2025-12-31.

For `use_container_width=True`, use `width='stretch'`. For `use_container_width=False`, use `width='content'`.
2026-10-08 17:39:36.617 Please replace `use_container_width` with `width`.

`use_container_width` will be removed after 2025-12-31.

For `use_container_width=True`, use `width='stretch'`. For `use_container_width=False`, use `width='content'`.
2026-10-08 17:39:36.618 Please replace `use_container_width` with `width`.

`use_container_width` will be removed after 2025-12-31.

For `use_container_width=True`, use `width='stretch'`. For `use_container_width=False`, use `width='content'`.
2026-10-08 17:39:36.620 Please replace `use_container_width` with `width`.

`use_container_width` will be removed after 2025-12-31.

For `use_container_width=True`, use `width='stretch'`. For `use_container_width=False`, use `width='content'`.
2026-10-08 17:39:36.623 Please replace `use_container_width` with `width`.

`use_container_width` will be removed after 2025-12-31.

For `use_container_width=True`, use `width='stretch'`. For `use_container_width=False`, use `width='content'`.
2026-10-08 17:39:36.640 Please replace `use_container_width` with `width`.

`use_container_width` will be removed after 2025-12-31.

For `use_container_width=True`, use `width='stretch'`. For `use_container_width=False`, use `width='content'`.
2026-10-08 17:39:36.645 Please replace `use_container_width` with `width`.

`use_container_width` will be removed after 2025-12-31.

For `use_container_width=True`, use `width='stretch'`. For `use_container_width=False`, use `width='content'`.
2026-10-08 17:39:36.719 Please replace `use_container_width` with `width`.

`use_container_width` will be removed after 2025-12-31.

For `use_container_width=True`, use `width='stretch'`. For `use_container_width=False`, use `width='content'`.
2026-10-08 17:39:36.722 Please replace `use_container_width` with `width`.

`use_container_width` will be removed after 2025-12-31.

For `use_container_width=True`, use `width='stretch'`. For `use_container_width=False`, use `width='content'`.
2026-10-08 17:39:36.723 Please replace `use_container_width` with `width`.

`use_container_width` will be removed after 2025-12-31.

For `use_container_width=True`, use `width='stretch'`. For `use_container_width=False`, use `width='content'`.
2026-10-08 17:39:36.725 Please replace `use_container_width` with `width`.

`use_container_width` will be removed after 2025-12-31.

For `use_container_width=True`, use `width='stretch'`. For `use_container_width=False`, use `width='content'`.
2026-10-08 17:39:36.729 Please replace `use_container_width` with `width`.

`use_container_width` will be removed after 2025-12-31.

For `use_container_width=True`, use `width='stretch'`. For `use_container_width=False`, use `width='content'`.
2026-10-08 17:39:37.080 Please replace `use_container_width` with `width`.

`use_container_width` will be removed after 2025-12-31.

For `use_container_width=True`, use `width='stretch'`. For `use_container_width=False`, use `width='content'`.
2026-10-08 17:39:37.083 Please replace `use_container_width` with `width`.

`use_container_width` will be removed after 2025-12-31.

For `use_container_width=True`, use `width='stretch'`. For `use_container_width=False`, use `width='content'`.
2026-10-08 17:39:37.085 Please replace `use_container_width` with `width`.

`use_container_width` will be removed after 2025-12-31.

For `use_container_width=True`, use `width='stretch'`. For `use_container_width=False`, use `width='content'`.
2026-10-08 17:39:37.106 Please replace `use_container_width` with `width`.

`use_container_width` will be removed after 2025-12-31.

For `use_container_width=True`, use `width='stretch'`. For `use_container_width=False`, use `width='content'`.
2026-10-08 17:39:37.113 Please replace `use_container_width` with `width`.

`use_container_width` will be removed after 2025-12-31.

For `use_container_width=True`, use `width='stretch'`. For `use_container_width=False`, use `width='content'`.
2026-10-08 17:39:37.214 Please replace `use_container_width` with `width`.

`use_container_width` will be removed after 2025-12-31.

For `use_container_width=True`, use `width='stretch'`. For `use_container_width=False`, use `width='content'`.
2026-10-08 17:39:37.219 Please replace `use_container_width` with `width`.

`use_container_width` will be removed after 2025-12-31.

For `use_container_width=True`, use `width='stretch'`. For `use_container_width=False`, use `width='content'`.
2026-10-08 17:39:37.220 Please replace `use_container_width` with `width`.

`use_container_width` will be removed after 2025-12-31.

For `use_container_width=True`, use `width='stretch'`. For `use_container_width=False`, use `width='content'`.
2026-10-08 17:39:37.223 Please replace `use_container_width` with `width`.

`use_container_width` will be removed after 2025-12-31.

For `use_container_width=True`, use `width='stretch'`. For `use_container_width=False`, use `width='content'`.
2026-10-08 17:39:37.227 Please replace `use_container_width` with `width`.

`use_container_width` will be removed after 2025-12-31.

For `use_container_width=True`, use `width='stretch'`. For `use_container_width=False`, use `width='content'`.
2026-10-08 17:39:37.256 Please replace `use_container_width` with `width`.

`use_container_width` will be removed after 2025-12-31.

For `use_container_width=True`, use `width='stretch'`. For `use_container_width=False`, use `width='content'`.
2026-10-08 17:39:37.262 Please replace `use_container_width` with `width`.

`use_container_width` will be removed after 2025-12-31.

For `use_container_width=True`, use `width='stretch'`. For `use_container_width=False`, use `width='content'`.
2026-10-08 17:39:37.363 Please replace `use_container_width` with `width`.

`use_container_width` will be removed after 2025-12-31.

For `use_container_width=True`, use `width='stretch'`. For `use_container_width=False`, use `width='content'`.
2026-10-08 17:39:37.366 Please replace `use_container_width` with `width`.

`use_container_width` will be removed after 2025-12-31.

For `use_container_width=True`, use `width='stretch'`. For `use_container_width=False`, use `width='content'`.
2026-10-08 17:39:37.367 Please replace `use_container_width` with `width`.

`use_container_width` will be removed after 2025-12-31.

For `use_container_width=True`, use `width='stretch'`. For `use_container_width=False`, use `width='content'`.
2026-10-08 17:39:37.370 Please replace `use_container_width` with `width`.

`use_container_width` will be removed after 2025-12-31.

For `use_container_width=True`, use `width='stretch'`. For `use_container_width=False`, use `width='content'`.
2026-10-08 17:39:37.374 Please replace `use_container_width` with `width`.

`use_container_width` will be removed after 2025-12-31.

For `use_container_width=True`, use `width='stretch'`. For `use_container_width=False`, use `width='content'`.
2026-10-08 17:39:37.777 Please replace `use_container_width` with `width`.

`use_container_width` will be removed after 2025-12-31.

For `use_container_width=True`, use `width='stretch'`. For `use_container_width=False`, use `width='content'`.
2026-10-08 17:39:37.780 Please replace `use_container_width` with `width`.

`use_container_width` will be removed after 2025-12-31.

For `use_container_width=True`, use `width='stretch'`. For `use_container_width=False`, use `width='content'`.
2026-10-08 17:39:37.781 Please replace `use_container_width` with `width`.

`use_container_width` will be removed after 2025-12-31.

For `use_container_width=True`, use `width='stretch'`. For `use_container_width=False`, use `width='content'`.
2026-10-08 17:39:37.929 Please replace `use_container_width` with `width`.

`use_container_width` will be removed after 2025-12-31.

For `use_container_width=True`, use `width='stretch'`. For `use_container_width=False`, use `width='content'`.
2026-10-08 17:39:37.936 Please replace `use_container_width` with `width`.

`use_container_width` will be removed after 2025-12-31.

For `use_container_width=True`, use `width='stretch'`. For `use_container_width=False`, use `width='content'`.
2026-10-08 17:39:38.046 Please replace `use_container_width` with `width`.

`use_container_width` will be removed after 2025-12-31.

For `use_container_width=True`, use `width='stretch'`. For `use_container_width=False`, use `width='content'`.
2026-10-08 17:39:38.050 Please replace `use_container_width` with `width`.

`use_container_width` will be removed after 2025-12-31.

For `use_container_width=True`, use `width='stretch'`. For `use_container_width=False`, use `width='content'`.
2026-10-08 17:39:38.052 Please replace `use_container_width` with `width`.

`use_container_width` will be removed after 2025-12-31.

For `use_container_width=True`, use `width='stretch'`. For `use_container_width=False`, use `width='content'`.
2026-10-08 17:39:38.054 Please replace `use_container_width` with `width`.

`use_container_width` will be removed after 2025-12-31.

For `use_container_width=True`, use `width='stretch'`. For `use_container_width=False`, use `width='content'`.
2026-10-08 17:39:38.058 Please replace `use_container_width` with `width`.

`use_container_width` will be removed after 2025-12-31.

For `use_container_width=True`, use `width='stretch'`. For `use_container_width=False`, use `width='content'`.
2026-10-08 17:39:38.083 Please replace `use_container_width` with `width`.

`use_container_width` will be removed after 2025-12-31.

For `use_container_width=True`, use `width='stretch'`. For `use_container_width=False`, use `width='content'`.
2026-10-08 17:39:38.089 Please replace `use_container_width` with `width`.

`use_container_width` will be removed after 2025-12-31.

For `use_container_width=True`, use `width='stretch'`. For `use_container_width=False`, use `width='content'`.
2026-10-08 17:39:38.181 Please replace `use_container_width` with `width`.

`use_container_width` will be removed after 2025-12-31.

For `use_container_width=True`, use `width='stretch'`. For `use_container_width=False`, use `width='content'`.
2026-10-08 17:39:38.184 Please replace `use_container_width` with `width`.

`use_container_width` will be removed after 2025-12-31.

For `use_container_width=True`, use `width='stretch'`. For `use_container_width=False`, use `width='content'`.
2026-10-08 17:39:38.187 Please replace `use_container_width` with `width`.

`use_container_width` will be removed after 2025-12-31.

For `use_container_width=True`, use `width='stretch'`. For `use_container_width=False`, use `width='content'`.
2026-10-08 17:39:38.189 Please replace `use_container_width` with `width`.

`use_container_width` will be removed after 2025-12-31.

For `use_container_width=True`, use `width='stretch'`. For `use_container_width=False`, use `width='content'`.
2026-10-08 17:39:38.193 Please replace `use_container_width` with `width`.

`use_container_width` will be removed after 2025-12-31.

For `use_container_width=True`, use `width='stretch'`. For `use_container_width=False`, use `width='content'`.
2026-10-08 17:39:38.331 Please replace `use_container_width` with `width`.

`use_container_width` will be removed after 2025-12-31.

For `use_container_width=True`, use `width='stretch'`. For `use_container_width=False`, use `width='content'`.
2026-10-08 17:39:38.335 Please replace `use_container_width` with `width`.

`use_container_width` will be removed after 2025-12-31.

For `use_container_width=True`, use `width='stretch'`. For `use_container_width=False`, use `width='content'`.
2026-10-08 17:39:38.339 Please replace `use_container_width` with `width`.

`use_container_width` will be removed after 2025-12-31.

For `use_container_width=True`, use `width='stretch'`. For `use_container_width=False`, use `width='content'`.
2026-10-08 17:39:38.340 Please replace `use_container_width` with `width`.

`use_container_width` will be removed after 2025-12-31.

For `use_container_width=True`, use `width='stretch'`. For `use_container_width=False`, use `width='content'`.
2026-10-08 17:39:38.345 Please replace `use_container_width` with `width`.

`use_container_width` will be removed after 2025-12-31.

For `use_container_width=True`, use `width='stretch'`. For `use_container_width=False`, use `width='content'`.
2026-10-08 17:39:38.349 Please replace `use_container_width` with `width`.

`use_container_width` will be removed after 2025-12-31.

For `use_container_width=True`, use `width='stretch'`. For `use_container_width=False`, use `width='content'`.
2026-10-08 17:39:38.800 Please replace `use_container_width` with `width`.

`use_container_width` will be removed after 2025-12-31.

For `use_container_width=True`, use `width='stretch'`. For `use_container_width=False`, use `width='content'`.
2026-10-08 17:39:38.803 Please replace `use_container_width` with `width`.

`use_container_width` will be removed after 2025-12-31.

For `use_container_width=True`, use `width='stretch'`. For `use_container_width=False`, use `width='content'`.
2026-10-08 17:39:38.804 Please replace `use_container_width` with `width`.

`use_container_width` will be removed after 2025-12-31.

For `use_container_width=True`, use `width='stretch'`. For `use_container_width=False`, use `width='content'`.
2026-10-08 17:39:38.826 Please replace `use_container_width` with `width`.

`use_container_width` will be removed after 2025-12-31.

For `use_container_width=True`, use `width='stretch'`. For `use_container_width=False`, use `width='content'`.
2026-10-08 17:39:38.832 Please replace `use_container_width` with `width`.

`use_container_width` will be removed after 2025-12-31.

For `use_container_width=True`, use `width='stretch'`. For `use_container_width=False`, use `width='content'`.
2026-10-08 17:39:38.932 Please replace `use_container_width` with `width`.

`use_container_width` will be removed after 2025-12-31.

For `use_container_width=True`, use `width='stretch'`. For `use_container_width=False`, use `width='content'`.
2026-10-08 17:39:38.938 Please replace `use_container_width` with `width`.

`use_container_width` will be removed after 2025-12-31.

For `use_container_width=True`, use `width='stretch'`. For `use_container_width=False`, use `width='content'`.
2026-10-08 17:39:38.939 Please replace `use_container_width` with `width`.

`use_container_width` will be removed after 2025-12-31.

For `use_container_width=True`, use `width='stretch'`. For `use_container_width=False`, use `width='content'`.
2026-10-08 17:39:38.942 Please replace `use_container_width` with `width`.

`use_container_width` will be removed after 2025-12-31.

For `use_container_width=True`, use `width='stretch'`. For `use_container_width=False`, use `width='content'`.
2026-10-08 17:39:38.947 Please replace `use_container_width` with `width`.

`use_container_width` will be removed after 2025-12-31.

For `use_container_width=True`, use `width='stretch'`. For `use_container_width=False`, use `width='content'`.
2026-10-08 17:39:38.973 Please replace `use_container_width` with `width`.

`use_container_width` will be removed after 2025-12-31.

For `use_container_width=True`, use `width='stretch'`. For `use_container_width=False`, use `width='content'`.
2026-10-08 17:39:38.980 Please replace `use_container_width` with `width`.

`use_container_width` will be removed after 2025-12-31.

For `use_container_width=True`, use `width='stretch'`. For `use_container_width=False`, use `width='content'`.
2026-10-08 17:39:39.098 Please replace `use_container_width` with `width`.

`use_container_width` will be removed after 2025-12-31.

For `use_container_width=True`, use `width='stretch'`. For `use_container_width=False`, use `width='content'`.
2026-10-08 17:39:39.103 Please replace `use_container_width` with `width`.

`use_container_width` will be removed after 2025-12-31.

For `use_container_width=True`, use `width='stretch'`. For `use_container_width=False`, use `width='content'`.
2026-10-08 17:39:39.105 Please replace `use_container_width` with `width`.

`use_container_width` will be removed after 2025-12-31.

For `use_container_width=True`, use `width='stretch'`. For `use_container_width=False`, use `width='content'`.
2026-10-08 17:39:39.108 Please replace `use_container_width` with `width`.

`use_container_width` will be removed after 2025-12-31.

For `use_container_width=True`, use `width='stretch'`. For `use_container_width=False`, use `width='content'`.
2026-10-08 17:39:39.113 Please replace `use_container_width` with `width`.

`use_container_width` will be removed after 2025-12-31.

For `use_container_width=True`, use `width='stretch'`. For `use_container_width=False`, use `width='content'`.
2026-10-08 17:39:39.462 Please replace `use_container_width` with `width`.

`use_container_width` will be removed after 2025-12-31.

For `use_container_width=True`, use `width='stretch'`. For `use_container_width=False`, use `width='content'`.
2026-10-08 17:39:39.465 Please replace `use_container_width` with `width`.

`use_container_width` will be removed after 2025-12-31.

For `use_container_width=True`, use `width='stretch'`. For `use_container_width=False`, use `width='content'`.
2026-10-08 17:39:39.467 Please replace `use_container_width` with `width`.

`use_container_width` will be removed after 2025-12-31.

For `use_container_width=True`, use `width='stretch'`. For `use_container_width=False`, use `width='content'`.
2026-10-08 17:39:39.494 Please replace `use_container_width` with `width`.

`use_container_width` will be removed after 2025-12-31.

For `use_container_width=True`, use `width='stretch'`. For `use_container_width=False`, use `width='content'`.
2026-10-08 17:39:39.501 Please replace `use_container_width` with `width`.

`use_container_width` will be removed after 2025-12-31.

For `use_container_width=True`, use `width='stretch'`. For `use_container_width=False`, use `width='content'`.
2026-10-08 17:39:39.628 Please replace `use_container_width` with `width`.

`use_container_width` will be removed after 2025-12-31.

For `use_container_width=True`, use `width='stretch'`. For `use_container_width=False`, use `width='content'`.
2026-10-08 17:39:39.632 Please replace `use_container_width` with `width`.

`use_container_width` will be removed after 2025-12-31.

For `use_container_width=True`, use `width='stretch'`. For `use_container_width=False`, use `width='content'`.
2026-10-08 17:39:39.634 Please replace `use_container_width` with `width`.

`use_container_width` will be removed after 2025-12-31.

For `use_container_width=True`, use `width='stretch'`. For `use_container_width=False`, use `width='content'`.
2026-10-08 17:39:39.637 Please replace `use_container_width` with `width`.

`use_container_width` will be removed after 2025-12-31.

For `use_container_width=True`, use `width='stretch'`. For `use_container_width=False`, use `width='content'`.
2026-10-08 17:39:39.642 Please replace `use_container_width` with `width`.

`use_container_width` will be removed after 2025-12-31.

For `use_container_width=True`, use `width='stretch'`. For `use_container_width=False`, use `width='content'`.
2026-10-08 17:39:39.672 Please replace `use_container_width` with `width`.

`use_container_width` will be removed after 2025-12-31.

For `use_container_width=True`, use `width='stretch'`. For `use_container_width=False`, use `width='content'`.
2026-10-08 17:39:39.679 Please replace `use_container_width` with `width`.

`use_container_width` will be removed after 2025-12-31.

For `use_container_width=True`, use `width='stretch'`. For `use_container_width=False`, use `width='content'`.
2026-10-08 17:39:39.809 Please replace `use_container_width` with `width`.

`use_container_width` will be removed after 2025-12-31.

For `use_container_width=True`, use `width='stretch'`. For `use_container_width=False`, use `width='content'`.
2026-10-08 17:39:39.813 Please replace `use_container_width` with `width`.

`use_container_width` will be removed after 2025-12-31.

For `use_container_width=True`, use `width='stretch'`. For `use_container_width=False`, use `width='content'`.
2026-10-08 17:39:39.815 Please replace `use_container_width` with `width`.

`use_container_width` will be removed after 2025-12-31.

For `use_container_width=True`, use `width='stretch'`. For `use_container_width=False`, use `width='content'`.
2026-10-08 17:39:39.819 Please replace `use_container_width` with `width`.

`use_container_width` will be removed after 2025-12-31.

For `use_container_width=True`, use `width='stretch'`. For `use_container_width=False`, use `width='content'`.
2026-10-08 17:39:39.823 Please replace `use_container_width` with `width`.

`use_container_width` will be removed after 2025-12-31.

For `use_container_width=True`, use `width='stretch'`. For `use_container_width=False`, use `width='content'`.
2026-10-08 17:39:40.002 Please replace `use_container_width` with `width`.

`use_container_width` will be removed after 2025-12-31.

For `use_container_width=True`, use `width='stretch'`. For `use_container_width=False`, use `width='content'`.
2026-10-08 17:39:40.136 Please replace `use_container_width` with `width`.

`use_container_width` will be removed after 2025-12-31.

For `use_container_width=True`, use `width='stretch'`. For `use_container_width=False`, use `width='content'`.
2026-10-08 17:39:40.140 Please replace `use_container_width` with `width`.

`use_container_width` will be removed after 2025-12-31.

For `use_container_width=True`, use `width='stretch'`. For `use_container_width=False`, use `width='content'`.
2026-10-08 17:39:40.144 Please replace `use_container_width` with `width`.

`use_container_width` will be removed after 2025-12-31.

For `use_container_width=True`, use `width='stretch'`. For `use_container_width=False`, use `width='content'`.
2026-10-08 17:39:40.146 Please replace `use_container_width` with `width`.

`use_container_width` will be removed after 2025-12-31.

For `use_container_width=True`, use `width='stretch'`. For `use_container_width=False`, use `width='content'`.
2026-10-08 17:39:40.149 Please replace `use_container_width` with `width`.

`use_container_width` will be removed after 2025-12-31.

For `use_container_width=True`, use `width='stretch'`. For `use_container_width=False`, use `width='content'`.
2026-10-08 17:39:40.153 Please replace `use_container_width` with `width`.

`use_container_width` will be removed after 2025-12-31.

For `use_container_width=True`, use `width='stretch'`. For `use_container_width=False`, use `width='content'`.
2026-10-08 17:39:40.549 Please replace `use_container_width` with `width`.

`use_container_width` will be removed after 2025-12-31.

For `use_container_width=True`, use `width='stretch'`. For `use_container_width=False`, use `width='content'`.
2026-10-08 17:39:40.551 Please replace `use_container_width` with `width`.

`use_container_width` will be removed after 2025-12-31.

For `use_container_width=True`, use `width='stretch'`. For `use_container_width=False`, use `width='content'`.
2026-10-08 17:39:40.552 Please replace `use_container_width` with `width`.

`use_container_width` will be removed after 2025-12-31.

For `use_container_width=True`, use `width='stretch'`. For `use_container_width=False`, use `width='content'`.
2026-10-08 17:39:40.569 Please replace `use_container_width` with `width`.

`use_container_width` will be removed after 2025-12-31.

For `use_container_width=True`, use `width='stretch'`. For `use_container_width=False`, use `width='content'`.
2026-10-08 17:39:40.573 Please replace `use_container_width` with `width`.

`use_container_width` will be removed after 2025-12-31.

For `use_container_width=True`, use `width='stretch'`. For `use_container_width=False`, use `width='content'`.
2026-10-08 17:39:40.652 Please replace `use_container_width` with `width`.

`use_container_width` will be removed after 2025-12-31.

For `use_container_width=True`, use `width='stretch'`. For `use_container_width=False`, use `width='content'`.
2026-10-08 17:39:40.655 Please replace `use_container_width` with `width`.

`use_container_width` will be removed after 2025-12-31.

For `use_container_width=True`, use `width='stretch'`. For `use_container_width=False`, use `width='content'`.
2026-10-08 17:39:40.657 Please replace `use_container_width` with `width`.

`use_container_width` will be removed after 2025-12-31.

For `use_container_width=True`, use `width='stretch'`. For `use_container_width=False`, use `width='content'`.
2026-10-08 17:39:40.659 Please replace `use_container_width` with `width`.

`use_container_width` will be removed after 2025-12-31.

For `use_container_width=True`, use `width='stretch'`. For `use_container_width=False`, use `width='content'`.
2026-10-08 17:39:40.662 Please replace `use_container_width` with `width`.

`use_container_width` will be removed after 2025-12-31.

For `use_container_width=True`, use `width='stretch'`. For `use_container_width=False`, use `width='content'`.
2026-10-08 17:39:40.684 Please replace `use_container_width` with `width`.

`use_container_width` will be removed after 2025-12-31.

For `use_container_width=True`, use `width='stretch'`. For `use_container_width=False`, use `width='content'`.
2026-10-08 17:39:40.688 Please replace `use_container_width` with `width`.

`use_container_width` will be removed after 2025-12-31.

For `use_container_width=True`, use `width='stretch'`. For `use_container_width=False`, use `width='content'`.
2026-10-08 17:39:40.767 Please replace `use_container_width` with `width`.

`use_container_width` will be removed after 2025-12-31.

For `use_container_width=True`, use `width='stretch'`. For `use_container_width=False`, use `width='content'`.
2026-10-08 17:39:40.771 Please replace `use_container_width` with `width`.

`use_container_width` will be removed after 2025-12-31.

For `use_container_width=True`, use `width='stretch'`. For `use_container_width=False`, use `width='content'`.
2026-10-08 17:39:40.772 Please replace `use_container_width` with `width`.

`use_container_width` will be removed after 2025-12-31.

For `use_container_width=True`, use `width='stretch'`. For `use_container_width=False`, use `width='content'`.
2026-10-08 17:39:40.775 Please replace `use_container_width` with `width`.

`use_container_width` will be removed after 2025-12-31.

For `use_container_width=True`, use `width='stretch'`. For `use_container_width=False`, use `width='content'`.
2026-10-08 17:39:40.778 Please replace `use_container_width` with `width`.

`use_container_width` will be removed after 2025-12-31.

For `use_container_width=True`, use `width='stretch'`. For `use_container_width=False`, use `width='content'`.
2026-10-08 17:39:41.188 Please replace `use_container_width` with `width`.

`use_container_width` will be removed after 2025-12-31.

For `use_container_width=True`, use `width='stretch'`. For `use_container_width=False`, use `width='content'`.
2026-10-08 17:39:41.222 Please replace `use_container_width` with `width`.

`use_container_width` will be removed after 2025-12-31.

For `use_container_width=True`, use `width='stretch'`. For `use_container_width=False`, use `width='content'`.
2026-10-08 17:39:41.224 Please replace `use_container_width` with `width`.

`use_container_width` will be removed after 2025-12-31.

For `use_container_width=True`, use `width='stretch'`. For `use_container_width=False`, use `width='content'`.
2026-10-08 17:39:41.225 Please replace `use_container_width` with `width`.

`use_container_width` will be removed after 2025-12-31.

For `use_container_width=True`, use `width='stretch'`. For `use_container_width=False`, use `width='content'`.
2026-10-08 17:39:41.649 Please replace `use_container_width` with `width`.

`use_container_width` will be removed after 2025-12-31.

For `use_container_width=True`, use `width='stretch'`. For `use_container_width=False`, use `width='content'`.
2026-10-08 17:39:42.274 Please replace `use_container_width` with `width`.

`use_container_width` will be removed after 2025-12-31.

For `use_container_width=True`, use `width='stretch'`. For `use_container_width=False`, use `width='content'`.
2026-10-08 17:39:42.277 Please replace `use_container_width` with `width`.

`use_container_width` will be removed after 2025-12-31.

For `use_container_width=True`, use `width='stretch'`. For `use_container_width=False`, use `width='content'`.
2026-10-08 17:39:42.278 Please replace `use_container_width` with `width`.

`use_container_width` will be removed after 2025-12-31.

For `use_container_width=True`, use `width='stretch'`. For `use_container_width=False`, use `width='content'`.
2026-10-08 17:39:42.322 Please replace `use_container_width` with `width`.

`use_container_width` will be removed after 2025-12-31.

For `use_container_width=True`, use `width='stretch'`. For `use_container_width=False`, use `width='content'`.
2026-10-08 17:39:42.342 Please replace `use_container_width` with `width`.

`use_container_width` will be removed after 2025-12-31.

For `use_container_width=True`, use `width='stretch'`. For `use_container_width=False`, use `width='content'`.
2026-10-08 17:39:42.357 Please replace `use_container_width` with `width`.

`use_container_width` will be removed after 2025-12-31.

For `use_container_width=True`, use `width='stretch'`. For `use_container_width=False`, use `width='content'`.
2026-10-08 17:39:42.358 Please replace `use_container_width` with `width`.

`use_container_width` will be removed after 2025-12-31.

For `use_container_width=True`, use `width='stretch'`. For `use_container_width=False`, use `width='content'`.
2026-10-08 17:39:42.481 Please replace `use_container_width` with `width`.

`use_container_width` will be removed after 2025-12-31.

For `use_container_width=True`, use `width='stretch'`. For `use_container_width=False`, use `width='content'`.
2026-10-08 17:39:42.516 Please replace `use_container_width` with `width`.

`use_container_width` will be removed after 2025-12-31.

For `use_container_width=True`, use `width='stretch'`. For `use_container_width=False`, use `width='content'`.
2026-10-08 17:39:42.528 Please replace `use_container_width` with `width`.

`use_container_width` will be removed after 2025-12-31.

For `use_container_width=True`, use `width='stretch'`. For `use_container_width=False`, use `width='content'`.
2026-10-08 17:39:42.542 Please replace `use_container_width` with `width`.

`use_container_width` will be removed after 2025-12-31.

For `use_container_width=True`, use `width='stretch'`. For `use_container_width=False`, use `width='content'`.
2026-10-08 17:39:42.543 Please replace `use_container_width` with `width`.

`use_container_width` will be removed after 2025-12-31.

For `use_container_width=True`, use `width='stretch'`. For `use_container_width=False`, use `width='content'`.
2026-10-08 17:39:42.627 Please replace `use_container_width` with `width`.

`use_container_width` will be removed after 2025-12-31.

For `use_container_width=True`, use `width='stretch'`. For `use_container_width=False`, use `width='content'`.
2026-10-08 17:39:42.969 Please replace `use_container_width` with `width`.

`use_container_width` will be removed after 2025-12-31.

For `use_container_width=True`, use `width='stretch'`. For `use_container_width=False`, use `width='content'`.
2026-10-08 17:39:43.024 Please replace `use_container_width` with `width`.

`use_container_width` will be removed after 2025-12-31.

For `use_container_width=True`, use `width='stretch'`. For `use_container_width=False`, use `width='content'`.
2026-10-08 17:39:43.026 Please replace `use_container_width` with `width`.

`use_container_width` will be removed after 2025-12-31.

For `use_container_width=True`, use `width='stretch'`. For `use_container_width=False`, use `width='content'`.
2026-10-08 17:39:43.027 Please replace `use_container_width` with `width`.

`use_container_width` will be removed after 2025-12-31.

For `use_container_width=True`, use `width='stretch'`. For `use_container_width=False`, use `width='content'`.
2026-10-08 17:39:43.067 Please replace `use_container_width` with `width`.

`use_container_width` will be removed after 2025-12-31.

For `use_container_width=True`, use `width='stretch'`. For `use_container_width=False`, use `width='content'`.
2026-10-08 17:39:43.081 Please replace `use_container_width` with `width`.

`use_container_width` will be removed after 2025-12-31.

For `use_container_width=True`, use `width='stretch'`. For `use_container_width=False`, use `width='content'`.
2026-10-08 17:39:43.098 Please replace `use_container_width` with `width`.

`use_container_width` will be removed after 2025-12-31.

For `use_container_width=True`, use `width='stretch'`. For `use_container_width=False`, use `width='content'`.
2026-10-08 17:39:43.100 Please replace `use_container_width` with `width`.

`use_container_width` will be removed after 2025-12-31.

For `use_container_width=True`, use `width='stretch'`. For `use_container_width=False`, use `width='content'`.
2026-10-08 17:39:43.190 Please replace `use_container_width` with `width`.

`use_container_width` will be removed after 2025-12-31.

For `use_container_width=True`, use `width='stretch'`. For `use_container_width=False`, use `width='content'`.
2026-10-08 17:39:43.223 Please replace `use_container_width` with `width`.

`use_container_width` will be removed after 2025-12-31.

For `use_container_width=True`, use `width='stretch'`. For `use_container_width=False`, use `width='content'`.
2026-10-08 17:39:43.237 Please replace `use_container_width` with `width`.

`use_container_width` will be removed after 2025-12-31.

For `use_container_width=True`, use `width='stretch'`. For `use_container_width=False`, use `width='content'`.
2026-10-08 17:39:43.252 Please replace `use_container_width` with `width`.

`use_container_width` will be removed after 2025-12-31.

For `use_container_width=True`, use `width='stretch'`. For `use_container_width=False`, use `width='content'`.
2026-10-08 17:39:43.253 Please replace `use_container_width` with `width`.

`use_container_width` will be removed after 2025-12-31.

For `use_container_width=True`, use `width='stretch'`. For `use_container_width=False`, use `width='content'`.
2026-10-08 17:39:43.341 Please replace `use_container_width` with `width`.

`use_container_width` will be removed after 2025-12-31.

For `use_container_width=True`, use `width='stretch'`. For `use_container_width=False`, use `width='content'`.
2026-10-08 17:39:43.796 Please replace `use_container_width` with `width`.

`use_container_width` will be removed after 2025-12-31.

For `use_container_width=True`, use `width='stretch'`. For `use_container_width=False`, use `width='content'`.
2026-10-08 17:39:43.841 Please replace `use_container_width` with `width`.

`use_container_width` will be removed after 2025-12-31.

For `use_container_width=True`, use `width='stretch'`. For `use_container_width=False`, use `width='content'`.
2026-10-08 17:39:43.842 Please replace `use_container_width` with `width`.

`use_container_width` will be removed after 2025-12-31.

For `use_container_width=True`, use `width='stretch'`. For `use_container_width=False`, use `width='content'`.
2026-10-08 17:39:43.843 Please replace `use_container_width` with `width`.

`use_container_width` will be removed after 2025-12-31.

For `use_container_width=True`, use `width='stretch'`. For `use_container_width=False`, use `width='content'`.
2026-10-08 17:39:43.872 Please replace `use_container_width` with `width`.

`use_container_width` will be removed after 2025-12-31.

For `use_container_width=True`, use `width='stretch'`. For `use_container_width=False`, use `width='content'`.
2026-10-08 17:39:43.886 Please replace `use_container_width` with `width`.

`use_container_width` will be removed after 2025-12-31.

For `use_container_width=True`, use `width='stretch'`. For `use_container_width=False`, use `width='content'`.
2026-10-08 17:39:43.901 Please replace `use_container_width` with `width`.

`use_container_width` will be removed after 2025-12-31.

For `use_container_width=True`, use `width='stretch'`. For `use_container_width=False`, use `width='content'`.
2026-10-08 17:39:43.902 Please replace `use_container_width` with `width`.

`use_container_width` will be removed after 2025-12-31.

For `use_container_width=True`, use `width='stretch'`. For `use_container_width=False`, use `width='content'`.
2026-10-08 17:39:43.981 Please replace `use_container_width` with `width`.

`use_container_width` will be removed after 2025-12-31.

For `use_container_width=True`, use `width='stretch'`. For `use_container_width=False`, use `width='content'`.
2026-10-08 17:39:44.023 Please replace `use_container_width` with `width`.

`use_container_width` will be removed after 2025-12-31.

For `use_container_width=True`, use `width='stretch'`. For `use_container_width=False`, use `width='content'`.
2026-10-08 17:39:44.037 Please replace `use_container_width` with `width`.

`use_container_width` will be removed after 2025-12-31.

For `use_container_width=True`, use `width='stretch'`. For `use_container_width=False`, use `width='content'`.
2026-10-08 17:39:44.054 Please replace `use_container_width` with `width`.

`use_container_width` will be removed after 2025-12-31.

For `use_container_width=True`, use `width='stretch'`. For `use_container_width=False`, use `width='content'`.
2026-10-08 17:39:44.055 Please replace `use_container_width` with `width`.

`use_container_width` will be removed after 2025-12-31.

For `use_container_width=True`, use `width='stretch'`. For `use_container_width=False`, use `width='content'`.
2026-10-08 17:39:44.306 Please replace `use_container_width` with `width`.

`use_container_width` will be removed after 2025-12-31.

For `use_container_width=True`, use `width='stretch'`. For `use_container_width=False`, use `width='content'`.
2026-10-08 17:39:44.678 Please replace `use_container_width` with `width`.

`use_container_width` will be removed after 2025-12-31.

For `use_container_width=True`, use `width='stretch'`. For `use_container_width=False`, use `width='content'`.
2026-10-08 17:39:44.729 Please replace `use_container_width` with `width`.

`use_container_width` will be removed after 2025-12-31.

For `use_container_width=True`, use `width='stretch'`. For `use_container_width=False`, use `width='content'`.
2026-10-08 17:39:44.732 Please replace `use_container_width` with `width`.

`use_container_width` will be removed after 2025-12-31.

For `use_container_width=True`, use `width='stretch'`. For `use_container_width=False`, use `width='content'`.
2026-10-08 17:39:44.733 Please replace `use_container_width` with `width`.

`use_container_width` will be removed after 2025-12-31.

For `use_container_width=True`, use `width='stretch'`. For `use_container_width=False`, use `width='content'`.
2026-10-08 17:39:44.765 Please replace `use_container_width` with `width`.

`use_container_width` will be removed after 2025-12-31.

For `use_container_width=True`, use `width='stretch'`. For `use_container_width=False`, use `width='content'`.
2026-10-08 17:39:44.780 Please replace `use_container_width` with `width`.

`use_container_width` will be removed after 2025-12-31.

For `use_container_width=True`, use `width='stretch'`. For `use_container_width=False`, use `width='content'`.
2026-10-08 17:39:44.796 Please replace `use_container_width` with `width`.

`use_container_width` will be removed after 2025-12-31.

For `use_container_width=True`, use `width='stretch'`. For `use_container_width=False`, use `width='content'`.
2026-10-08 17:39:44.798 Please replace `use_container_width` with `width`.

`use_container_width` will be removed after 2025-12-31.

For `use_container_width=True`, use `width='stretch'`. For `use_container_width=False`, use `width='content'`.
2026-10-08 17:39:44.883 Please replace `use_container_width` with `width`.

`use_container_width` will be removed after 2025-12-31.

For `use_container_width=True`, use `width='stretch'`. For `use_container_width=False`, use `width='content'`.
2026-10-08 17:39:44.925 Please replace `use_container_width` with `width`.

`use_container_width` will be removed after 2025-12-31.

For `use_container_width=True`, use `width='stretch'`. For `use_container_width=False`, use `width='content'`.
2026-10-08 17:39:44.942 Please replace `use_container_width` with `width`.

`use_container_width` will be removed after 2025-12-31.

For `use_container_width=True`, use `width='stretch'`. For `use_container_width=False`, use `width='content'`.
2026-10-08 17:39:44.957 Please replace `use_container_width` with `width`.

`use_container_width` will be removed after 2025-12-31.

For `use_container_width=True`, use `width='stretch'`. For `use_container_width=False`, use `width='content'`.
2026-10-08 17:39:44.959 Please replace `use_container_width` with `width`.

`use_container_width` will be removed after 2025-12-31.

For `use_container_width=True`, use `width='stretch'`. For `use_container_width=False`, use `width='content'`.
2026-10-08 17:39:45.044 Please replace `use_container_width` with `width`.

`use_container_width` will be removed after 2025-12-31.

For `use_container_width=True`, use `width='stretch'`. For `use_container_width=False`, use `width='content'`.
2026-10-08 17:39:45.078 Please replace `use_container_width` with `width`.

`use_container_width` will be removed after 2025-12-31.

For `use_container_width=True`, use `width='stretch'`. For `use_container_width=False`, use `width='content'`.
2026-10-08 17:39:45.081 Please replace `use_container_width` with `width`.

`use_container_width` will be removed after 2025-12-31.

For `use_container_width=True`, use `width='stretch'`. For `use_container_width=False`, use `width='content'`.
2026-10-08 17:39:45.205 Please replace `use_container_width` with `width`.

`use_container_width` will be removed after 2025-12-31.

For `use_container_width=True`, use `width='stretch'`. For `use_container_width=False`, use `width='content'`.
2026-10-08 17:39:45.225 Please replace `use_container_width` with `width`.

`use_container_width` will be removed after 2025-12-31.

For `use_container_width=True`, use `width='stretch'`. For `use_container_width=False`, use `width='content'`.
2026-10-08 17:39:45.233 Please replace `use_container_width` with `width`.

`use_container_width` will be removed after 2025-12-31.

For `use_container_width=True`, use `width='stretch'`. For `use_container_width=False`, use `width='content'`.
2026-10-08 17:39:45.602 Please replace `use_container_width` with `width`.

`use_container_width` will be removed after 2025-12-31.

For `use_container_width=True`, use `width='stretch'`. For `use_container_width=False`, use `width='content'`.
2026-10-08 17:39:45.654 Please replace `use_container_width` with `width`.

`use_container_width` will be removed after 2025-12-31.

For `use_container_width=True`, use `width='stretch'`. For `use_container_width=False`, use `width='content'`.
2026-10-08 17:39:45.656 Please replace `use_container_width` with `width`.

`use_container_width` will be removed after 2025-12-31.

For `use_container_width=True`, use `width='stretch'`. For `use_container_width=False`, use `width='content'`.
2026-10-08 17:39:45.657 Please replace `use_container_width` with `width`.

`use_container_width` will be removed after 2025-12-31.

For `use_container_width=True`, use `width='stretch'`. For `use_container_width=False`, use `width='content'`.
2026-10-08 17:39:45.689 Please replace `use_container_width` with `width`.

`use_container_width` will be removed after 2025-12-31.

For `use_container_width=True`, use `width='stretch'`. For `use_container_width=False`, use `width='content'`.
2026-10-08 17:39:45.704 Please replace `use_container_width` with `width`.

`use_container_width` will be removed after 2025-12-31.

For `use_container_width=True`, use `width='stretch'`. For `use_container_width=False`, use `width='content'`.
2026-10-08 17:39:45.720 Please replace `use_container_width` with `width`.

`use_container_width` will be removed after 2025-12-31.

For `use_container_width=True`, use `width='stretch'`. For `use_container_width=False`, use `width='content'`.
2026-10-08 17:39:45.721 Please replace `use_container_width` with `width`.

`use_container_width` will be removed after 2025-12-31.

For `use_container_width=True`, use `width='stretch'`. For `use_container_width=False`, use `width='content'`.
2026-10-08 17:39:45.832 Please replace `use_container_width` with `width`.

`use_container_width` will be removed after 2025-12-31.

For `use_container_width=True`, use `width='stretch'`. For `use_container_width=False`, use `width='content'`.
2026-10-08 17:39:45.871 Please replace `use_container_width` with `width`.

`use_container_width` will be removed after 2025-12-31.

For `use_container_width=True`, use `width='stretch'`. For `use_container_width=False`, use `width='content'`.
2026-10-08 17:39:45.886 Please replace `use_container_width` with `width`.

`use_container_width` will be removed after 2025-12-31.

For `use_container_width=True`, use `width='stretch'`. For `use_container_width=False`, use `width='content'`.
2026-10-08 17:39:45.914 Please replace `use_container_width` with `width`.

`use_container_width` will be removed after 2025-12-31.

For `use_container_width=True`, use `width='stretch'`. For `use_container_width=False`, use `width='content'`.
2026-10-08 17:39:45.916 Please replace `use_container_width` with `width`.

`use_container_width` will be removed after 2025-12-31.

For `use_container_width=True`, use `width='stretch'`. For `use_container_width=False`, use `width='content'`.
2026-10-08 17:39:46.022 Please replace `use_container_width` with `width`.

`use_container_width` will be removed after 2025-12-31.

For `use_container_width=True`, use `width='stretch'`. For `use_container_width=False`, use `width='content'`.
2026-10-08 17:39:46.451 Please replace `use_container_width` with `width`.

`use_container_width` will be removed after 2025-12-31.

For `use_container_width=True`, use `width='stretch'`. For `use_container_width=False`, use `width='content'`.
2026-10-08 17:39:46.485 Please replace `use_container_width` with `width`.

`use_container_width` will be removed after 2025-12-31.

For `use_container_width=True`, use `width='stretch'`. For `use_container_width=False`, use `width='content'`.
2026-10-08 17:39:46.487 Please replace `use_container_width` with `width`.

`use_container_width` will be removed after 2025-12-31.

For `use_container_width=True`, use `width='stretch'`. For `use_container_width=False`, use `width='content'`.
2026-10-08 17:39:46.488 Please replace `use_container_width` with `width`.

`use_container_width` will be removed after 2025-12-31.

For `use_container_width=True`, use `width='stretch'`. For `use_container_width=False`, use `width='content'`.
2026-10-08 17:39:46.916 Please replace `use_container_width` with `width`.

`use_container_width` will be removed after 2025-12-31.

For `use_container_width=True`, use `width='stretch'`. For `use_container_width=False`, use `width='content'`.
2026-10-08 17:39:47.258 Please replace `use_container_width` with `width`.

`use_container_width` will be removed after 2025-12-31.

For `use_container_width=True`, use `width='stretch'`. For `use_container_width=False`, use `width='content'`.
2026-10-08 17:39:47.260 Please replace `use_container_width` with `width`.

`use_container_width` will be removed after 2025-12-31.

For `use_container_width=True`, use `width='stretch'`. For `use_container_width=False`, use `width='content'`.
2026-10-08 17:39:47.261 Please replace `use_container_width` with `width`.

`use_container_width` will be removed after 2025-12-31.

For `use_container_width=True`, use `width='stretch'`. For `use_container_width=False`, use `width='content'`.
2026-10-08 17:39:47.299 Please replace `use_container_width` with `width`.

`use_container_width` will be removed after 2025-12-31.

For `use_container_width=True`, use `width='stretch'`. For `use_container_width=False`, use `width='content'`.
2026-10-08 17:39:47.313 Please replace `use_container_width` with `width`.

`use_container_width` will be removed after 2025-12-31.

For `use_container_width=True`, use `width='stretch'`. For `use_container_width=False`, use `width='content'`.
2026-10-08 17:39:47.331 Please replace `use_container_width` with `width`.

`use_container_width` will be removed after 2025-12-31.

For `use_container_width=True`, use `width='stretch'`. For `use_container_width=False`, use `width='content'`.
2026-10-08 17:39:47.333 Please replace `use_container_width` with `width`.

`use_container_width` will be removed after 2025-12-31.

For `use_container_width=True`, use `width='stretch'`. For `use_container_width=False`, use `width='content'`.
2026-10-08 17:39:47.490 Please replace `use_container_width` with `width`.

`use_container_width` will be removed after 2025-12-31.

For `use_container_width=True`, use `width='stretch'`. For `use_container_width=False`, use `width='content'`.
2026-10-08 17:39:47.560 Please replace `use_container_width` with `width`.

`use_container_width` will be removed after 2025-12-31.

For `use_container_width=True`, use `width='stretch'`. For `use_container_width=False`, use `width='content'`.
2026-10-08 17:39:47.607 Please replace `use_container_width` with `width`.

`use_container_width` will be removed after 2025-12-31.

For `use_container_width=True`, use `width='stretch'`. For `use_container_width=False`, use `width='content'`.
2026-10-08 17:39:47.617 Please replace `use_container_width` with `width`.

`use_container_width` will be removed after 2025-12-31.

For `use_container_width=True`, use `width='stretch'`. For `use_container_width=False`, use `width='content'`.
2026-10-08 17:39:47.636 Please replace `use_container_width` with `width`.

`use_container_width` will be removed after 2025-12-31.

For `use_container_width=True`, use `width='stretch'`. For `use_container_width=False`, use `width='content'`.
2026-10-08 17:39:47.638 Please replace `use_container_width` with `width`.

`use_container_width` will be removed after 2025-12-31.

For `use_container_width=True`, use `width='stretch'`. For `use_container_width=False`, use `width='content'`.
2026-10-08 17:39:47.772 Please replace `use_container_width` with `width`.

`use_container_width` will be removed after 2025-12-31.

For `use_container_width=True`, use `width='stretch'`. For `use_container_width=False`, use `width='content'`.
2026-10-08 17:39:47.844 Please replace `use_container_width` with `width`.

`use_container_width` will be removed after 2025-12-31.

For `use_container_width=True`, use `width='stretch'`. For `use_container_width=False`, use `width='content'`.
2026-10-08 17:39:48.244 Please replace `use_container_width` with `width`.

`use_container_width` will be removed after 2025-12-31.

For `use_container_width=True`, use `width='stretch'`. For `use_container_width=False`, use `width='content'`.
2026-10-08 17:39:48.301 Please replace `use_container_width` with `width`.

`use_container_width` will be removed after 2025-12-31.

For `use_container_width=True`, use `width='stretch'`. For `use_container_width=False`, use `width='content'`.
2026-10-08 17:39:48.303 Please replace `use_container_width` with `width`.

`use_container_width` will be removed after 2025-12-31.

For `use_container_width=True`, use `width='stretch'`. For `use_container_width=False`, use `width='content'`.
2026-10-08 17:39:48.304 Please replace `use_container_width` with `width`.

`use_container_width` will be removed after 2025-12-31.

For `use_container_width=True`, use `width='stretch'`. For `use_container_width=False`, use `width='content'`.
2026-10-08 17:39:48.336 Please replace `use_container_width` with `width`.

`use_container_width` will be removed after 2025-12-31.

For `use_container_width=True`, use `width='stretch'`. For `use_container_width=False`, use `width='content'`.
2026-10-08 17:39:48.343 Please replace `use_container_width` with `width`.

`use_container_width` will be removed after 2025-12-31.

For `use_container_width=True`, use `width='stretch'`. For `use_container_width=False`, use `width='content'`.
2026-10-08 17:39:48.355 Please replace `use_container_width` with `width`.

`use_container_width` will be removed after 2025-12-31.

For `use_container_width=True`, use `width='stretch'`. For `use_container_width=False`, use `width='content'`.
2026-10-08 17:39:48.356 Please replace `use_container_width` with `width`.

`use_container_width` will be removed after 2025-12-31.

For `use_container_width=True`, use `width='stretch'`. For `use_container_width=False`, use `width='content'`.
2026-10-08 17:39:48.472 Please replace `use_container_width` with `width`.

`use_container_width` will be removed after 2025-12-31.

For `use_container_width=True`, use `width='stretch'`. For `use_container_width=False`, use `width='content'`.
2026-10-08 17:39:48.544 Please replace `use_container_width` with `width`.

`use_container_width` will be removed after 2025-12-31.

For `use_container_width=True`, use `width='stretch'`. For `use_container_width=False`, use `width='content'`.
2026-10-08 17:39:48.594 Please replace `use_container_width` with `width`.

`use_container_width` will be removed after 2025-12-31.

For `use_container_width=True`, use `width='stretch'`. For `use_container_width=False`, use `width='content'`.
2026-10-08 17:39:48.605 Please replace `use_container_width` with `width`.

`use_container_width` will be removed after 2025-12-31.

For `use_container_width=True`, use `width='stretch'`. For `use_container_width=False`, use `width='content'`.
2026-10-08 17:39:48.620 Please replace `use_container_width` with `width`.

`use_container_width` will be removed after 2025-12-31.

For `use_container_width=True`, use `width='stretch'`. For `use_container_width=False`, use `width='content'`.
2026-10-08 17:39:48.622 Please replace `use_container_width` with `width`.

`use_container_width` will be removed after 2025-12-31.

For `use_container_width=True`, use `width='stretch'`. For `use_container_width=False`, use `width='content'`.
2026-10-08 17:39:48.765 Please replace `use_container_width` with `width`.

`use_container_width` will be removed after 2025-12-31.

For `use_container_width=True`, use `width='stretch'`. For `use_container_width=False`, use `width='content'`.
2026-10-08 17:39:48.852 Please replace `use_container_width` with `width`.

`use_container_width` will be removed after 2025-12-31.

For `use_container_width=True`, use `width='stretch'`. For `use_container_width=False`, use `width='content'`.
2026-10-08 17:39:49.230 Please replace `use_container_width` with `width`.

`use_container_width` will be removed after 2025-12-31.

For `use_container_width=True`, use `width='stretch'`. For `use_container_width=False`, use `width='content'`.
2026-10-08 17:39:49.284 Please replace `use_container_width` with `width`.

`use_container_width` will be removed after 2025-12-31.

For `use_container_width=True`, use `width='stretch'`. For `use_container_width=False`, use `width='content'`.
2026-10-08 17:39:49.286 Please replace `use_container_width` with `width`.

`use_container_width` will be removed after 2025-12-31.

For `use_container_width=True`, use `width='stretch'`. For `use_container_width=False`, use `width='content'`.
2026-10-08 17:39:49.288 Please replace `use_container_width` with `width`.

`use_container_width` will be removed after 2025-12-31.

For `use_container_width=True`, use `width='stretch'`. For `use_container_width=False`, use `width='content'`.
2026-10-08 17:39:49.324 Please replace `use_container_width` with `width`.

`use_container_width` will be removed after 2025-12-31.

For `use_container_width=True`, use `width='stretch'`. For `use_container_width=False`, use `width='content'`.
2026-10-08 17:39:49.331 Please replace `use_container_width` with `width`.

`use_container_width` will be removed after 2025-12-31.

For `use_container_width=True`, use `width='stretch'`. For `use_container_width=False`, use `width='content'`.
2026-10-08 17:39:49.343 Please replace `use_container_width` with `width`.

`use_container_width` will be removed after 2025-12-31.

For `use_container_width=True`, use `width='stretch'`. For `use_container_width=False`, use `width='content'`.
2026-10-08 17:39:49.345 Please replace `use_container_width` with `width`.

`use_container_width` will be removed after 2025-12-31.

For `use_container_width=True`, use `width='stretch'`. For `use_container_width=False`, use `width='content'`.
2026-10-08 17:39:49.504 Please replace `use_container_width` with `width`.

`use_container_width` will be removed after 2025-12-31.

For `use_container_width=True`, use `width='stretch'`. For `use_container_width=False`, use `width='content'`.
2026-10-08 17:39:49.579 Please replace `use_container_width` with `width`.

`use_container_width` will be removed after 2025-12-31.

For `use_container_width=True`, use `width='stretch'`. For `use_container_width=False`, use `width='content'`.
2026-10-08 17:39:49.628 Please replace `use_container_width` with `width`.

`use_container_width` will be removed after 2025-12-31.

For `use_container_width=True`, use `width='stretch'`. For `use_container_width=False`, use `width='content'`.
2026-10-08 17:39:49.634 Please replace `use_container_width` with `width`.

`use_container_width` will be removed after 2025-12-31.

For `use_container_width=True`, use `width='stretch'`. For `use_container_width=False`, use `width='content'`.
2026-10-08 17:39:49.646 Please replace `use_container_width` with `width`.

`use_container_width` will be removed after 2025-12-31.

For `use_container_width=True`, use `width='stretch'`. For `use_container_width=False`, use `width='content'`.
2026-10-08 17:39:49.648 Please replace `use_container_width` with `width`.

`use_container_width` will be removed after 2025-12-31.

For `use_container_width=True`, use `width='stretch'`. For `use_container_width=False`, use `width='content'`.
2026-10-08 17:39:49.762 Please replace `use_container_width` with `width`.

`use_container_width` will be removed after 2025-12-31.

For `use_container_width=True`, use `width='stretch'`. For `use_container_width=False`, use `width='content'`.
2026-10-08 17:39:49.820 Please replace `use_container_width` with `width`.

`use_container_width` will be removed after 2025-12-31.

For `use_container_width=True`, use `width='stretch'`. For `use_container_width=False`, use `width='content'`.
2026-10-08 17:39:50.355 Please replace `use_container_width` with `width`.

`use_container_width` will be removed after 2025-12-31.

For `use_container_width=True`, use `width='stretch'`. For `use_container_width=False`, use `width='content'`.
2026-10-08 17:39:50.416 Please replace `use_container_width` with `width`.

`use_container_width` will be removed after 2025-12-31.

For `use_container_width=True`, use `width='stretch'`. For `use_container_width=False`, use `width='content'`.
2026-10-08 17:39:50.418 Please replace `use_container_width` with `width`.

`use_container_width` will be removed after 2025-12-31.

For `use_container_width=True`, use `width='stretch'`. For `use_container_width=False`, use `width='content'`.
2026-10-08 17:39:50.419 Please replace `use_container_width` with `width`.

`use_container_width` will be removed after 2025-12-31.

For `use_container_width=True`, use `width='stretch'`. For `use_container_width=False`, use `width='content'`.
2026-10-08 17:39:50.456 Please replace `use_container_width` with `width`.

`use_container_width` will be removed after 2025-12-31.

For `use_container_width=True`, use `width='stretch'`. For `use_container_width=False`, use `width='content'`.
2026-10-08 17:39:50.464 Please replace `use_container_width` with `width`.

`use_container_width` will be removed after 2025-12-31.

For `use_container_width=True`, use `width='stretch'`. For `use_container_width=False`, use `width='content'`.
2026-10-08 17:39:50.478 Please replace `use_container_width` with `width`.

`use_container_width` will be removed after 2025-12-31.

For `use_container_width=True`, use `width='stretch'`. For `use_container_width=False`, use `width='content'`.
2026-10-08 17:39:50.481 Please replace `use_container_width` with `width`.

`use_container_width` will be removed after 2025-12-31.

For `use_container_width=True`, use `width='stretch'`. For `use_container_width=False`, use `width='content'`.
2026-10-08 17:39:50.618 Please replace `use_container_width` with `width`.

`use_container_width` will be removed after 2025-12-31.

For `use_container_width=True`, use `width='stretch'`. For `use_container_width=False`, use `width='content'`.
2026-10-08 17:39:50.714 Please replace `use_container_width` with `width`.

`use_container_width` will be removed after 2025-12-31.

For `use_container_width=True`, use `width='stretch'`. For `use_container_width=False`, use `width='content'`.
2026-10-08 17:39:50.769 Please replace `use_container_width` with `width`.

`use_container_width` will be removed after 2025-12-31.

For `use_container_width=True`, use `width='stretch'`. For `use_container_width=False`, use `width='content'`.
2026-10-08 17:39:50.780 Please replace `use_container_width` with `width`.

`use_container_width` will be removed after 2025-12-31.

For `use_container_width=True`, use `width='stretch'`. For `use_container_width=False`, use `width='content'`.
2026-10-08 17:39:50.798 Please replace `use_container_width` with `width`.

`use_container_width` will be removed after 2025-12-31.

For `use_container_width=True`, use `width='stretch'`. For `use_container_width=False`, use `width='content'`.
2026-10-08 17:39:50.800 Please replace `use_container_width` with `width`.

`use_container_width` will be removed after 2025-12-31.

For `use_container_width=True`, use `width='stretch'`. For `use_container_width=False`, use `width='content'`.
2026-10-08 17:39:50.920 Please replace `use_container_width` with `width`.

`use_container_width` will be removed after 2025-12-31.

For `use_container_width=True`, use `width='stretch'`. For `use_container_width=False`, use `width='content'`.
2026-10-08 17:39:50.988 Please replace `use_container_width` with `width`.

`use_container_width` will be removed after 2025-12-31.

For `use_container_width=True`, use `width='stretch'`. For `use_container_width=False`, use `width='content'`.
2026-10-08 17:39:51.162 Please replace `use_container_width` with `width`.

`use_container_width` will be removed after 2025-12-31.

For `use_container_width=True`, use `width='stretch'`. For `use_container_width=False`, use `width='content'`.
2026-10-08 17:39:51.234 Please replace `use_container_width` with `width`.

`use_container_width` will be removed after 2025-12-31.

For `use_container_width=True`, use `width='stretch'`. For `use_container_width=False`, use `width='content'`.
2026-10-08 17:39:51.236 Please replace `use_container_width` with `width`.

`use_container_width` will be removed after 2025-12-31.

For `use_container_width=True`, use `width='stretch'`. For `use_container_width=False`, use `width='content'`.
2026-10-08 17:39:51.250 Please replace `use_container_width` with `width`.

`use_container_width` will be removed after 2025-12-31.

For `use_container_width=True`, use `width='stretch'`. For `use_container_width=False`, use `width='content'`.
2026-10-08 17:39:51.264 Please replace `use_container_width` with `width`.

`use_container_width` will be removed after 2025-12-31.

For `use_container_width=True`, use `width='stretch'`. For `use_container_width=False`, use `width='content'`.
2026-10-08 17:39:51.279 Please replace `use_container_width` with `width`.

`use_container_width` will be removed after 2025-12-31.

For `use_container_width=True`, use `width='stretch'`. For `use_container_width=False`, use `width='content'`.
2026-10-08 17:39:51.283 Please replace `use_container_width` with `width`.

`use_container_width` will be removed after 2025-12-31.

For `use_container_width=True`, use `width='stretch'`. For `use_container_width=False`, use `width='content'`.
2026-10-08 17:39:51.646 Please replace `use_container_width` with `width`.

`use_container_width` will be removed after 2025-12-31.

For `use_container_width=True`, use `width='stretch'`. For `use_container_width=False`, use `width='content'`.
2026-10-08 17:39:51.715 Please replace `use_container_width` with `width`.

`use_container_width` will be removed after 2025-12-31.

For `use_container_width=True`, use `width='stretch'`. For `use_container_width=False`, use `width='content'`.
2026-10-08 17:39:51.717 Please replace `use_container_width` with `width`.

`use_container_width` will be removed after 2025-12-31.

For `use_container_width=True`, use `width='stretch'`. For `use_container_width=False`, use `width='content'`.
2026-10-08 17:39:51.719 Please replace `use_container_width` with `width`.

`use_container_width` will be removed after 2025-12-31.

For `use_container_width=True`, use `width='stretch'`. For `use_container_width=False`, use `width='content'`.
2026-10-08 17:39:51.755 Please replace `use_container_width` with `width`.

`use_container_width` will be removed after 2025-12-31.

For `use_container_width=True`, use `width='stretch'`. For `use_container_width=False`, use `width='content'`.
2026-10-08 17:39:51.762 Please replace `use_container_width` with `width`.

`use_container_width` will be removed after 2025-12-31.

For `use_container_width=True`, use `width='stretch'`. For `use_container_width=False`, use `width='content'`.
2026-10-08 17:39:51.776 Please replace `use_container_width` with `width`.

`use_container_width` will be removed after 2025-12-31.

For `use_container_width=True`, use `width='stretch'`. For `use_container_width=False`, use `width='content'`.
2026-10-08 17:39:51.777 Please replace `use_container_width` with `width`.

`use_container_width` will be removed after 2025-12-31.

For `use_container_width=True`, use `width='stretch'`. For `use_container_width=False`, use `width='content'`.
2026-10-08 17:39:51.916 Please replace `use_container_width` with `width`.

`use_container_width` will be removed after 2025-12-31.

For `use_container_width=True`, use `width='stretch'`. For `use_container_width=False`, use `width='content'`.
2026-10-08 17:39:52.006 Please replace `use_container_width` with `width`.

`use_container_width` will be removed after 2025-12-31.

For `use_container_width=True`, use `width='stretch'`. For `use_container_width=False`, use `width='content'`.
2026-10-08 17:39:52.059 Please replace `use_container_width` with `width`.

`use_container_width` will be removed after 2025-12-31.

For `use_container_width=True`, use `width='stretch'`. For `use_container_width=False`, use `width='content'`.
2026-10-08 17:39:52.070 Please replace `use_container_width` with `width`.

`use_container_width` will be removed after 2025-12-31.

For `use_container_width=True`, use `width='stretch'`. For `use_container_width=False`, use `width='content'`.
2026-10-08 17:39:52.087 Please replace `use_container_width` with `width`.

`use_container_width` will be removed after 2025-12-31.

For `use_container_width=True`, use `width='stretch'`. For `use_container_width=False`, use `width='content'`.
2026-10-08 17:39:52.088 Please replace `use_container_width` with `width`.

`use_container_width` will be removed after 2025-12-31.

For `use_container_width=True`, use `width='stretch'`. For `use_container_width=False`, use `width='content'`.
2026-10-08 17:39:52.202 Please replace `use_container_width` with `width`.

`use_container_width` will be removed after 2025-12-31.

For `use_container_width=True`, use `width='stretch'`. For `use_container_width=False`, use `width='content'`.
2026-10-08 17:39:52.258 Please replace `use_container_width` with `width`.

`use_container_width` will be removed after 2025-12-31.

For `use_container_width=True`, use `width='stretch'`. For `use_container_width=False`, use `width='content'`.
2026-10-08 17:39:52.567 Please replace `use_container_width` with `width`.

`use_container_width` will be removed after 2025-12-31.

For `use_container_width=True`, use `width='stretch'`. For `use_container_width=False`, use `width='content'`.
2026-10-08 17:39:52.589 Please replace `use_container_width` with `width`.

`use_container_width` will be removed after 2025-12-31.

For `use_container_width=True`, use `width='stretch'`. For `use_container_width=False`, use `width='content'`.
2026-10-08 17:39:52.590 Please replace `use_container_width` with `width`.

`use_container_width` will be removed after 2025-12-31.

For `use_container_width=True`, use `width='stretch'`. For `use_container_width=False`, use `width='content'`.
2026-10-08 17:39:52.591 Please replace `use_container_width` with `width`.

`use_container_width` will be removed after 2025-12-31.

For `use_container_width=True`, use `width='stretch'`. For `use_container_width=False`, use `width='content'`.
2026-10-08 17:39:52.946 Please replace `use_container_width` with `width`.

`use_container_width` will be removed after 2025-12-31.

For `use_container_width=True`, use `width='stretch'`. For `use_container_width=False`, use `width='content'`.
2026-10-08 17:39:54.223 Please replace `use_container_width` with `width`.

`use_container_width` will be removed after 2025-12-31.

For `use_container_width=True`, use `width='stretch'`. For `use_container_width=False`, use `width='content'`.
2026-10-08 17:39:54.225 Please replace `use_container_width` with `width`.

`use_container_width` will be removed after 2025-12-31.

For `use_container_width=True`, use `width='stretch'`. For `use_container_width=False`, use `width='content'`.
2026-10-08 17:39:54.226 Please replace `use_container_width` with `width`.

`use_container_width` will be removed after 2025-12-31.

For `use_container_width=True`, use `width='stretch'`. For `use_container_width=False`, use `width='content'`.
2026-10-08 17:39:54.260 Please replace `use_container_width` with `width`.

`use_container_width` will be removed after 2025-12-31.

For `use_container_width=True`, use `width='stretch'`. For `use_container_width=False`, use `width='content'`.
2026-10-08 17:39:54.268 Please replace `use_container_width` with `width`.

`use_container_width` will be removed after 2025-12-31.

For `use_container_width=True`, use `width='stretch'`. For `use_container_width=False`, use `width='content'`.
2026-10-08 17:39:54.287 Please replace `use_container_width` with `width`.

`use_container_width` will be removed after 2025-12-31.

For `use_container_width=True`, use `width='stretch'`. For `use_container_width=False`, use `width='content'`.
2026-10-08 17:39:54.290 Please replace `use_container_width` with `width`.

`use_container_width` will be removed after 2025-12-31.

For `use_container_width=True`, use `width='stretch'`. For `use_container_width=False`, use `width='content'`.
2026-10-08 17:39:54.450 Please replace `use_container_width` with `width`.

`use_container_width` will be removed after 2025-12-31.

For `use_container_width=True`, use `width='stretch'`. For `use_container_width=False`, use `width='content'`.
2026-10-08 17:39:54.452 Please replace `use_container_width` with `width`.

`use_container_width` will be removed after 2025-12-31.

For `use_container_width=True`, use `width='stretch'`. For `use_container_width=False`, use `width='content'`.
2026-10-08 17:39:54.453 Please replace `use_container_width` with `width`.

`use_container_width` will be removed after 2025-12-31.

For `use_container_width=True`, use `width='stretch'`. For `use_container_width=False`, use `width='content'`.
2026-10-08 17:39:54.455 Please replace `use_container_width` with `width`.

`use_container_width` will be removed after 2025-12-31.

For `use_container_width=True`, use `width='stretch'`. For `use_container_width=False`, use `width='content'`.
2026-10-08 17:39:54.462 Please replace `use_container_width` with `width`.

`use_container_width` will be removed after 2025-12-31.

For `use_container_width=True`, use `width='stretch'`. For `use_container_width=False`, use `width='content'`.
2026-10-08 17:39:54.500 Please replace `use_container_width` with `width`.

`use_container_width` will be removed after 2025-12-31.

For `use_container_width=True`, use `width='stretch'`. For `use_container_width=False`, use `width='content'`.
2026-10-08 17:39:54.508 Please replace `use_container_width` with `width`.

`use_container_width` will be removed after 2025-12-31.

For `use_container_width=True`, use `width='stretch'`. For `use_container_width=False`, use `width='content'`.
2026-10-08 17:39:54.534 Please replace `use_container_width` with `width`.

`use_container_width` will be removed after 2025-12-31.

For `use_container_width=True`, use `width='stretch'`. For `use_container_width=False`, use `width='content'`.
2026-10-08 17:39:54.537 Please replace `use_container_width` with `width`.

`use_container_width` will be removed after 2025-12-31.

For `use_container_width=True`, use `width='stretch'`. For `use_container_width=False`, use `width='content'`.
2026-10-08 17:39:54.745 Please replace `use_container_width` with `width`.

`use_container_width` will be removed after 2025-12-31.

For `use_container_width=True`, use `width='stretch'`. For `use_container_width=False`, use `width='content'`.
2026-10-08 17:39:54.746 Please replace `use_container_width` with `width`.

`use_container_width` will be removed after 2025-12-31.

For `use_container_width=True`, use `width='stretch'`. For `use_container_width=False`, use `width='content'`.
2026-10-08 17:39:54.747 Please replace `use_container_width` with `width`.

`use_container_width` will be removed after 2025-12-31.

For `use_container_width=True`, use `width='stretch'`. For `use_container_width=False`, use `width='content'`.
2026-10-08 17:39:54.750 Please replace `use_container_width` with `width`.

`use_container_width` will be removed after 2025-12-31.

For `use_container_width=True`, use `width='stretch'`. For `use_container_width=False`, use `width='content'`.
2026-10-08 17:39:54.756 Please replace `use_container_width` with `width`.

`use_container_width` will be removed after 2025-12-31.

For `use_container_width=True`, use `width='stretch'`. For `use_container_width=False`, use `width='content'`.
2026-10-08 17:39:55.041 Please replace `use_container_width` with `width`.

`use_container_width` will be removed after 2025-12-31.

For `use_container_width=True`, use `width='stretch'`. For `use_container_width=False`, use `width='content'`.
2026-10-08 17:39:55.092 Please replace `use_container_width` with `width`.

`use_container_width` will be removed after 2025-12-31.

For `use_container_width=True`, use `width='stretch'`. For `use_container_width=False`, use `width='content'`.
2026-10-08 17:39:55.094 Please replace `use_container_width` with `width`.

`use_container_width` will be removed after 2025-12-31.

For `use_container_width=True`, use `width='stretch'`. For `use_container_width=False`, use `width='content'`.
2026-10-08 17:39:55.095 Please replace `use_container_width` with `width`.

`use_container_width` will be removed after 2025-12-31.

For `use_container_width=True`, use `width='stretch'`. For `use_container_width=False`, use `width='content'`.
2026-10-08 17:39:55.128 Please replace `use_container_width` with `width`.

`use_container_width` will be removed after 2025-12-31.

For `use_container_width=True`, use `width='stretch'`. For `use_container_width=False`, use `width='content'`.
2026-10-08 17:39:55.136 Please replace `use_container_width` with `width`.

`use_container_width` will be removed after 2025-12-31.

For `use_container_width=True`, use `width='stretch'`. For `use_container_width=False`, use `width='content'`.
2026-10-08 17:39:55.159 Please replace `use_container_width` with `width`.

`use_container_width` will be removed after 2025-12-31.

For `use_container_width=True`, use `width='stretch'`. For `use_container_width=False`, use `width='content'`.
2026-10-08 17:39:55.162 Please replace `use_container_width` with `width`.

`use_container_width` will be removed after 2025-12-31.

For `use_container_width=True`, use `width='stretch'`. For `use_container_width=False`, use `width='content'`.
2026-10-08 17:39:55.366 Please replace `use_container_width` with `width`.

`use_container_width` will be removed after 2025-12-31.

For `use_container_width=True`, use `width='stretch'`. For `use_container_width=False`, use `width='content'`.
2026-10-08 17:39:55.368 Please replace `use_container_width` with `width`.

`use_container_width` will be removed after 2025-12-31.

For `use_container_width=True`, use `width='stretch'`. For `use_container_width=False`, use `width='content'`.
2026-10-08 17:39:55.369 Please replace `use_container_width` with `width`.

`use_container_width` will be removed after 2025-12-31.

For `use_container_width=True`, use `width='stretch'`. For `use_container_width=False`, use `width='content'`.
2026-10-08 17:39:55.371 Please replace `use_container_width` with `width`.

`use_container_width` will be removed after 2025-12-31.

For `use_container_width=True`, use `width='stretch'`. For `use_container_width=False`, use `width='content'`.
2026-10-08 17:39:55.377 Please replace `use_container_width` with `width`.

`use_container_width` will be removed after 2025-12-31.

For `use_container_width=True`, use `width='stretch'`. For `use_container_width=False`, use `width='content'`.
2026-10-08 17:39:55.416 Please replace `use_container_width` with `width`.

`use_container_width` will be removed after 2025-12-31.

For `use_container_width=True`, use `width='stretch'`. For `use_container_width=False`, use `width='content'`.
2026-10-08 17:39:55.424 Please replace `use_container_width` with `width`.

`use_container_width` will be removed after 2025-12-31.

For `use_container_width=True`, use `width='stretch'`. For `use_container_width=False`, use `width='content'`.
2026-10-08 17:39:55.446 Please replace `use_container_width` with `width`.

`use_container_width` will be removed after 2025-12-31.

For `use_container_width=True`, use `width='stretch'`. For `use_container_width=False`, use `width='content'`.
2026-10-08 17:39:55.449 Please replace `use_container_width` with `width`.

`use_container_width` will be removed after 2025-12-31.

For `use_container_width=True`, use `width='stretch'`. For `use_container_width=False`, use `width='content'`.
2026-10-08 17:39:55.642 Please replace `use_container_width` with `width`.

`use_container_width` will be removed after 2025-12-31.

For `use_container_width=True`, use `width='stretch'`. For `use_container_width=False`, use `width='content'`.
2026-10-08 17:39:55.644 Please replace `use_container_width` with `width`.

`use_container_width` will be removed after 2025-12-31.

For `use_container_width=True`, use `width='stretch'`. For `use_container_width=False`, use `width='content'`.
2026-10-08 17:39:55.645 Please replace `use_container_width` with `width`.

`use_container_width` will be removed after 2025-12-31.

For `use_container_width=True`, use `width='stretch'`. For `use_container_width=False`, use `width='content'`.
2026-10-08 17:39:55.649 Please replace `use_container_width` with `width`.

`use_container_width` will be removed after 2025-12-31.

For `use_container_width=True`, use `width='stretch'`. For `use_container_width=False`, use `width='content'`.
2026-10-08 17:39:55.658 Please replace `use_container_width` with `width`.

`use_container_width` will be removed after 2025-12-31.

For `use_container_width=True`, use `width='stretch'`. For `use_container_width=False`, use `width='content'`.
2026-10-08 17:39:56.268 Please replace `use_container_width` with `width`.

`use_container_width` will be removed after 2025-12-31.

For `use_container_width=True`, use `width='stretch'`. For `use_container_width=False`, use `width='content'`.
2026-10-08 17:39:56.325 Please replace `use_container_width` with `width`.

`use_container_width` will be removed after 2025-12-31.

For `use_container_width=True`, use `width='stretch'`. For `use_container_width=False`, use `width='content'`.
2026-10-08 17:39:56.327 Please replace `use_container_width` with `width`.

`use_container_width` will be removed after 2025-12-31.

For `use_container_width=True`, use `width='stretch'`. For `use_container_width=False`, use `width='content'`.
2026-10-08 17:39:56.328 Please replace `use_container_width` with `width`.

`use_container_width` will be removed after 2025-12-31.

For `use_container_width=True`, use `width='stretch'`. For `use_container_width=False`, use `width='content'`.
2026-10-08 17:39:56.366 Please replace `use_container_width` with `width`.

`use_container_width` will be removed after 2025-12-31.

For `use_container_width=True`, use `width='stretch'`. For `use_container_width=False`, use `width='content'`.
2026-10-08 17:39:56.376 Please replace `use_container_width` with `width`.

`use_container_width` will be removed after 2025-12-31.

For `use_container_width=True`, use `width='stretch'`. For `use_container_width=False`, use `width='content'`.
2026-10-08 17:39:56.397 Please replace `use_container_width` with `width`.

`use_container_width` will be removed after 2025-12-31.

For `use_container_width=True`, use `width='stretch'`. For `use_container_width=False`, use `width='content'`.
2026-10-08 17:39:56.401 Please replace `use_container_width` with `width`.

`use_container_width` will be removed after 2025-12-31.

For `use_container_width=True`, use `width='stretch'`. For `use_container_width=False`, use `width='content'`.
2026-10-08 17:39:56.572 Please replace `use_container_width` with `width`.

`use_container_width` will be removed after 2025-12-31.

For `use_container_width=True`, use `width='stretch'`. For `use_container_width=False`, use `width='content'`.
2026-10-08 17:39:56.575 Please replace `use_container_width` with `width`.

`use_container_width` will be removed after 2025-12-31.

For `use_container_width=True`, use `width='stretch'`. For `use_container_width=False`, use `width='content'`.
2026-10-08 17:39:56.576 Please replace `use_container_width` with `width`.

`use_container_width` will be removed after 2025-12-31.

For `use_container_width=True`, use `width='stretch'`. For `use_container_width=False`, use `width='content'`.
2026-10-08 17:39:56.578 Please replace `use_container_width` with `width`.

`use_container_width` will be removed after 2025-12-31.

For `use_container_width=True`, use `width='stretch'`. For `use_container_width=False`, use `width='content'`.
2026-10-08 17:39:56.585 Please replace `use_container_width` with `width`.

`use_container_width` will be removed after 2025-12-31.

For `use_container_width=True`, use `width='stretch'`. For `use_container_width=False`, use `width='content'`.
2026-10-08 17:39:56.635 Please replace `use_container_width` with `width`.

`use_container_width` will be removed after 2025-12-31.

For `use_container_width=True`, use `width='stretch'`. For `use_container_width=False`, use `width='content'`.
2026-10-08 17:39:56.646 Please replace `use_container_width` with `width`.

`use_container_width` will be removed after 2025-12-31.

For `use_container_width=True`, use `width='stretch'`. For `use_container_width=False`, use `width='content'`.
2026-10-08 17:39:56.667 Please replace `use_container_width` with `width`.

`use_container_width` will be removed after 2025-12-31.

For `use_container_width=True`, use `width='stretch'`. For `use_container_width=False`, use `width='content'`.
2026-10-08 17:39:56.671 Please replace `use_container_width` with `width`.

`use_container_width` will be removed after 2025-12-31.

For `use_container_width=True`, use `width='stretch'`. For `use_container_width=False`, use `width='content'`.
2026-10-08 17:39:56.884 Please replace `use_container_width` with `width`.

`use_container_width` will be removed after 2025-12-31.

For `use_container_width=True`, use `width='stretch'`. For `use_container_width=False`, use `width='content'`.
2026-10-08 17:39:56.886 Please replace `use_container_width` with `width`.

`use_container_width` will be removed after 2025-12-31.

For `use_container_width=True`, use `width='stretch'`. For `use_container_width=False`, use `width='content'`.
2026-10-08 17:39:56.887 Please replace `use_container_width` with `width`.

`use_container_width` will be removed after 2025-12-31.

For `use_container_width=True`, use `width='stretch'`. For `use_container_width=False`, use `width='content'`.
2026-10-08 17:39:56.889 Please replace `use_container_width` with `width`.

`use_container_width` will be removed after 2025-12-31.

For `use_container_width=True`, use `width='stretch'`. For `use_container_width=False`, use `width='content'`.
2026-10-08 17:39:56.895 Please replace `use_container_width` with `width`.

`use_container_width` will be removed after 2025-12-31.

For `use_container_width=True`, use `width='stretch'`. For `use_container_width=False`, use `width='content'`.
2026-10-08 17:39:57.205 Please replace `use_container_width` with `width`.

`use_container_width` will be removed after 2025-12-31.

For `use_container_width=True`, use `width='stretch'`. For `use_container_width=False`, use `width='content'`.
2026-10-08 17:39:57.252 Please replace `use_container_width` with `width`.

`use_container_width` will be removed after 2025-12-31.

For `use_container_width=True`, use `width='stretch'`. For `use_container_width=False`, use `width='content'`.
2026-10-08 17:39:57.254 Please replace `use_container_width` with `width`.

`use_container_width` will be removed after 2025-12-31.

For `use_container_width=True`, use `width='stretch'`. For `use_container_width=False`, use `width='content'`.
2026-10-08 17:39:57.255 Please replace `use_container_width` with `width`.

`use_container_width` will be removed after 2025-12-31.

For `use_container_width=True`, use `width='stretch'`. For `use_container_width=False`, use `width='content'`.
2026-10-08 17:39:57.297 Please replace `use_container_width` with `width`.

`use_container_width` will be removed after 2025-12-31.

For `use_container_width=True`, use `width='stretch'`. For `use_container_width=False`, use `width='content'`.
2026-10-08 17:39:57.309 Please replace `use_container_width` with `width`.

`use_container_width` will be removed after 2025-12-31.

For `use_container_width=True`, use `width='stretch'`. For `use_container_width=False`, use `width='content'`.
2026-10-08 17:39:57.334 Please replace `use_container_width` with `width`.

`use_container_width` will be removed after 2025-12-31.

For `use_container_width=True`, use `width='stretch'`. For `use_container_width=False`, use `width='content'`.
2026-10-08 17:39:57.336 Please replace `use_container_width` with `width`.

`use_container_width` will be removed after 2025-12-31.

For `use_container_width=True`, use `width='stretch'`. For `use_container_width=False`, use `width='content'`.
2026-10-08 17:39:57.492 Please replace `use_container_width` with `width`.

`use_container_width` will be removed after 2025-12-31.

For `use_container_width=True`, use `width='stretch'`. For `use_container_width=False`, use `width='content'`.
2026-10-08 17:39:57.494 Please replace `use_container_width` with `width`.

`use_container_width` will be removed after 2025-12-31.

For `use_container_width=True`, use `width='stretch'`. For `use_container_width=False`, use `width='content'`.
2026-10-08 17:39:57.495 Please replace `use_container_width` with `width`.

`use_container_width` will be removed after 2025-12-31.

For `use_container_width=True`, use `width='stretch'`. For `use_container_width=False`, use `width='content'`.
2026-10-08 17:39:57.498 Please replace `use_container_width` with `width`.

`use_container_width` will be removed after 2025-12-31.

For `use_container_width=True`, use `width='stretch'`. For `use_container_width=False`, use `width='content'`.
2026-10-08 17:39:57.506 Please replace `use_container_width` with `width`.

`use_container_width` will be removed after 2025-12-31.

For `use_container_width=True`, use `width='stretch'`. For `use_container_width=False`, use `width='content'`.
2026-10-08 17:39:57.551 Please replace `use_container_width` with `width`.

`use_container_width` will be removed after 2025-12-31.

For `use_container_width=True`, use `width='stretch'`. For `use_container_width=False`, use `width='content'`.
2026-10-08 17:39:57.563 Please replace `use_container_width` with `width`.

`use_container_width` will be removed after 2025-12-31.

For `use_container_width=True`, use `width='stretch'`. For `use_container_width=False`, use `width='content'`.
2026-10-08 17:39:57.588 Please replace `use_container_width` with `width`.

`use_container_width` will be removed after 2025-12-31.

For `use_container_width=True`, use `width='stretch'`. For `use_container_width=False`, use `width='content'`.
2026-10-08 17:39:57.592 Please replace `use_container_width` with `width`.

`use_container_width` will be removed after 2025-12-31.

For `use_container_width=True`, use `width='stretch'`. For `use_container_width=False`, use `width='content'`.
2026-10-08 17:39:57.771 Please replace `use_container_width` with `width`.

`use_container_width` will be removed after 2025-12-31.

For `use_container_width=True`, use `width='stretch'`. For `use_container_width=False`, use `width='content'`.
2026-10-08 17:39:57.773 Please replace `use_container_width` with `width`.

`use_container_width` will be removed after 2025-12-31.

For `use_container_width=True`, use `width='stretch'`. For `use_container_width=False`, use `width='content'`.
2026-10-08 17:39:57.774 Please replace `use_container_width` with `width`.

`use_container_width` will be removed after 2025-12-31.

For `use_container_width=True`, use `width='stretch'`. For `use_container_width=False`, use `width='content'`.
2026-10-08 17:39:57.777 Please replace `use_container_width` with `width`.

`use_container_width` will be removed after 2025-12-31.

For `use_container_width=True`, use `width='stretch'`. For `use_container_width=False`, use `width='content'`.
2026-10-08 17:39:57.785 Please replace `use_container_width` with `width`.

`use_container_width` will be removed after 2025-12-31.

For `use_container_width=True`, use `width='stretch'`. For `use_container_width=False`, use `width='content'`.
2026-10-08 17:39:57.814 Please replace `use_container_width` with `width`.

`use_container_width` will be removed after 2025-12-31.

For `use_container_width=True`, use `width='stretch'`. For `use_container_width=False`, use `width='content'`.
2026-10-08 17:39:57.817 Please replace `use_container_width` with `width`.

`use_container_width` will be removed after 2025-12-31.

For `use_container_width=True`, use `width='stretch'`. For `use_container_width=False`, use `width='content'`.
2026-10-08 17:39:57.993 Please replace `use_container_width` with `width`.

`use_container_width` will be removed after 2025-12-31.

For `use_container_width=True`, use `width='stretch'`. For `use_container_width=False`, use `width='content'`.
2026-10-08 17:39:57.995 Please replace `use_container_width` with `width`.

`use_container_width` will be removed after 2025-12-31.

For `use_container_width=True`, use `width='stretch'`. For `use_container_width=False`, use `width='content'`.
2026-10-08 17:39:57.996 Please replace `use_container_width` with `width`.

`use_container_width` will be removed after 2025-12-31.

For `use_container_width=True`, use `width='stretch'`. For `use_container_width=False`, use `width='content'`.
2026-10-08 17:39:57.999 Please replace `use_container_width` with `width`.

`use_container_width` will be removed after 2025-12-31.

For `use_container_width=True`, use `width='stretch'`. For `use_container_width=False`, use `width='content'`.
2026-10-08 17:39:58.005 Please replace `use_container_width` with `width`.

`use_container_width` will be removed after 2025-12-31.

For `use_container_width=True`, use `width='stretch'`. For `use_container_width=False`, use `width='content'`.
2026-10-08 17:39:58.371 Please replace `use_container_width` with `width`.

`use_container_width` will be removed after 2025-12-31.

For `use_container_width=True`, use `width='stretch'`. For `use_container_width=False`, use `width='content'`.
2026-10-08 17:39:58.417 Please replace `use_container_width` with `width`.

`use_container_width` will be removed after 2025-12-31.

For `use_container_width=True`, use `width='stretch'`. For `use_container_width=False`, use `width='content'`.
2026-10-08 17:39:58.419 Please replace `use_container_width` with `width`.

`use_container_width` will be removed after 2025-12-31.

For `use_container_width=True`, use `width='stretch'`. For `use_container_width=False`, use `width='content'`.
2026-10-08 17:39:58.420 Please replace `use_container_width` with `width`.

`use_container_width` will be removed after 2025-12-31.

For `use_container_width=True`, use `width='stretch'`. For `use_container_width=False`, use `width='content'`.
2026-10-08 17:39:58.453 Please replace `use_container_width` with `width`.

`use_container_width` will be removed after 2025-12-31.

For `use_container_width=True`, use `width='stretch'`. For `use_container_width=False`, use `width='content'`.
2026-10-08 17:39:58.462 Please replace `use_container_width` with `width`.

`use_container_width` will be removed after 2025-12-31.

For `use_container_width=True`, use `width='stretch'`. For `use_container_width=False`, use `width='content'`.
2026-10-08 17:39:58.481 Please replace `use_container_width` with `width`.

`use_container_width` will be removed after 2025-12-31.

For `use_container_width=True`, use `width='stretch'`. For `use_container_width=False`, use `width='content'`.
2026-10-08 17:39:58.484 Please replace `use_container_width` with `width`.

`use_container_width` will be removed after 2025-12-31.

For `use_container_width=True`, use `width='stretch'`. For `use_container_width=False`, use `width='content'`.
2026-10-08 17:39:58.639 Please replace `use_container_width` with `width`.

`use_container_width` will be removed after 2025-12-31.

For `use_container_width=True`, use `width='stretch'`. For `use_container_width=False`, use `width='content'`.
2026-10-08 17:39:58.641 Please replace `use_container_width` with `width`.

`use_container_width` will be removed after 2025-12-31.

For `use_container_width=True`, use `width='stretch'`. For `use_container_width=False`, use `width='content'`.
2026-10-08 17:39:58.641 Please replace `use_container_width` with `width`.

`use_container_width` will be removed after 2025-12-31.

For `use_container_width=True`, use `width='stretch'`. For `use_container_width=False`, use `width='content'`.
2026-10-08 17:39:58.644 Please replace `use_container_width` with `width`.

`use_container_width` will be removed after 2025-12-31.

For `use_container_width=True`, use `width='stretch'`. For `use_container_width=False`, use `width='content'`.
2026-10-08 17:39:58.650 Please replace `use_container_width` with `width`.

`use_container_width` will be removed after 2025-12-31.

For `use_container_width=True`, use `width='stretch'`. For `use_container_width=False`, use `width='content'`.
2026-10-08 17:39:58.683 Please replace `use_container_width` with `width`.

`use_container_width` will be removed after 2025-12-31.

For `use_container_width=True`, use `width='stretch'`. For `use_container_width=False`, use `width='content'`.
2026-10-08 17:39:58.690 Please replace `use_container_width` with `width`.

`use_container_width` will be removed after 2025-12-31.

For `use_container_width=True`, use `width='stretch'`. For `use_container_width=False`, use `width='content'`.
2026-10-08 17:39:58.709 Please replace `use_container_width` with `width`.

`use_container_width` will be removed after 2025-12-31.

For `use_container_width=True`, use `width='stretch'`. For `use_container_width=False`, use `width='content'`.
2026-10-08 17:39:58.712 Please replace `use_container_width` with `width`.

`use_container_width` will be removed after 2025-12-31.

For `use_container_width=True`, use `width='stretch'`. For `use_container_width=False`, use `width='content'`.
2026-10-08 17:39:58.883 Please replace `use_container_width` with `width`.

`use_container_width` will be removed after 2025-12-31.

For `use_container_width=True`, use `width='stretch'`. For `use_container_width=False`, use `width='content'`.
2026-10-08 17:39:58.885 Please replace `use_container_width` with `width`.

`use_container_width` will be removed after 2025-12-31.

For `use_container_width=True`, use `width='stretch'`. For `use_container_width=False`, use `width='content'`.
2026-10-08 17:39:58.886 Please replace `use_container_width` with `width`.

`use_container_width` will be removed after 2025-12-31.

For `use_container_width=True`, use `width='stretch'`. For `use_container_width=False`, use `width='content'`.
2026-10-08 17:39:58.890 Please replace `use_container_width` with `width`.

`use_container_width` will be removed after 2025-12-31.

For `use_container_width=True`, use `width='stretch'`. For `use_container_width=False`, use `width='content'`.
2026-10-08 17:39:58.899 Please replace `use_container_width` with `width`.

`use_container_width` will be removed after 2025-12-31.

For `use_container_width=True`, use `width='stretch'`. For `use_container_width=False`, use `width='content'`.
2026-10-08 17:39:58.942 Thread 'MainThread': missing ScriptRunContext! This warning can be ignored when running in bare mode.
2026-10-08 17:39:59.431 Please replace `use_container_width` with `width`.

`use_container_width` will be removed after 2025-12-31.

For `use_container_width=True`, use `width='stretch'`. For `use_container_width=False`, use `width='content'`.
2026-10-08 17:39:59.432 Please replace `use_container_width` with `width`.

`use_container_width` will be removed after 2025-12-31.

For `use_container_width=True`, use `width='stretch'`. For `use_container_width=False`, use `width='content'`.
2026-10-08 17:39:59.434 Please replace `use_container_width` with `width`.

`use_container_width` will be removed after 2025-12-31.

For `use_container_width=True`, use `width='stretch'`. For `use_container_width=False`, use `width='content'`.
2026-10-08 17:39:59.632 Please replace `use_container_width` with `width`.

`use_container_width` will be removed after 2025-12-31.

For `use_container_width=True`, use `width='stretch'`. For `use_container_width=False`, use `width='content'`.
2026-10-08 17:39:59.639 Please replace `use_container_width` with `width`.

`use_container_width` will be removed after 2025-12-31.

For `use_container_width=True`, use `width='stretch'`. For `use_container_width=False`, use `width='content'`.
2026-10-08 17:39:59.645 Please replace `use_container_width` with `width`.

`use_container_width` will be removed after 2025-12-31.

For `use_container_width=True`, use `width='stretch'`. For `use_container_width=False`, use `width='content'`.
2026-10-08 17:39:59.670 Please replace `use_container_width` with `width`.

`use_container_width` will be removed after 2025-12-31.

For `use_container_width=True`, use `width='stretch'`. For `use_container_width=False`, use `width='content'`.
2026-10-08 17:39:59.671 Please replace `use_container_width` with `width`.

`use_container_width` will be removed after 2025-12-31.

For `use_container_width=True`, use `width='stretch'`. For `use_container_width=False`, use `width='content'`.
2026-10-08 17:39:59.673 Please replace `use_container_width` with `width`.

`use_container_width` will be removed after 2025-12-31.

For `use_container_width=True`, use `width='stretch'`. For `use_container_width=False`, use `width='content'`.
2026-10-08 17:39:59.693 Please replace `use_container_width` with `width`.

`use_container_width` will be removed after 2025-12-31.

For `use_container_width=True`, use `width='stretch'`. For `use_container_width=False`, use `width='content'`.
2026-10-08 17:39:59.694 Please replace `use_container_width` with `width`.

`use_container_width` will be removed after 2025-12-31.

For `use_container_width=True`, use `width='stretch'`. For `use_container_width=False`, use `width='content'`.
2026-10-08 17:39:59.701 Please replace `use_container_width` with `width`.

`use_container_width` will be removed after 2025-12-31.

For `use_container_width=True`, use `width='stretch'`. For `use_container_width=False`, use `width='content'`.
2026-10-08 17:39:59.709 Please replace `use_container_width` with `width`.

`use_container_width` will be removed after 2025-12-31.

For `use_container_width=True`, use `width='stretch'`. For `use_container_width=False`, use `width='content'`.
2026-10-08 17:39:59.710 Serialization of dataframe to Arrow table was unsuccessful. Applying automatic fixes for column types to make the dataframe Arrow-compatible.
Traceback (most recent call last):
  File "/workspace/scratch/42ffe4c93098/utilization9_runtime/lib/python3.14/site-packages/streamlit/dataframe_util.py", line 940, in convert_pandas_df_to_arrow_table
    return pa.Table.from_pandas(df, preserve_index=preserve_index)
           ~~~~~~~~~~~~~~~~~~~~^^^^^^^^^^^^^^^^^^^^^^^^^^^^^^^^^^^
  File "pyarrow/table.pxi", line 4768, in pyarrow.lib.Table.from_pandas
  File "/workspace/scratch/42ffe4c93098/utilization9_runtime/lib/python3.14/site-packages/pyarrow/pandas_compat.py", line 651, in dataframe_to_arrays
    arrays = [convert_column(c, f)
              ~~~~~~~~~~~~~~^^^^^^
  File "/workspace/scratch/42ffe4c93098/utilization9_runtime/lib/python3.14/site-packages/pyarrow/pandas_compat.py", line 639, in convert_column
    raise e
  File "/workspace/scratch/42ffe4c93098/utilization9_runtime/lib/python3.14/site-packages/pyarrow/pandas_compat.py", line 633, in convert_column
    result = pa.array(col, type=type_, from_pandas=True, safe=safe)
  File "pyarrow/array.pxi", line 390, in pyarrow.lib.array
  File "pyarrow/array.pxi", line 91, in pyarrow.lib._ndarray_to_array
    check_status(NdarrayToArrow(pool, values, mask, from_pandas,
  File "pyarrow/error.pxi", line 92, in pyarrow.lib.check_status
pyarrow.lib.ArrowTypeError: ("Expected bytes, got a 'bool' object", 'Conversion failed for column Value with type object')
2026-10-08 17:39:59.714 Please replace `use_container_width` with `width`.

`use_container_width` will be removed after 2025-12-31.

For `use_container_width=True`, use `width='stretch'`. For `use_container_width=False`, use `width='content'`.
2026-10-08 17:39:59.715 Please replace `use_container_width` with `width`.

`use_container_width` will be removed after 2025-12-31.

For `use_container_width=True`, use `width='stretch'`. For `use_container_width=False`, use `width='content'`.
2026-10-08 17:39:59.716 Please replace `use_container_width` with `width`.

`use_container_width` will be removed after 2025-12-31.

For `use_container_width=True`, use `width='stretch'`. For `use_container_width=False`, use `width='content'`.
2026-10-08 17:39:59.718 Please replace `use_container_width` with `width`.

`use_container_width` will be removed after 2025-12-31.

For `use_container_width=True`, use `width='stretch'`. For `use_container_width=False`, use `width='content'`.
2026-10-08 17:39:59.719 Please replace `use_container_width` with `width`.

`use_container_width` will be removed after 2025-12-31.

For `use_container_width=True`, use `width='stretch'`. For `use_container_width=False`, use `width='content'`.
2026-10-08 17:39:59.734 Please replace `use_container_width` with `width`.

`use_container_width` will be removed after 2025-12-31.

For `use_container_width=True`, use `width='stretch'`. For `use_container_width=False`, use `width='content'`.
2026-10-08 17:39:59.735 Please replace `use_container_width` with `width`.

`use_container_width` will be removed after 2025-12-31.

For `use_container_width=True`, use `width='stretch'`. For `use_container_width=False`, use `width='content'`.
2026-10-08 17:39:59.738 Please replace `use_container_width` with `width`.

`use_container_width` will be removed after 2025-12-31.

For `use_container_width=True`, use `width='stretch'`. For `use_container_width=False`, use `width='content'`.
2026-10-08 17:39:59.738 Serialization of dataframe to Arrow table was unsuccessful. Applying automatic fixes for column types to make the dataframe Arrow-compatible.
Traceback (most recent call last):
  File "/workspace/scratch/42ffe4c93098/utilization9_runtime/lib/python3.14/site-packages/streamlit/dataframe_util.py", line 940, in convert_pandas_df_to_arrow_table
    return pa.Table.from_pandas(df, preserve_index=preserve_index)
           ~~~~~~~~~~~~~~~~~~~~^^^^^^^^^^^^^^^^^^^^^^^^^^^^^^^^^^^
  File "pyarrow/table.pxi", line 4768, in pyarrow.lib.Table.from_pandas
  File "/workspace/scratch/42ffe4c93098/utilization9_runtime/lib/python3.14/site-packages/pyarrow/pandas_compat.py", line 651, in dataframe_to_arrays
    arrays = [convert_column(c, f)
              ~~~~~~~~~~~~~~^^^^^^
  File "/workspace/scratch/42ffe4c93098/utilization9_runtime/lib/python3.14/site-packages/pyarrow/pandas_compat.py", line 639, in convert_column
    raise e
  File "/workspace/scratch/42ffe4c93098/utilization9_runtime/lib/python3.14/site-packages/pyarrow/pandas_compat.py", line 633, in convert_column
    result = pa.array(col, type=type_, from_pandas=True, safe=safe)
  File "pyarrow/array.pxi", line 390, in pyarrow.lib.array
    result = _ndarray_to_array(values, mask, type, c_from_pandas, safe,
  File "pyarrow/array.pxi", line 91, in pyarrow.lib._ndarray_to_array
    check_status(NdarrayToArrow(pool, values, mask, from_pandas,
  File "pyarrow/error.pxi", line 92, in pyarrow.lib.check_status
pyarrow.lib.ArrowTypeError: ("Expected bytes, got a 'float' object", 'Conversion failed for column Value with type object')
2026-10-08 17:39:59.741 Please replace `use_container_width` with `width`.

`use_container_width` will be removed after 2025-12-31.

For `use_container_width=True`, use `width='stretch'`. For `use_container_width=False`, use `width='content'`.
2026-10-08 17:39:59.742 Serialization of dataframe to Arrow table was unsuccessful. Applying automatic fixes for column types to make the dataframe Arrow-compatible.
Traceback (most recent call last):
  File "/workspace/scratch/42ffe4c93098/utilization9_runtime/lib/python3.14/site-packages/streamlit/dataframe_util.py", line 940, in convert_pandas_df_to_arrow_table
    return pa.Table.from_pandas(df, preserve_index=preserve_index)
           ~~~~~~~~~~~~~~~~~~~~^^^^^^^^^^^^^^^^^^^^^^^^^^^^^^^^^^^
  File "pyarrow/table.pxi", line 4768, in pyarrow.lib.Table.from_pandas
  File "/workspace/scratch/42ffe4c93098/utilization9_runtime/lib/python3.14/site-packages/pyarrow/pandas_compat.py", line 651, in dataframe_to_arrays
    arrays = [convert_column(c, f)
              ~~~~~~~~~~~~~~^^^^^^
  File "/workspace/scratch/42ffe4c93098/utilization9_runtime/lib/python3.14/site-packages/pyarrow/pandas_compat.py", line 639, in convert_column
    raise e
  File "/workspace/scratch/42ffe4c93098/utilization9_runtime/lib/python3.14/site-packages/pyarrow/pandas_compat.py", line 633, in convert_column
    result = pa.array(col, type=type_, from_pandas=True, safe=safe)
  File "pyarrow/array.pxi", line 390, in pyarrow.lib.array
    result = _ndarray_to_array(values, mask, type, c_from_pandas, safe,
  File "pyarrow/array.pxi", line 91, in pyarrow.lib._ndarray_to_array
    check_status(NdarrayToArrow(pool, values, mask, from_pandas,
  File "pyarrow/error.pxi", line 92, in pyarrow.lib.check_status
pyarrow.lib.ArrowInvalid: ("Could not convert 'Wet slab/topping, barrier, wearing surface, SDL/LL, building service loads' with type str: tried to convert to double", 'Conversion failed for column w_kN/m per girder with type object')
2026-10-08 17:39:59.744 Please replace `use_container_width` with `width`.

`use_container_width` will be removed after 2025-12-31.

For `use_container_width=True`, use `width='stretch'`. For `use_container_width=False`, use `width='content'`.
2026-10-08 17:39:59.748 Please replace `use_container_width` with `width`.

`use_container_width` will be removed after 2025-12-31.

For `use_container_width=True`, use `width='stretch'`. For `use_container_width=False`, use `width='content'`.
2026-10-08 17:39:59.750 Please replace `use_container_width` with `width`.

`use_container_width` will be removed after 2025-12-31.

For `use_container_width=True`, use `width='stretch'`. For `use_container_width=False`, use `width='content'`.
2026-10-08 17:39:59.758 Please replace `use_container_width` with `width`.

`use_container_width` will be removed after 2025-12-31.

For `use_container_width=True`, use `width='stretch'`. For `use_container_width=False`, use `width='content'`.
2026-10-08 17:39:59.759 Serialization of dataframe to Arrow table was unsuccessful. Applying automatic fixes for column types to make the dataframe Arrow-compatible.
Traceback (most recent call last):
  File "/workspace/scratch/42ffe4c93098/utilization9_runtime/lib/python3.14/site-packages/streamlit/dataframe_util.py", line 940, in convert_pandas_df_to_arrow_table
    return pa.Table.from_pandas(df, preserve_index=preserve_index)
           ~~~~~~~~~~~~~~~~~~~~^^^^^^^^^^^^^^^^^^^^^^^^^^^^^^^^^^^
  File "pyarrow/table.pxi", line 4768, in pyarrow.lib.Table.from_pandas
  File "/workspace/scratch/42ffe4c93098/utilization9_runtime/lib/python3.14/site-packages/pyarrow/pandas_compat.py", line 651, in dataframe_to_arrays
    arrays = [convert_column(c, f)
              ~~~~~~~~~~~~~~^^^^^^
  File "/workspace/scratch/42ffe4c93098/utilization9_runtime/lib/python3.14/site-packages/pyarrow/pandas_compat.py", line 639, in convert_column
    raise e
  File "/workspace/scratch/42ffe4c93098/utilization9_runtime/lib/python3.14/site-packages/pyarrow/pandas_compat.py", line 633, in convert_column
    result = pa.array(col, type=type_, from_pandas=True, safe=safe)
  File "pyarrow/array.pxi", line 390, in pyarrow.lib.array
    result = _ndarray_to_array(values, mask, type, c_from_pandas, safe,
  File "pyarrow/array.pxi", line 91, in pyarrow.lib._ndarray_to_array
    check_status(NdarrayToArrow(pool, values, mask, from_pandas,
  File "pyarrow/error.pxi", line 92, in pyarrow.lib.check_status
pyarrow.lib.ArrowInvalid: ('Could not convert 0 with type int: tried to convert to boolean', 'Conversion failed for column Value with type object')
2026-10-08 17:39:59.761 Please replace `use_container_width` with `width`.

`use_container_width` will be removed after 2025-12-31.

For `use_container_width=True`, use `width='stretch'`. For `use_container_width=False`, use `width='content'`.
2026-10-08 17:39:59.767 Please replace `use_container_width` with `width`.

`use_container_width` will be removed after 2025-12-31.

For `use_container_width=True`, use `width='stretch'`. For `use_container_width=False`, use `width='content'`.
2026-10-08 17:40:00.287 Please replace `use_container_width` with `width`.

`use_container_width` will be removed after 2025-12-31.

For `use_container_width=True`, use `width='stretch'`. For `use_container_width=False`, use `width='content'`.
2026-10-08 17:40:00.288 Please replace `use_container_width` with `width`.

`use_container_width` will be removed after 2025-12-31.

For `use_container_width=True`, use `width='stretch'`. For `use_container_width=False`, use `width='content'`.
2026-10-08 17:40:00.290 Please replace `use_container_width` with `width`.

`use_container_width` will be removed after 2025-12-31.

For `use_container_width=True`, use `width='stretch'`. For `use_container_width=False`, use `width='content'`.
2026-10-08 17:40:00.491 Please replace `use_container_width` with `width`.

`use_container_width` will be removed after 2025-12-31.

For `use_container_width=True`, use `width='stretch'`. For `use_container_width=False`, use `width='content'`.
2026-10-08 17:40:00.498 Please replace `use_container_width` with `width`.

`use_container_width` will be removed after 2025-12-31.

For `use_container_width=True`, use `width='stretch'`. For `use_container_width=False`, use `width='content'`.
2026-10-08 17:40:00.503 Please replace `use_container_width` with `width`.

`use_container_width` will be removed after 2025-12-31.

For `use_container_width=True`, use `width='stretch'`. For `use_container_width=False`, use `width='content'`.
2026-10-08 17:40:00.769 Please replace `use_container_width` with `width`.

`use_container_width` will be removed after 2025-12-31.

For `use_container_width=True`, use `width='stretch'`. For `use_container_width=False`, use `width='content'`.
2026-10-08 17:40:00.770 Please replace `use_container_width` with `width`.

`use_container_width` will be removed after 2025-12-31.

For `use_container_width=True`, use `width='stretch'`. For `use_container_width=False`, use `width='content'`.
2026-10-08 17:40:00.771 Please replace `use_container_width` with `width`.

`use_container_width` will be removed after 2025-12-31.

For `use_container_width=True`, use `width='stretch'`. For `use_container_width=False`, use `width='content'`.
2026-10-08 17:40:00.785 Please replace `use_container_width` with `width`.

`use_container_width` will be removed after 2025-12-31.

For `use_container_width=True`, use `width='stretch'`. For `use_container_width=False`, use `width='content'`.
2026-10-08 17:40:00.786 Please replace `use_container_width` with `width`.

`use_container_width` will be removed after 2025-12-31.

For `use_container_width=True`, use `width='stretch'`. For `use_container_width=False`, use `width='content'`.
2026-10-08 17:40:00.791 Please replace `use_container_width` with `width`.

`use_container_width` will be removed after 2025-12-31.

For `use_container_width=True`, use `width='stretch'`. For `use_container_width=False`, use `width='content'`.
2026-10-08 17:40:00.796 Please replace `use_container_width` with `width`.

`use_container_width` will be removed after 2025-12-31.

For `use_container_width=True`, use `width='stretch'`. For `use_container_width=False`, use `width='content'`.
2026-10-08 17:40:00.797 Serialization of dataframe to Arrow table was unsuccessful. Applying automatic fixes for column types to make the dataframe Arrow-compatible.
Traceback (most recent call last):
  File "/workspace/scratch/42ffe4c93098/utilization9_runtime/lib/python3.14/site-packages/streamlit/dataframe_util.py", line 940, in convert_pandas_df_to_arrow_table
    return pa.Table.from_pandas(df, preserve_index=preserve_index)
           ~~~~~~~~~~~~~~~~~~~~^^^^^^^^^^^^^^^^^^^^^^^^^^^^^^^^^^^
  File "pyarrow/table.pxi", line 4768, in pyarrow.lib.Table.from_pandas
  File "/workspace/scratch/42ffe4c93098/utilization9_runtime/lib/python3.14/site-packages/pyarrow/pandas_compat.py", line 651, in dataframe_to_arrays
    arrays = [convert_column(c, f)
              ~~~~~~~~~~~~~~^^^^^^
  File "/workspace/scratch/42ffe4c93098/utilization9_runtime/lib/python3.14/site-packages/pyarrow/pandas_compat.py", line 639, in convert_column
    raise e
  File "/workspace/scratch/42ffe4c93098/utilization9_runtime/lib/python3.14/site-packages/pyarrow/pandas_compat.py", line 633, in convert_column
    result = pa.array(col, type=type_, from_pandas=True, safe=safe)
  File "pyarrow/array.pxi", line 390, in pyarrow.lib.array
    result = _ndarray_to_array(values, mask, type, c_from_pandas, safe,
  File "pyarrow/array.pxi", line 91, in pyarrow.lib._ndarray_to_array
    check_status(NdarrayToArrow(pool, values, mask, from_pandas,
  File "pyarrow/error.pxi", line 92, in pyarrow.lib.check_status
pyarrow.lib.ArrowTypeError: ("Expected bytes, got a 'bool' object", 'Conversion failed for column Value with type object')
2026-10-08 17:40:00.799 Please replace `use_container_width` with `width`.

`use_container_width` will be removed after 2025-12-31.

For `use_container_width=True`, use `width='stretch'`. For `use_container_width=False`, use `width='content'`.
2026-10-08 17:40:00.800 Please replace `use_container_width` with `width`.

`use_container_width` will be removed after 2025-12-31.

For `use_container_width=True`, use `width='stretch'`. For `use_container_width=False`, use `width='content'`.
2026-10-08 17:40:00.802 Please replace `use_container_width` with `width`.

`use_container_width` will be removed after 2025-12-31.

For `use_container_width=True`, use `width='stretch'`. For `use_container_width=False`, use `width='content'`.
2026-10-08 17:40:00.804 Please replace `use_container_width` with `width`.

`use_container_width` will be removed after 2025-12-31.

For `use_container_width=True`, use `width='stretch'`. For `use_container_width=False`, use `width='content'`.
2026-10-08 17:40:00.805 Please replace `use_container_width` with `width`.

`use_container_width` will be removed after 2025-12-31.

For `use_container_width=True`, use `width='stretch'`. For `use_container_width=False`, use `width='content'`.
2026-10-08 17:40:00.820 Please replace `use_container_width` with `width`.

`use_container_width` will be removed after 2025-12-31.

For `use_container_width=True`, use `width='stretch'`. For `use_container_width=False`, use `width='content'`.
2026-10-08 17:40:00.821 Please replace `use_container_width` with `width`.

`use_container_width` will be removed after 2025-12-31.

For `use_container_width=True`, use `width='stretch'`. For `use_container_width=False`, use `width='content'`.
2026-10-08 17:40:00.823 Please replace `use_container_width` with `width`.

`use_container_width` will be removed after 2025-12-31.

For `use_container_width=True`, use `width='stretch'`. For `use_container_width=False`, use `width='content'`.
2026-10-08 17:40:00.823 Serialization of dataframe to Arrow table was unsuccessful. Applying automatic fixes for column types to make the dataframe Arrow-compatible.
Traceback (most recent call last):
  File "/workspace/scratch/42ffe4c93098/utilization9_runtime/lib/python3.14/site-packages/streamlit/dataframe_util.py", line 940, in convert_pandas_df_to_arrow_table
    return pa.Table.from_pandas(df, preserve_index=preserve_index)
           ~~~~~~~~~~~~~~~~~~~~^^^^^^^^^^^^^^^^^^^^^^^^^^^^^^^^^^^
  File "pyarrow/table.pxi", line 4768, in pyarrow.lib.Table.from_pandas
  File "/workspace/scratch/42ffe4c93098/utilization9_runtime/lib/python3.14/site-packages/pyarrow/pandas_compat.py", line 651, in dataframe_to_arrays
    arrays = [convert_column(c, f)
              ~~~~~~~~~~~~~~^^^^^^
  File "/workspace/scratch/42ffe4c93098/utilization9_runtime/lib/python3.14/site-packages/pyarrow/pandas_compat.py", line 639, in convert_column
    raise e
  File "/workspace/scratch/42ffe4c93098/utilization9_runtime/lib/python3.14/site-packages/pyarrow/pandas_compat.py", line 633, in convert_column
    result = pa.array(col, type=type_, from_pandas=True, safe=safe)
  File "pyarrow/array.pxi", line 390, in pyarrow.lib.array
    result = _ndarray_to_array(values, mask, type, c_from_pandas, safe,
  File "pyarrow/array.pxi", line 91, in pyarrow.lib._ndarray_to_array
    check_status(NdarrayToArrow(pool, values, mask, from_pandas,
  File "pyarrow/error.pxi", line 92, in pyarrow.lib.check_status
pyarrow.lib.ArrowTypeError: ("Expected bytes, got a 'float' object", 'Conversion failed for column Value with type object')
2026-10-08 17:40:00.826 Please replace `use_container_width` with `width`.

`use_container_width` will be removed after 2025-12-31.

For `use_container_width=True`, use `width='stretch'`. For `use_container_width=False`, use `width='content'`.
2026-10-08 17:40:00.826 Serialization of dataframe to Arrow table was unsuccessful. Applying automatic fixes for column types to make the dataframe Arrow-compatible.
Traceback (most recent call last):
  File "/workspace/scratch/42ffe4c93098/utilization9_runtime/lib/python3.14/site-packages/streamlit/dataframe_util.py", line 940, in convert_pandas_df_to_arrow_table
    return pa.Table.from_pandas(df, preserve_index=preserve_index)
           ~~~~~~~~~~~~~~~~~~~~^^^^^^^^^^^^^^^^^^^^^^^^^^^^^^^^^^^
  File "pyarrow/table.pxi", line 4768, in pyarrow.lib.Table.from_pandas
  File "/workspace/scratch/42ffe4c93098/utilization9_runtime/lib/python3.14/site-packages/pyarrow/pandas_compat.py", line 651, in dataframe_to_arrays
    arrays = [convert_column(c, f)
              ~~~~~~~~~~~~~~^^^^^^
  File "/workspace/scratch/42ffe4c93098/utilization9_runtime/lib/python3.14/site-packages/pyarrow/pandas_compat.py", line 639, in convert_column
    raise e
  File "/workspace/scratch/42ffe4c93098/utilization9_runtime/lib/python3.14/site-packages/pyarrow/pandas_compat.py", line 633, in convert_column
    result = pa.array(col, type=type_, from_pandas=True, safe=safe)
  File "pyarrow/array.pxi", line 390, in pyarrow.lib.array
    result = _ndarray_to_array(values, mask, type, c_from_pandas, safe,
  File "pyarrow/array.pxi", line 91, in pyarrow.lib._ndarray_to_array
    check_status(NdarrayToArrow(pool, values, mask, from_pandas,
  File "pyarrow/error.pxi", line 92, in pyarrow.lib.check_status
pyarrow.lib.ArrowInvalid: ("Could not convert 'Wet slab/topping, barrier, wearing surface, SDL/LL, building service loads' with type str: tried to convert to double", 'Conversion failed for column w_kN/m per girder with type object')
2026-10-08 17:40:00.828 Please replace `use_container_width` with `width`.

`use_container_width` will be removed after 2025-12-31.

For `use_container_width=True`, use `width='stretch'`. For `use_container_width=False`, use `width='content'`.
2026-10-08 17:40:00.831 Please replace `use_container_width` with `width`.

`use_container_width` will be removed after 2025-12-31.

For `use_container_width=True`, use `width='stretch'`. For `use_container_width=False`, use `width='content'`.
2026-10-08 17:40:00.833 Please replace `use_container_width` with `width`.

`use_container_width` will be removed after 2025-12-31.

For `use_container_width=True`, use `width='stretch'`. For `use_container_width=False`, use `width='content'`.
2026-10-08 17:40:00.838 Please replace `use_container_width` with `width`.

`use_container_width` will be removed after 2025-12-31.

For `use_container_width=True`, use `width='stretch'`. For `use_container_width=False`, use `width='content'`.
2026-10-08 17:40:00.839 Serialization of dataframe to Arrow table was unsuccessful. Applying automatic fixes for column types to make the dataframe Arrow-compatible.
Traceback (most recent call last):
  File "/workspace/scratch/42ffe4c93098/utilization9_runtime/lib/python3.14/site-packages/streamlit/dataframe_util.py", line 940, in convert_pandas_df_to_arrow_table
    return pa.Table.from_pandas(df, preserve_index=preserve_index)
           ~~~~~~~~~~~~~~~~~~~~^^^^^^^^^^^^^^^^^^^^^^^^^^^^^^^^^^^
  File "pyarrow/table.pxi", line 4768, in pyarrow.lib.Table.from_pandas
  File "/workspace/scratch/42ffe4c93098/utilization9_runtime/lib/python3.14/site-packages/pyarrow/pandas_compat.py", line 651, in dataframe_to_arrays
    arrays = [convert_column(c, f)
              ~~~~~~~~~~~~~~^^^^^^
  File "/workspace/scratch/42ffe4c93098/utilization9_runtime/lib/python3.14/site-packages/pyarrow/pandas_compat.py", line 639, in convert_column
    raise e
  File "/workspace/scratch/42ffe4c93098/utilization9_runtime/lib/python3.14/site-packages/pyarrow/pandas_compat.py", line 633, in convert_column
    result = pa.array(col, type=type_, from_pandas=True, safe=safe)
  File "pyarrow/array.pxi", line 390, in pyarrow.lib.array
    result = _ndarray_to_array(values, mask, type, c_from_pandas, safe,
  File "pyarrow/array.pxi", line 91, in pyarrow.lib._ndarray_to_array
    check_status(NdarrayToArrow(pool, values, mask, from_pandas,
  File "pyarrow/error.pxi", line 92, in pyarrow.lib.check_status
pyarrow.lib.ArrowInvalid: ('Could not convert 0 with type int: tried to convert to boolean', 'Conversion failed for column Value with type object')
2026-10-08 17:40:00.840 Please replace `use_container_width` with `width`.

`use_container_width` will be removed after 2025-12-31.

For `use_container_width=True`, use `width='stretch'`. For `use_container_width=False`, use `width='content'`.
2026-10-08 17:40:00.845 Please replace `use_container_width` with `width`.

`use_container_width` will be removed after 2025-12-31.

For `use_container_width=True`, use `width='stretch'`. For `use_container_width=False`, use `width='content'`.
2026-10-08 17:40:01.284 Please replace `use_container_width` with `width`.

`use_container_width` will be removed after 2025-12-31.

For `use_container_width=True`, use `width='stretch'`. For `use_container_width=False`, use `width='content'`.
2026-10-08 17:40:01.285 Please replace `use_container_width` with `width`.

`use_container_width` will be removed after 2025-12-31.

For `use_container_width=True`, use `width='stretch'`. For `use_container_width=False`, use `width='content'`.
2026-10-08 17:40:01.286 Please replace `use_container_width` with `width`.

`use_container_width` will be removed after 2025-12-31.

For `use_container_width=True`, use `width='stretch'`. For `use_container_width=False`, use `width='content'`.
2026-10-08 17:40:01.425 Please replace `use_container_width` with `width`.

`use_container_width` will be removed after 2025-12-31.

For `use_container_width=True`, use `width='stretch'`. For `use_container_width=False`, use `width='content'`.
2026-10-08 17:40:01.438 Please replace `use_container_width` with `width`.

`use_container_width` will be removed after 2025-12-31.

For `use_container_width=True`, use `width='stretch'`. For `use_container_width=False`, use `width='content'`.
2026-10-08 17:40:01.446 Please replace `use_container_width` with `width`.

`use_container_width` will be removed after 2025-12-31.

For `use_container_width=True`, use `width='stretch'`. For `use_container_width=False`, use `width='content'`.
2026-10-08 17:40:01.462 Please replace `use_container_width` with `width`.

`use_container_width` will be removed after 2025-12-31.

For `use_container_width=True`, use `width='stretch'`. For `use_container_width=False`, use `width='content'`.
2026-10-08 17:40:01.464 Please replace `use_container_width` with `width`.

`use_container_width` will be removed after 2025-12-31.

For `use_container_width=True`, use `width='stretch'`. For `use_container_width=False`, use `width='content'`.
2026-10-08 17:40:01.465 Please replace `use_container_width` with `width`.

`use_container_width` will be removed after 2025-12-31.

For `use_container_width=True`, use `width='stretch'`. For `use_container_width=False`, use `width='content'`.
2026-10-08 17:40:01.480 Please replace `use_container_width` with `width`.

`use_container_width` will be removed after 2025-12-31.

For `use_container_width=True`, use `width='stretch'`. For `use_container_width=False`, use `width='content'`.
2026-10-08 17:40:01.481 Please replace `use_container_width` with `width`.

`use_container_width` will be removed after 2025-12-31.

For `use_container_width=True`, use `width='stretch'`. For `use_container_width=False`, use `width='content'`.
2026-10-08 17:40:01.486 Please replace `use_container_width` with `width`.

`use_container_width` will be removed after 2025-12-31.

For `use_container_width=True`, use `width='stretch'`. For `use_container_width=False`, use `width='content'`.
2026-10-08 17:40:01.494 Please replace `use_container_width` with `width`.

`use_container_width` will be removed after 2025-12-31.

For `use_container_width=True`, use `width='stretch'`. For `use_container_width=False`, use `width='content'`.
2026-10-08 17:40:01.494 Serialization of dataframe to Arrow table was unsuccessful. Applying automatic fixes for column types to make the dataframe Arrow-compatible.
Traceback (most recent call last):
  File "/workspace/scratch/42ffe4c93098/utilization9_runtime/lib/python3.14/site-packages/streamlit/dataframe_util.py", line 940, in convert_pandas_df_to_arrow_table
    return pa.Table.from_pandas(df, preserve_index=preserve_index)
           ~~~~~~~~~~~~~~~~~~~~^^^^^^^^^^^^^^^^^^^^^^^^^^^^^^^^^^^
  File "pyarrow/table.pxi", line 4768, in pyarrow.lib.Table.from_pandas
  File "/workspace/scratch/42ffe4c93098/utilization9_runtime/lib/python3.14/site-packages/pyarrow/pandas_compat.py", line 651, in dataframe_to_arrays
    arrays = [convert_column(c, f)
              ~~~~~~~~~~~~~~^^^^^^
  File "/workspace/scratch/42ffe4c93098/utilization9_runtime/lib/python3.14/site-packages/pyarrow/pandas_compat.py", line 639, in convert_column
    raise e
  File "/workspace/scratch/42ffe4c93098/utilization9_runtime/lib/python3.14/site-packages/pyarrow/pandas_compat.py", line 633, in convert_column
    result = pa.array(col, type=type_, from_pandas=True, safe=safe)
  File "pyarrow/array.pxi", line 390, in pyarrow.lib.array
    result = _ndarray_to_array(values, mask, type, c_from_pandas, safe,
  File "pyarrow/array.pxi", line 91, in pyarrow.lib._ndarray_to_array
    check_status(NdarrayToArrow(pool, values, mask, from_pandas,
  File "pyarrow/error.pxi", line 92, in pyarrow.lib.check_status
pyarrow.lib.ArrowTypeError: ("Expected bytes, got a 'bool' object", 'Conversion failed for column Value with type object')
2026-10-08 17:40:01.497 Please replace `use_container_width` with `width`.

`use_container_width` will be removed after 2025-12-31.

For `use_container_width=True`, use `width='stretch'`. For `use_container_width=False`, use `width='content'`.
2026-10-08 17:40:01.499 Please replace `use_container_width` with `width`.

`use_container_width` will be removed after 2025-12-31.

For `use_container_width=True`, use `width='stretch'`. For `use_container_width=False`, use `width='content'`.
2026-10-08 17:40:01.501 Please replace `use_container_width` with `width`.

`use_container_width` will be removed after 2025-12-31.

For `use_container_width=True`, use `width='stretch'`. For `use_container_width=False`, use `width='content'`.
2026-10-08 17:40:01.503 Please replace `use_container_width` with `width`.

`use_container_width` will be removed after 2025-12-31.

For `use_container_width=True`, use `width='stretch'`. For `use_container_width=False`, use `width='content'`.
2026-10-08 17:40:01.505 Please replace `use_container_width` with `width`.

`use_container_width` will be removed after 2025-12-31.

For `use_container_width=True`, use `width='stretch'`. For `use_container_width=False`, use `width='content'`.
2026-10-08 17:40:01.525 Please replace `use_container_width` with `width`.

`use_container_width` will be removed after 2025-12-31.

For `use_container_width=True`, use `width='stretch'`. For `use_container_width=False`, use `width='content'`.
2026-10-08 17:40:01.528 Please replace `use_container_width` with `width`.

`use_container_width` will be removed after 2025-12-31.

For `use_container_width=True`, use `width='stretch'`. For `use_container_width=False`, use `width='content'`.
2026-10-08 17:40:01.529 Please replace `use_container_width` with `width`.

`use_container_width` will be removed after 2025-12-31.

For `use_container_width=True`, use `width='stretch'`. For `use_container_width=False`, use `width='content'`.
2026-10-08 17:40:01.530 Serialization of dataframe to Arrow table was unsuccessful. Applying automatic fixes for column types to make the dataframe Arrow-compatible.
Traceback (most recent call last):
  File "/workspace/scratch/42ffe4c93098/utilization9_runtime/lib/python3.14/site-packages/streamlit/dataframe_util.py", line 940, in convert_pandas_df_to_arrow_table
    return pa.Table.from_pandas(df, preserve_index=preserve_index)
           ~~~~~~~~~~~~~~~~~~~~^^^^^^^^^^^^^^^^^^^^^^^^^^^^^^^^^^^
  File "pyarrow/table.pxi", line 4768, in pyarrow.lib.Table.from_pandas
  File "/workspace/scratch/42ffe4c93098/utilization9_runtime/lib/python3.14/site-packages/pyarrow/pandas_compat.py", line 651, in dataframe_to_arrays
    arrays = [convert_column(c, f)
              ~~~~~~~~~~~~~~^^^^^^
  File "/workspace/scratch/42ffe4c93098/utilization9_runtime/lib/python3.14/site-packages/pyarrow/pandas_compat.py", line 639, in convert_column
    raise e
  File "/workspace/scratch/42ffe4c93098/utilization9_runtime/lib/python3.14/site-packages/pyarrow/pandas_compat.py", line 633, in convert_column
    result = pa.array(col, type=type_, from_pandas=True, safe=safe)
  File "pyarrow/array.pxi", line 390, in pyarrow.lib.array
    result = _ndarray_to_array(values, mask, type, c_from_pandas, safe,
  File "pyarrow/array.pxi", line 91, in pyarrow.lib._ndarray_to_array
    check_status(NdarrayToArrow(pool, values, mask, from_pandas,
  File "pyarrow/error.pxi", line 92, in pyarrow.lib.check_status
pyarrow.lib.ArrowTypeError: ("Expected bytes, got a 'float' object", 'Conversion failed for column Value with type object')
2026-10-08 17:40:01.533 Please replace `use_container_width` with `width`.

`use_container_width` will be removed after 2025-12-31.

For `use_container_width=True`, use `width='stretch'`. For `use_container_width=False`, use `width='content'`.
2026-10-08 17:40:01.534 Serialization of dataframe to Arrow table was unsuccessful. Applying automatic fixes for column types to make the dataframe Arrow-compatible.
Traceback (most recent call last):
  File "/workspace/scratch/42ffe4c93098/utilization9_runtime/lib/python3.14/site-packages/streamlit/dataframe_util.py", line 940, in convert_pandas_df_to_arrow_table
    return pa.Table.from_pandas(df, preserve_index=preserve_index)
           ~~~~~~~~~~~~~~~~~~~~^^^^^^^^^^^^^^^^^^^^^^^^^^^^^^^^^^^
  File "pyarrow/table.pxi", line 4768, in pyarrow.lib.Table.from_pandas
  File "/workspace/scratch/42ffe4c93098/utilization9_runtime/lib/python3.14/site-packages/pyarrow/pandas_compat.py", line 651, in dataframe_to_arrays
    arrays = [convert_column(c, f)
              ~~~~~~~~~~~~~~^^^^^^
  File "/workspace/scratch/42ffe4c93098/utilization9_runtime/lib/python3.14/site-packages/pyarrow/pandas_compat.py", line 639, in convert_column
    raise e
  File "/workspace/scratch/42ffe4c93098/utilization9_runtime/lib/python3.14/site-packages/pyarrow/pandas_compat.py", line 633, in convert_column
    result = pa.array(col, type=type_, from_pandas=True, safe=safe)
  File "pyarrow/array.pxi", line 390, in pyarrow.lib.array
    result = _ndarray_to_array(values, mask, type, c_from_pandas, safe,
  File "pyarrow/array.pxi", line 91, in pyarrow.lib._ndarray_to_array
    check_status(NdarrayToArrow(pool, values, mask, from_pandas,
  File "pyarrow/error.pxi", line 92, in pyarrow.lib.check_status
pyarrow.lib.ArrowInvalid: ("Could not convert 'Wet slab/topping, barrier, wearing surface, SDL/LL, building service loads' with type str: tried to convert to double", 'Conversion failed for column w_kN/m per girder with type object')
2026-10-08 17:40:01.538 Please replace `use_container_width` with `width`.

`use_container_width` will be removed after 2025-12-31.

For `use_container_width=True`, use `width='stretch'`. For `use_container_width=False`, use `width='content'`.
2026-10-08 17:40:01.541 Please replace `use_container_width` with `width`.

`use_container_width` will be removed after 2025-12-31.

For `use_container_width=True`, use `width='stretch'`. For `use_container_width=False`, use `width='content'`.
2026-10-08 17:40:01.543 Please replace `use_container_width` with `width`.

`use_container_width` will be removed after 2025-12-31.

For `use_container_width=True`, use `width='stretch'`. For `use_container_width=False`, use `width='content'`.
2026-10-08 17:40:01.552 Please replace `use_container_width` with `width`.

`use_container_width` will be removed after 2025-12-31.

For `use_container_width=True`, use `width='stretch'`. For `use_container_width=False`, use `width='content'`.
2026-10-08 17:40:01.552 Serialization of dataframe to Arrow table was unsuccessful. Applying automatic fixes for column types to make the dataframe Arrow-compatible.
Traceback (most recent call last):
  File "/workspace/scratch/42ffe4c93098/utilization9_runtime/lib/python3.14/site-packages/streamlit/dataframe_util.py", line 940, in convert_pandas_df_to_arrow_table
    return pa.Table.from_pandas(df, preserve_index=preserve_index)
           ~~~~~~~~~~~~~~~~~~~~^^^^^^^^^^^^^^^^^^^^^^^^^^^^^^^^^^^
  File "pyarrow/table.pxi", line 4768, in pyarrow.lib.Table.from_pandas
  File "/workspace/scratch/42ffe4c93098/utilization9_runtime/lib/python3.14/site-packages/pyarrow/pandas_compat.py", line 651, in dataframe_to_arrays
    arrays = [convert_column(c, f)
              ~~~~~~~~~~~~~~^^^^^^
  File "/workspace/scratch/42ffe4c93098/utilization9_runtime/lib/python3.14/site-packages/pyarrow/pandas_compat.py", line 639, in convert_column
    raise e
  File "/workspace/scratch/42ffe4c93098/utilization9_runtime/lib/python3.14/site-packages/pyarrow/pandas_compat.py", line 633, in convert_column
    result = pa.array(col, type=type_, from_pandas=True, safe=safe)
  File "pyarrow/array.pxi", line 390, in pyarrow.lib.array
    result = _ndarray_to_array(values, mask, type, c_from_pandas, safe,
  File "pyarrow/array.pxi", line 91, in pyarrow.lib._ndarray_to_array
    check_status(NdarrayToArrow(pool, values, mask, from_pandas,
  File "pyarrow/error.pxi", line 92, in pyarrow.lib.check_status
pyarrow.lib.ArrowInvalid: ('Could not convert 0 with type int: tried to convert to boolean', 'Conversion failed for column Value with type object')
2026-10-08 17:40:01.554 Please replace `use_container_width` with `width`.

`use_container_width` will be removed after 2025-12-31.

For `use_container_width=True`, use `width='stretch'`. For `use_container_width=False`, use `width='content'`.
2026-10-08 17:40:01.561 Please replace `use_container_width` with `width`.

`use_container_width` will be removed after 2025-12-31.

For `use_container_width=True`, use `width='stretch'`. For `use_container_width=False`, use `width='content'`.
2026-10-08 17:40:02.112 Please replace `use_container_width` with `width`.

`use_container_width` will be removed after 2025-12-31.

For `use_container_width=True`, use `width='stretch'`. For `use_container_width=False`, use `width='content'`.
2026-10-08 17:40:02.113 Please replace `use_container_width` with `width`.

`use_container_width` will be removed after 2025-12-31.

For `use_container_width=True`, use `width='stretch'`. For `use_container_width=False`, use `width='content'`.
2026-10-08 17:40:02.114 Please replace `use_container_width` with `width`.

`use_container_width` will be removed after 2025-12-31.

For `use_container_width=True`, use `width='stretch'`. For `use_container_width=False`, use `width='content'`.
2026-10-08 17:40:02.312 Please replace `use_container_width` with `width`.

`use_container_width` will be removed after 2025-12-31.

For `use_container_width=True`, use `width='stretch'`. For `use_container_width=False`, use `width='content'`.
2026-10-08 17:40:02.319 Please replace `use_container_width` with `width`.

`use_container_width` will be removed after 2025-12-31.

For `use_container_width=True`, use `width='stretch'`. For `use_container_width=False`, use `width='content'`.
2026-10-08 17:40:02.326 Please replace `use_container_width` with `width`.

`use_container_width` will be removed after 2025-12-31.

For `use_container_width=True`, use `width='stretch'`. For `use_container_width=False`, use `width='content'`.
2026-10-08 17:40:02.346 Please replace `use_container_width` with `width`.

`use_container_width` will be removed after 2025-12-31.

For `use_container_width=True`, use `width='stretch'`. For `use_container_width=False`, use `width='content'`.
2026-10-08 17:40:02.347 Please replace `use_container_width` with `width`.

`use_container_width` will be removed after 2025-12-31.

For `use_container_width=True`, use `width='stretch'`. For `use_container_width=False`, use `width='content'`.
2026-10-08 17:40:02.349 Please replace `use_container_width` with `width`.

`use_container_width` will be removed after 2025-12-31.

For `use_container_width=True`, use `width='stretch'`. For `use_container_width=False`, use `width='content'`.
2026-10-08 17:40:02.370 Please replace `use_container_width` with `width`.

`use_container_width` will be removed after 2025-12-31.

For `use_container_width=True`, use `width='stretch'`. For `use_container_width=False`, use `width='content'`.
2026-10-08 17:40:02.371 Please replace `use_container_width` with `width`.

`use_container_width` will be removed after 2025-12-31.

For `use_container_width=True`, use `width='stretch'`. For `use_container_width=False`, use `width='content'`.
2026-10-08 17:40:02.378 Please replace `use_container_width` with `width`.

`use_container_width` will be removed after 2025-12-31.

For `use_container_width=True`, use `width='stretch'`. For `use_container_width=False`, use `width='content'`.
2026-10-08 17:40:02.386 Please replace `use_container_width` with `width`.

`use_container_width` will be removed after 2025-12-31.

For `use_container_width=True`, use `width='stretch'`. For `use_container_width=False`, use `width='content'`.
2026-10-08 17:40:02.386 Serialization of dataframe to Arrow table was unsuccessful. Applying automatic fixes for column types to make the dataframe Arrow-compatible.
Traceback (most recent call last):
  File "/workspace/scratch/42ffe4c93098/utilization9_runtime/lib/python3.14/site-packages/streamlit/dataframe_util.py", line 940, in convert_pandas_df_to_arrow_table
    return pa.Table.from_pandas(df, preserve_index=preserve_index)
           ~~~~~~~~~~~~~~~~~~~~^^^^^^^^^^^^^^^^^^^^^^^^^^^^^^^^^^^
  File "pyarrow/table.pxi", line 4768, in pyarrow.lib.Table.from_pandas
  File "/workspace/scratch/42ffe4c93098/utilization9_runtime/lib/python3.14/site-packages/pyarrow/pandas_compat.py", line 651, in dataframe_to_arrays
    arrays = [convert_column(c, f)
              ~~~~~~~~~~~~~~^^^^^^
  File "/workspace/scratch/42ffe4c93098/utilization9_runtime/lib/python3.14/site-packages/pyarrow/pandas_compat.py", line 639, in convert_column
    raise e
  File "/workspace/scratch/42ffe4c93098/utilization9_runtime/lib/python3.14/site-packages/pyarrow/pandas_compat.py", line 633, in convert_column
    result = pa.array(col, type=type_, from_pandas=True, safe=safe)
  File "pyarrow/array.pxi", line 390, in pyarrow.lib.array
    result = _ndarray_to_array(values, mask, type, c_from_pandas, safe,
  File "pyarrow/array.pxi", line 91, in pyarrow.lib._ndarray_to_array
    check_status(NdarrayToArrow(pool, values, mask, from_pandas,
  File "pyarrow/error.pxi", line 92, in pyarrow.lib.check_status
pyarrow.lib.ArrowTypeError: ("Expected bytes, got a 'bool' object", 'Conversion failed for column Value with type object')
2026-10-08 17:40:02.389 Please replace `use_container_width` with `width`.

`use_container_width` will be removed after 2025-12-31.

For `use_container_width=True`, use `width='stretch'`. For `use_container_width=False`, use `width='content'`.
2026-10-08 17:40:02.391 Please replace `use_container_width` with `width`.

`use_container_width` will be removed after 2025-12-31.

For `use_container_width=True`, use `width='stretch'`. For `use_container_width=False`, use `width='content'`.
2026-10-08 17:40:02.394 Please replace `use_container_width` with `width`.

`use_container_width` will be removed after 2025-12-31.

For `use_container_width=True`, use `width='stretch'`. For `use_container_width=False`, use `width='content'`.
2026-10-08 17:40:02.396 Please replace `use_container_width` with `width`.

`use_container_width` will be removed after 2025-12-31.

For `use_container_width=True`, use `width='stretch'`. For `use_container_width=False`, use `width='content'`.
2026-10-08 17:40:02.398 Please replace `use_container_width` with `width`.

`use_container_width` will be removed after 2025-12-31.

For `use_container_width=True`, use `width='stretch'`. For `use_container_width=False`, use `width='content'`.
2026-10-08 17:40:02.417 Please replace `use_container_width` with `width`.

`use_container_width` will be removed after 2025-12-31.

For `use_container_width=True`, use `width='stretch'`. For `use_container_width=False`, use `width='content'`.
2026-10-08 17:40:02.419 Please replace `use_container_width` with `width`.

`use_container_width` will be removed after 2025-12-31.

For `use_container_width=True`, use `width='stretch'`. For `use_container_width=False`, use `width='content'`.
2026-10-08 17:40:02.420 Please replace `use_container_width` with `width`.

`use_container_width` will be removed after 2025-12-31.

For `use_container_width=True`, use `width='stretch'`. For `use_container_width=False`, use `width='content'`.
2026-10-08 17:40:02.421 Serialization of dataframe to Arrow table was unsuccessful. Applying automatic fixes for column types to make the dataframe Arrow-compatible.
Traceback (most recent call last):
  File "/workspace/scratch/42ffe4c93098/utilization9_runtime/lib/python3.14/site-packages/streamlit/dataframe_util.py", line 940, in convert_pandas_df_to_arrow_table
    return pa.Table.from_pandas(df, preserve_index=preserve_index)
           ~~~~~~~~~~~~~~~~~~~~^^^^^^^^^^^^^^^^^^^^^^^^^^^^^^^^^^^
  File "pyarrow/table.pxi", line 4768, in pyarrow.lib.Table.from_pandas
  File "/workspace/scratch/42ffe4c93098/utilization9_runtime/lib/python3.14/site-packages/pyarrow/pandas_compat.py", line 651, in dataframe_to_arrays
    arrays = [convert_column(c, f)
              ~~~~~~~~~~~~~~^^^^^^
  File "/workspace/scratch/42ffe4c93098/utilization9_runtime/lib/python3.14/site-packages/pyarrow/pandas_compat.py", line 639, in convert_column
    raise e
  File "/workspace/scratch/42ffe4c93098/utilization9_runtime/lib/python3.14/site-packages/pyarrow/pandas_compat.py", line 633, in convert_column
    result = pa.array(col, type=type_, from_pandas=True, safe=safe)
  File "pyarrow/array.pxi", line 390, in pyarrow.lib.array
    result = _ndarray_to_array(values, mask, type, c_from_pandas, safe,
  File "pyarrow/array.pxi", line 91, in pyarrow.lib._ndarray_to_array
    check_status(NdarrayToArrow(pool, values, mask, from_pandas,
  File "pyarrow/error.pxi", line 92, in pyarrow.lib.check_status
pyarrow.lib.ArrowTypeError: ("Expected bytes, got a 'float' object", 'Conversion failed for column Value with type object')
2026-10-08 17:40:02.424 Please replace `use_container_width` with `width`.

`use_container_width` will be removed after 2025-12-31.

For `use_container_width=True`, use `width='stretch'`. For `use_container_width=False`, use `width='content'`.
2026-10-08 17:40:02.424 Serialization of dataframe to Arrow table was unsuccessful. Applying automatic fixes for column types to make the dataframe Arrow-compatible.
Traceback (most recent call last):
  File "/workspace/scratch/42ffe4c93098/utilization9_runtime/lib/python3.14/site-packages/streamlit/dataframe_util.py", line 940, in convert_pandas_df_to_arrow_table
    return pa.Table.from_pandas(df, preserve_index=preserve_index)
           ~~~~~~~~~~~~~~~~~~~~^^^^^^^^^^^^^^^^^^^^^^^^^^^^^^^^^^^
  File "pyarrow/table.pxi", line 4768, in pyarrow.lib.Table.from_pandas
  File "/workspace/scratch/42ffe4c93098/utilization9_runtime/lib/python3.14/site-packages/pyarrow/pandas_compat.py", line 651, in dataframe_to_arrays
    arrays = [convert_column(c, f)
              ~~~~~~~~~~~~~~^^^^^^
  File "/workspace/scratch/42ffe4c93098/utilization9_runtime/lib/python3.14/site-packages/pyarrow/pandas_compat.py", line 639, in convert_column
    raise e
  File "/workspace/scratch/42ffe4c93098/utilization9_runtime/lib/python3.14/site-packages/pyarrow/pandas_compat.py", line 633, in convert_column
    result = pa.array(col, type=type_, from_pandas=True, safe=safe)
  File "pyarrow/array.pxi", line 390, in pyarrow.lib.array
    result = _ndarray_to_array(values, mask, type, c_from_pandas, safe,
  File "pyarrow/array.pxi", line 91, in pyarrow.lib._ndarray_to_array
    check_status(NdarrayToArrow(pool, values, mask, from_pandas,
  File "pyarrow/error.pxi", line 92, in pyarrow.lib.check_status
pyarrow.lib.ArrowInvalid: ("Could not convert 'Wet slab/topping, barrier, wearing surface, SDL/LL, building service loads' with type str: tried to convert to double", 'Conversion failed for column w_kN/m per girder with type object')
2026-10-08 17:40:02.426 Please replace `use_container_width` with `width`.

`use_container_width` will be removed after 2025-12-31.

For `use_container_width=True`, use `width='stretch'`. For `use_container_width=False`, use `width='content'`.
2026-10-08 17:40:02.429 Please replace `use_container_width` with `width`.

`use_container_width` will be removed after 2025-12-31.

For `use_container_width=True`, use `width='stretch'`. For `use_container_width=False`, use `width='content'`.
2026-10-08 17:40:02.431 Please replace `use_container_width` with `width`.

`use_container_width` will be removed after 2025-12-31.

For `use_container_width=True`, use `width='stretch'`. For `use_container_width=False`, use `width='content'`.
2026-10-08 17:40:02.437 Please replace `use_container_width` with `width`.

`use_container_width` will be removed after 2025-12-31.

For `use_container_width=True`, use `width='stretch'`. For `use_container_width=False`, use `width='content'`.
2026-10-08 17:40:02.438 Serialization of dataframe to Arrow table was unsuccessful. Applying automatic fixes for column types to make the dataframe Arrow-compatible.
Traceback (most recent call last):
  File "/workspace/scratch/42ffe4c93098/utilization9_runtime/lib/python3.14/site-packages/streamlit/dataframe_util.py", line 940, in convert_pandas_df_to_arrow_table
    return pa.Table.from_pandas(df, preserve_index=preserve_index)
           ~~~~~~~~~~~~~~~~~~~~^^^^^^^^^^^^^^^^^^^^^^^^^^^^^^^^^^^
  File "pyarrow/table.pxi", line 4768, in pyarrow.lib.Table.from_pandas
  File "/workspace/scratch/42ffe4c93098/utilization9_runtime/lib/python3.14/site-packages/pyarrow/pandas_compat.py", line 651, in dataframe_to_arrays
    arrays = [convert_column(c, f)
              ~~~~~~~~~~~~~~^^^^^^
  File "/workspace/scratch/42ffe4c93098/utilization9_runtime/lib/python3.14/site-packages/pyarrow/pandas_compat.py", line 639, in convert_column
    raise e
  File "/workspace/scratch/42ffe4c93098/utilization9_runtime/lib/python3.14/site-packages/pyarrow/pandas_compat.py", line 633, in convert_column
    result = pa.array(col, type=type_, from_pandas=True, safe=safe)
  File "pyarrow/array.pxi", line 390, in pyarrow.lib.array
    result = _ndarray_to_array(values, mask, type, c_from_pandas, safe,
  File "pyarrow/array.pxi", line 91, in pyarrow.lib._ndarray_to_array
    check_status(NdarrayToArrow(pool, values, mask, from_pandas,
  File "pyarrow/error.pxi", line 92, in pyarrow.lib.check_status
pyarrow.lib.ArrowInvalid: ('Could not convert 0 with type int: tried to convert to boolean', 'Conversion failed for column Value with type object')
2026-10-08 17:40:02.439 Please replace `use_container_width` with `width`.

`use_container_width` will be removed after 2025-12-31.

For `use_container_width=True`, use `width='stretch'`. For `use_container_width=False`, use `width='content'`.
2026-10-08 17:40:02.444 Please replace `use_container_width` with `width`.

`use_container_width` will be removed after 2025-12-31.

For `use_container_width=True`, use `width='stretch'`. For `use_container_width=False`, use `width='content'`.
2026-10-08 17:40:02.931 Please replace `use_container_width` with `width`.

`use_container_width` will be removed after 2025-12-31.

For `use_container_width=True`, use `width='stretch'`. For `use_container_width=False`, use `width='content'`.
2026-10-08 17:40:02.933 Please replace `use_container_width` with `width`.

`use_container_width` will be removed after 2025-12-31.

For `use_container_width=True`, use `width='stretch'`. For `use_container_width=False`, use `width='content'`.
2026-10-08 17:40:02.934 Please replace `use_container_width` with `width`.

`use_container_width` will be removed after 2025-12-31.

For `use_container_width=True`, use `width='stretch'`. For `use_container_width=False`, use `width='content'`.
2026-10-08 17:40:03.071 Please replace `use_container_width` with `width`.

`use_container_width` will be removed after 2025-12-31.

For `use_container_width=True`, use `width='stretch'`. For `use_container_width=False`, use `width='content'`.
2026-10-08 17:40:03.077 Please replace `use_container_width` with `width`.

`use_container_width` will be removed after 2025-12-31.

For `use_container_width=True`, use `width='stretch'`. For `use_container_width=False`, use `width='content'`.
2026-10-08 17:40:03.081 Please replace `use_container_width` with `width`.

`use_container_width` will be removed after 2025-12-31.

For `use_container_width=True`, use `width='stretch'`. For `use_container_width=False`, use `width='content'`.
2026-10-08 17:40:03.102 Please replace `use_container_width` with `width`.

`use_container_width` will be removed after 2025-12-31.

For `use_container_width=True`, use `width='stretch'`. For `use_container_width=False`, use `width='content'`.
2026-10-08 17:40:03.104 Please replace `use_container_width` with `width`.

`use_container_width` will be removed after 2025-12-31.

For `use_container_width=True`, use `width='stretch'`. For `use_container_width=False`, use `width='content'`.
2026-10-08 17:40:03.105 Please replace `use_container_width` with `width`.

`use_container_width` will be removed after 2025-12-31.

For `use_container_width=True`, use `width='stretch'`. For `use_container_width=False`, use `width='content'`.
2026-10-08 17:40:03.126 Please replace `use_container_width` with `width`.

`use_container_width` will be removed after 2025-12-31.

For `use_container_width=True`, use `width='stretch'`. For `use_container_width=False`, use `width='content'`.
2026-10-08 17:40:03.127 Please replace `use_container_width` with `width`.

`use_container_width` will be removed after 2025-12-31.

For `use_container_width=True`, use `width='stretch'`. For `use_container_width=False`, use `width='content'`.
2026-10-08 17:40:03.135 Please replace `use_container_width` with `width`.

`use_container_width` will be removed after 2025-12-31.

For `use_container_width=True`, use `width='stretch'`. For `use_container_width=False`, use `width='content'`.
2026-10-08 17:40:03.142 Please replace `use_container_width` with `width`.

`use_container_width` will be removed after 2025-12-31.

For `use_container_width=True`, use `width='stretch'`. For `use_container_width=False`, use `width='content'`.
2026-10-08 17:40:03.143 Serialization of dataframe to Arrow table was unsuccessful. Applying automatic fixes for column types to make the dataframe Arrow-compatible.
Traceback (most recent call last):
  File "/workspace/scratch/42ffe4c93098/utilization9_runtime/lib/python3.14/site-packages/streamlit/dataframe_util.py", line 940, in convert_pandas_df_to_arrow_table
    return pa.Table.from_pandas(df, preserve_index=preserve_index)
           ~~~~~~~~~~~~~~~~~~~~^^^^^^^^^^^^^^^^^^^^^^^^^^^^^^^^^^^
  File "pyarrow/table.pxi", line 4768, in pyarrow.lib.Table.from_pandas
  File "/workspace/scratch/42ffe4c93098/utilization9_runtime/lib/python3.14/site-packages/pyarrow/pandas_compat.py", line 651, in dataframe_to_arrays
    arrays = [convert_column(c, f)
              ~~~~~~~~~~~~~~^^^^^^
  File "/workspace/scratch/42ffe4c93098/utilization9_runtime/lib/python3.14/site-packages/pyarrow/pandas_compat.py", line 639, in convert_column
    raise e
  File "/workspace/scratch/42ffe4c93098/utilization9_runtime/lib/python3.14/site-packages/pyarrow/pandas_compat.py", line 633, in convert_column
    result = pa.array(col, type=type_, from_pandas=True, safe=safe)
  File "pyarrow/array.pxi", line 390, in pyarrow.lib.array
    result = _ndarray_to_array(values, mask, type, c_from_pandas, safe,
  File "pyarrow/array.pxi", line 91, in pyarrow.lib._ndarray_to_array
    check_status(NdarrayToArrow(pool, values, mask, from_pandas,
  File "pyarrow/error.pxi", line 92, in pyarrow.lib.check_status
pyarrow.lib.ArrowTypeError: ("Expected bytes, got a 'bool' object", 'Conversion failed for column Value with type object')
2026-10-08 17:40:03.146 Please replace `use_container_width` with `width`.

`use_container_width` will be removed after 2025-12-31.

For `use_container_width=True`, use `width='stretch'`. For `use_container_width=False`, use `width='content'`.
2026-10-08 17:40:03.148 Please replace `use_container_width` with `width`.

`use_container_width` will be removed after 2025-12-31.

For `use_container_width=True`, use `width='stretch'`. For `use_container_width=False`, use `width='content'`.
2026-10-08 17:40:03.150 Please replace `use_container_width` with `width`.

`use_container_width` will be removed after 2025-12-31.

For `use_container_width=True`, use `width='stretch'`. For `use_container_width=False`, use `width='content'`.
2026-10-08 17:40:03.152 Please replace `use_container_width` with `width`.

`use_container_width` will be removed after 2025-12-31.

For `use_container_width=True`, use `width='stretch'`. For `use_container_width=False`, use `width='content'`.
2026-10-08 17:40:03.154 Please replace `use_container_width` with `width`.

`use_container_width` will be removed after 2025-12-31.

For `use_container_width=True`, use `width='stretch'`. For `use_container_width=False`, use `width='content'`.
2026-10-08 17:40:03.174 Please replace `use_container_width` with `width`.

`use_container_width` will be removed after 2025-12-31.

For `use_container_width=True`, use `width='stretch'`. For `use_container_width=False`, use `width='content'`.
2026-10-08 17:40:03.176 Please replace `use_container_width` with `width`.

`use_container_width` will be removed after 2025-12-31.

For `use_container_width=True`, use `width='stretch'`. For `use_container_width=False`, use `width='content'`.
2026-10-08 17:40:03.178 Please replace `use_container_width` with `width`.

`use_container_width` will be removed after 2025-12-31.

For `use_container_width=True`, use `width='stretch'`. For `use_container_width=False`, use `width='content'`.
2026-10-08 17:40:03.178 Serialization of dataframe to Arrow table was unsuccessful. Applying automatic fixes for column types to make the dataframe Arrow-compatible.
Traceback (most recent call last):
  File "/workspace/scratch/42ffe4c93098/utilization9_runtime/lib/python3.14/site-packages/streamlit/dataframe_util.py", line 940, in convert_pandas_df_to_arrow_table
    return pa.Table.from_pandas(df, preserve_index=preserve_index)
           ~~~~~~~~~~~~~~~~~~~~^^^^^^^^^^^^^^^^^^^^^^^^^^^^^^^^^^^
  File "pyarrow/table.pxi", line 4768, in pyarrow.lib.Table.from_pandas
  File "/workspace/scratch/42ffe4c93098/utilization9_runtime/lib/python3.14/site-packages/pyarrow/pandas_compat.py", line 651, in dataframe_to_arrays
    arrays = [convert_column(c, f)
              ~~~~~~~~~~~~~~^^^^^^
  File "/workspace/scratch/42ffe4c93098/utilization9_runtime/lib/python3.14/site-packages/pyarrow/pandas_compat.py", line 639, in convert_column
    raise e
  File "/workspace/scratch/42ffe4c93098/utilization9_runtime/lib/python3.14/site-packages/pyarrow/pandas_compat.py", line 633, in convert_column
    result = pa.array(col, type=type_, from_pandas=True, safe=safe)
  File "pyarrow/array.pxi", line 390, in pyarrow.lib.array
    result = _ndarray_to_array(values, mask, type, c_from_pandas, safe,
  File "pyarrow/array.pxi", line 91, in pyarrow.lib._ndarray_to_array
    check_status(NdarrayToArrow(pool, values, mask, from_pandas,
  File "pyarrow/error.pxi", line 92, in pyarrow.lib.check_status
pyarrow.lib.ArrowTypeError: ("Expected bytes, got a 'float' object", 'Conversion failed for column Value with type object')
2026-10-08 17:40:03.182 Please replace `use_container_width` with `width`.

`use_container_width` will be removed after 2025-12-31.

For `use_container_width=True`, use `width='stretch'`. For `use_container_width=False`, use `width='content'`.
2026-10-08 17:40:03.182 Serialization of dataframe to Arrow table was unsuccessful. Applying automatic fixes for column types to make the dataframe Arrow-compatible.
Traceback (most recent call last):
  File "/workspace/scratch/42ffe4c93098/utilization9_runtime/lib/python3.14/site-packages/streamlit/dataframe_util.py", line 940, in convert_pandas_df_to_arrow_table
    return pa.Table.from_pandas(df, preserve_index=preserve_index)
           ~~~~~~~~~~~~~~~~~~~~^^^^^^^^^^^^^^^^^^^^^^^^^^^^^^^^^^^
  File "pyarrow/table.pxi", line 4768, in pyarrow.lib.Table.from_pandas
  File "/workspace/scratch/42ffe4c93098/utilization9_runtime/lib/python3.14/site-packages/pyarrow/pandas_compat.py", line 651, in dataframe_to_arrays
    arrays = [convert_column(c, f)
              ~~~~~~~~~~~~~~^^^^^^
  File "/workspace/scratch/42ffe4c93098/utilization9_runtime/lib/python3.14/site-packages/pyarrow/pandas_compat.py", line 639, in convert_column
    raise e
  File "/workspace/scratch/42ffe4c93098/utilization9_runtime/lib/python3.14/site-packages/pyarrow/pandas_compat.py", line 633, in convert_column
    result = pa.array(col, type=type_, from_pandas=True, safe=safe)
  File "pyarrow/array.pxi", line 390, in pyarrow.lib.array
    result = _ndarray_to_array(values, mask, type, c_from_pandas, safe,
  File "pyarrow/array.pxi", line 91, in pyarrow.lib._ndarray_to_array
    check_status(NdarrayToArrow(pool, values, mask, from_pandas,
  File "pyarrow/error.pxi", line 92, in pyarrow.lib.check_status
pyarrow.lib.ArrowInvalid: ("Could not convert 'Wet slab/topping, barrier, wearing surface, SDL/LL, building service loads' with type str: tried to convert to double", 'Conversion failed for column w_kN/m per girder with type object')
2026-10-08 17:40:03.185 Please replace `use_container_width` with `width`.

`use_container_width` will be removed after 2025-12-31.

For `use_container_width=True`, use `width='stretch'`. For `use_container_width=False`, use `width='content'`.
2026-10-08 17:40:03.189 Please replace `use_container_width` with `width`.

`use_container_width` will be removed after 2025-12-31.

For `use_container_width=True`, use `width='stretch'`. For `use_container_width=False`, use `width='content'`.
2026-10-08 17:40:03.191 Please replace `use_container_width` with `width`.

`use_container_width` will be removed after 2025-12-31.

For `use_container_width=True`, use `width='stretch'`. For `use_container_width=False`, use `width='content'`.
2026-10-08 17:40:03.200 Please replace `use_container_width` with `width`.

`use_container_width` will be removed after 2025-12-31.

For `use_container_width=True`, use `width='stretch'`. For `use_container_width=False`, use `width='content'`.
2026-10-08 17:40:03.201 Serialization of dataframe to Arrow table was unsuccessful. Applying automatic fixes for column types to make the dataframe Arrow-compatible.
Traceback (most recent call last):
  File "/workspace/scratch/42ffe4c93098/utilization9_runtime/lib/python3.14/site-packages/streamlit/dataframe_util.py", line 940, in convert_pandas_df_to_arrow_table
    return pa.Table.from_pandas(df, preserve_index=preserve_index)
           ~~~~~~~~~~~~~~~~~~~~^^^^^^^^^^^^^^^^^^^^^^^^^^^^^^^^^^^
  File "pyarrow/table.pxi", line 4768, in pyarrow.lib.Table.from_pandas
  File "/workspace/scratch/42ffe4c93098/utilization9_runtime/lib/python3.14/site-packages/pyarrow/pandas_compat.py", line 651, in dataframe_to_arrays
    arrays = [convert_column(c, f)
              ~~~~~~~~~~~~~~^^^^^^
  File "/workspace/scratch/42ffe4c93098/utilization9_runtime/lib/python3.14/site-packages/pyarrow/pandas_compat.py", line 639, in convert_column
    raise e
  File "/workspace/scratch/42ffe4c93098/utilization9_runtime/lib/python3.14/site-packages/pyarrow/pandas_compat.py", line 633, in convert_column
    result = pa.array(col, type=type_, from_pandas=True, safe=safe)
  File "pyarrow/array.pxi", line 390, in pyarrow.lib.array
    result = _ndarray_to_array(values, mask, type, c_from_pandas, safe,
  File "pyarrow/array.pxi", line 91, in pyarrow.lib._ndarray_to_array
    check_status(NdarrayToArrow(pool, values, mask, from_pandas,
  File "pyarrow/error.pxi", line 92, in pyarrow.lib.check_status
pyarrow.lib.ArrowInvalid: ('Could not convert 0 with type int: tried to convert to boolean', 'Conversion failed for column Value with type object')
2026-10-08 17:40:03.203 Please replace `use_container_width` with `width`.

`use_container_width` will be removed after 2025-12-31.

For `use_container_width=True`, use `width='stretch'`. For `use_container_width=False`, use `width='content'`.
2026-10-08 17:40:03.209 Please replace `use_container_width` with `width`.

`use_container_width` will be removed after 2025-12-31.

For `use_container_width=True`, use `width='stretch'`. For `use_container_width=False`, use `width='content'`.
2026-10-08 17:40:04.289 Please replace `use_container_width` with `width`.

`use_container_width` will be removed after 2025-12-31.

For `use_container_width=True`, use `width='stretch'`. For `use_container_width=False`, use `width='content'`.
2026-10-08 17:40:04.290 Please replace `use_container_width` with `width`.

`use_container_width` will be removed after 2025-12-31.

For `use_container_width=True`, use `width='stretch'`. For `use_container_width=False`, use `width='content'`.
2026-10-08 17:40:04.292 Please replace `use_container_width` with `width`.

`use_container_width` will be removed after 2025-12-31.

For `use_container_width=True`, use `width='stretch'`. For `use_container_width=False`, use `width='content'`.
2026-10-08 17:40:04.449 Please replace `use_container_width` with `width`.

`use_container_width` will be removed after 2025-12-31.

For `use_container_width=True`, use `width='stretch'`. For `use_container_width=False`, use `width='content'`.
2026-10-08 17:40:04.455 Please replace `use_container_width` with `width`.

`use_container_width` will be removed after 2025-12-31.

For `use_container_width=True`, use `width='stretch'`. For `use_container_width=False`, use `width='content'`.
2026-10-08 17:40:04.461 Please replace `use_container_width` with `width`.

`use_container_width` will be removed after 2025-12-31.

For `use_container_width=True`, use `width='stretch'`. For `use_container_width=False`, use `width='content'`.
2026-10-08 17:40:04.481 Please replace `use_container_width` with `width`.

`use_container_width` will be removed after 2025-12-31.

For `use_container_width=True`, use `width='stretch'`. For `use_container_width=False`, use `width='content'`.
2026-10-08 17:40:04.483 Please replace `use_container_width` with `width`.

`use_container_width` will be removed after 2025-12-31.

For `use_container_width=True`, use `width='stretch'`. For `use_container_width=False`, use `width='content'`.
2026-10-08 17:40:04.484 Please replace `use_container_width` with `width`.

`use_container_width` will be removed after 2025-12-31.

For `use_container_width=True`, use `width='stretch'`. For `use_container_width=False`, use `width='content'`.
2026-10-08 17:40:04.506 Please replace `use_container_width` with `width`.

`use_container_width` will be removed after 2025-12-31.

For `use_container_width=True`, use `width='stretch'`. For `use_container_width=False`, use `width='content'`.
2026-10-08 17:40:04.507 Please replace `use_container_width` with `width`.

`use_container_width` will be removed after 2025-12-31.

For `use_container_width=True`, use `width='stretch'`. For `use_container_width=False`, use `width='content'`.
2026-10-08 17:40:04.515 Please replace `use_container_width` with `width`.

`use_container_width` will be removed after 2025-12-31.

For `use_container_width=True`, use `width='stretch'`. For `use_container_width=False`, use `width='content'`.
2026-10-08 17:40:04.522 Please replace `use_container_width` with `width`.

`use_container_width` will be removed after 2025-12-31.

For `use_container_width=True`, use `width='stretch'`. For `use_container_width=False`, use `width='content'`.
2026-10-08 17:40:04.523 Serialization of dataframe to Arrow table was unsuccessful. Applying automatic fixes for column types to make the dataframe Arrow-compatible.
Traceback (most recent call last):
  File "/workspace/scratch/42ffe4c93098/utilization9_runtime/lib/python3.14/site-packages/streamlit/dataframe_util.py", line 940, in convert_pandas_df_to_arrow_table
    return pa.Table.from_pandas(df, preserve_index=preserve_index)
           ~~~~~~~~~~~~~~~~~~~~^^^^^^^^^^^^^^^^^^^^^^^^^^^^^^^^^^^
  File "pyarrow/table.pxi", line 4768, in pyarrow.lib.Table.from_pandas
  File "/workspace/scratch/42ffe4c93098/utilization9_runtime/lib/python3.14/site-packages/pyarrow/pandas_compat.py", line 651, in dataframe_to_arrays
    arrays = [convert_column(c, f)
              ~~~~~~~~~~~~~~^^^^^^
  File "/workspace/scratch/42ffe4c93098/utilization9_runtime/lib/python3.14/site-packages/pyarrow/pandas_compat.py", line 639, in convert_column
    raise e
  File "/workspace/scratch/42ffe4c93098/utilization9_runtime/lib/python3.14/site-packages/pyarrow/pandas_compat.py", line 633, in convert_column
    result = pa.array(col, type=type_, from_pandas=True, safe=safe)
  File "pyarrow/array.pxi", line 390, in pyarrow.lib.array
    result = _ndarray_to_array(values, mask, type, c_from_pandas, safe,
  File "pyarrow/array.pxi", line 91, in pyarrow.lib._ndarray_to_array
    check_status(NdarrayToArrow(pool, values, mask, from_pandas,
  File "pyarrow/error.pxi", line 92, in pyarrow.lib.check_status
pyarrow.lib.ArrowTypeError: ("Expected bytes, got a 'bool' object", 'Conversion failed for column Value with type object')
2026-10-08 17:40:04.526 Please replace `use_container_width` with `width`.

`use_container_width` will be removed after 2025-12-31.

For `use_container_width=True`, use `width='stretch'`. For `use_container_width=False`, use `width='content'`.
2026-10-08 17:40:04.528 Please replace `use_container_width` with `width`.

`use_container_width` will be removed after 2025-12-31.

For `use_container_width=True`, use `width='stretch'`. For `use_container_width=False`, use `width='content'`.
2026-10-08 17:40:04.529 Please replace `use_container_width` with `width`.

`use_container_width` will be removed after 2025-12-31.

For `use_container_width=True`, use `width='stretch'`. For `use_container_width=False`, use `width='content'`.
2026-10-08 17:40:04.532 Please replace `use_container_width` with `width`.

`use_container_width` will be removed after 2025-12-31.

For `use_container_width=True`, use `width='stretch'`. For `use_container_width=False`, use `width='content'`.
2026-10-08 17:40:04.534 Please replace `use_container_width` with `width`.

`use_container_width` will be removed after 2025-12-31.

For `use_container_width=True`, use `width='stretch'`. For `use_container_width=False`, use `width='content'`.
2026-10-08 17:40:04.550 Please replace `use_container_width` with `width`.

`use_container_width` will be removed after 2025-12-31.

For `use_container_width=True`, use `width='stretch'`. For `use_container_width=False`, use `width='content'`.
2026-10-08 17:40:04.552 Please replace `use_container_width` with `width`.

`use_container_width` will be removed after 2025-12-31.

For `use_container_width=True`, use `width='stretch'`. For `use_container_width=False`, use `width='content'`.
2026-10-08 17:40:04.553 Please replace `use_container_width` with `width`.

`use_container_width` will be removed after 2025-12-31.

For `use_container_width=True`, use `width='stretch'`. For `use_container_width=False`, use `width='content'`.
2026-10-08 17:40:04.553 Serialization of dataframe to Arrow table was unsuccessful. Applying automatic fixes for column types to make the dataframe Arrow-compatible.
Traceback (most recent call last):
  File "/workspace/scratch/42ffe4c93098/utilization9_runtime/lib/python3.14/site-packages/streamlit/dataframe_util.py", line 940, in convert_pandas_df_to_arrow_table
    return pa.Table.from_pandas(df, preserve_index=preserve_index)
           ~~~~~~~~~~~~~~~~~~~~^^^^^^^^^^^^^^^^^^^^^^^^^^^^^^^^^^^
  File "pyarrow/table.pxi", line 4768, in pyarrow.lib.Table.from_pandas
  File "/workspace/scratch/42ffe4c93098/utilization9_runtime/lib/python3.14/site-packages/pyarrow/pandas_compat.py", line 651, in dataframe_to_arrays
    arrays = [convert_column(c, f)
              ~~~~~~~~~~~~~~^^^^^^
  File "/workspace/scratch/42ffe4c93098/utilization9_runtime/lib/python3.14/site-packages/pyarrow/pandas_compat.py", line 639, in convert_column
    raise e
  File "/workspace/scratch/42ffe4c93098/utilization9_runtime/lib/python3.14/site-packages/pyarrow/pandas_compat.py", line 633, in convert_column
    result = pa.array(col, type=type_, from_pandas=True, safe=safe)
  File "pyarrow/array.pxi", line 390, in pyarrow.lib.array
    result = _ndarray_to_array(values, mask, type, c_from_pandas, safe,
  File "pyarrow/array.pxi", line 91, in pyarrow.lib._ndarray_to_array
    check_status(NdarrayToArrow(pool, values, mask, from_pandas,
  File "pyarrow/error.pxi", line 92, in pyarrow.lib.check_status
pyarrow.lib.ArrowTypeError: ("Expected bytes, got a 'float' object", 'Conversion failed for column Value with type object')
2026-10-08 17:40:04.557 Please replace `use_container_width` with `width`.

`use_container_width` will be removed after 2025-12-31.

For `use_container_width=True`, use `width='stretch'`. For `use_container_width=False`, use `width='content'`.
2026-10-08 17:40:04.557 Serialization of dataframe to Arrow table was unsuccessful. Applying automatic fixes for column types to make the dataframe Arrow-compatible.
Traceback (most recent call last):
  File "/workspace/scratch/42ffe4c93098/utilization9_runtime/lib/python3.14/site-packages/streamlit/dataframe_util.py", line 940, in convert_pandas_df_to_arrow_table
    return pa.Table.from_pandas(df, preserve_index=preserve_index)
           ~~~~~~~~~~~~~~~~~~~~^^^^^^^^^^^^^^^^^^^^^^^^^^^^^^^^^^^
  File "pyarrow/table.pxi", line 4768, in pyarrow.lib.Table.from_pandas
  File "/workspace/scratch/42ffe4c93098/utilization9_runtime/lib/python3.14/site-packages/pyarrow/pandas_compat.py", line 651, in dataframe_to_arrays
    arrays = [convert_column(c, f)
              ~~~~~~~~~~~~~~^^^^^^
  File "/workspace/scratch/42ffe4c93098/utilization9_runtime/lib/python3.14/site-packages/pyarrow/pandas_compat.py", line 639, in convert_column
    raise e
  File "/workspace/scratch/42ffe4c93098/utilization9_runtime/lib/python3.14/site-packages/pyarrow/pandas_compat.py", line 633, in convert_column
    result = pa.array(col, type=type_, from_pandas=True, safe=safe)
  File "pyarrow/array.pxi", line 390, in pyarrow.lib.array
    result = _ndarray_to_array(values, mask, type, c_from_pandas, safe,
  File "pyarrow/array.pxi", line 91, in pyarrow.lib._ndarray_to_array
    check_status(NdarrayToArrow(pool, values, mask, from_pandas,
  File "pyarrow/error.pxi", line 92, in pyarrow.lib.check_status
pyarrow.lib.ArrowInvalid: ("Could not convert 'Wet slab/topping, barrier, wearing surface, SDL/LL, building service loads' with type str: tried to convert to double", 'Conversion failed for column w_kN/m per girder with type object')
2026-10-08 17:40:04.560 Please replace `use_container_width` with `width`.

`use_container_width` will be removed after 2025-12-31.

For `use_container_width=True`, use `width='stretch'`. For `use_container_width=False`, use `width='content'`.
2026-10-08 17:40:04.562 Please replace `use_container_width` with `width`.

`use_container_width` will be removed after 2025-12-31.

For `use_container_width=True`, use `width='stretch'`. For `use_container_width=False`, use `width='content'`.
2026-10-08 17:40:04.563 Please replace `use_container_width` with `width`.

`use_container_width` will be removed after 2025-12-31.

For `use_container_width=True`, use `width='stretch'`. For `use_container_width=False`, use `width='content'`.
2026-10-08 17:40:04.569 Please replace `use_container_width` with `width`.

`use_container_width` will be removed after 2025-12-31.

For `use_container_width=True`, use `width='stretch'`. For `use_container_width=False`, use `width='content'`.
2026-10-08 17:40:04.569 Serialization of dataframe to Arrow table was unsuccessful. Applying automatic fixes for column types to make the dataframe Arrow-compatible.
Traceback (most recent call last):
  File "/workspace/scratch/42ffe4c93098/utilization9_runtime/lib/python3.14/site-packages/streamlit/dataframe_util.py", line 940, in convert_pandas_df_to_arrow_table
    return pa.Table.from_pandas(df, preserve_index=preserve_index)
           ~~~~~~~~~~~~~~~~~~~~^^^^^^^^^^^^^^^^^^^^^^^^^^^^^^^^^^^
  File "pyarrow/table.pxi", line 4768, in pyarrow.lib.Table.from_pandas
  File "/workspace/scratch/42ffe4c93098/utilization9_runtime/lib/python3.14/site-packages/pyarrow/pandas_compat.py", line 651, in dataframe_to_arrays
    arrays = [convert_column(c, f)
              ~~~~~~~~~~~~~~^^^^^^
  File "/workspace/scratch/42ffe4c93098/utilization9_runtime/lib/python3.14/site-packages/pyarrow/pandas_compat.py", line 639, in convert_column
    raise e
  File "/workspace/scratch/42ffe4c93098/utilization9_runtime/lib/python3.14/site-packages/pyarrow/pandas_compat.py", line 633, in convert_column
    result = pa.array(col, type=type_, from_pandas=True, safe=safe)
  File "pyarrow/array.pxi", line 390, in pyarrow.lib.array
    result = _ndarray_to_array(values, mask, type, c_from_pandas, safe,
  File "pyarrow/array.pxi", line 91, in pyarrow.lib._ndarray_to_array
    check_status(NdarrayToArrow(pool, values, mask, from_pandas,
  File "pyarrow/error.pxi", line 92, in pyarrow.lib.check_status
pyarrow.lib.ArrowInvalid: ('Could not convert 0 with type int: tried to convert to boolean', 'Conversion failed for column Value with type object')
2026-10-08 17:40:04.571 Please replace `use_container_width` with `width`.

`use_container_width` will be removed after 2025-12-31.

For `use_container_width=True`, use `width='stretch'`. For `use_container_width=False`, use `width='content'`.
2026-10-08 17:40:04.577 Please replace `use_container_width` with `width`.

`use_container_width` will be removed after 2025-12-31.

For `use_container_width=True`, use `width='stretch'`. For `use_container_width=False`, use `width='content'`.
2026-10-08 17:40:05.077 Please replace `use_container_width` with `width`.

`use_container_width` will be removed after 2025-12-31.

For `use_container_width=True`, use `width='stretch'`. For `use_container_width=False`, use `width='content'`.
2026-10-08 17:40:05.079 Please replace `use_container_width` with `width`.

`use_container_width` will be removed after 2025-12-31.

For `use_container_width=True`, use `width='stretch'`. For `use_container_width=False`, use `width='content'`.
2026-10-08 17:40:05.080 Please replace `use_container_width` with `width`.

`use_container_width` will be removed after 2025-12-31.

For `use_container_width=True`, use `width='stretch'`. For `use_container_width=False`, use `width='content'`.
2026-10-08 17:40:05.217 Please replace `use_container_width` with `width`.

`use_container_width` will be removed after 2025-12-31.

For `use_container_width=True`, use `width='stretch'`. For `use_container_width=False`, use `width='content'`.
2026-10-08 17:40:05.221 Please replace `use_container_width` with `width`.

`use_container_width` will be removed after 2025-12-31.

For `use_container_width=True`, use `width='stretch'`. For `use_container_width=False`, use `width='content'`.
2026-10-08 17:40:05.225 Please replace `use_container_width` with `width`.

`use_container_width` will be removed after 2025-12-31.

For `use_container_width=True`, use `width='stretch'`. For `use_container_width=False`, use `width='content'`.
2026-10-08 17:40:05.242 Please replace `use_container_width` with `width`.

`use_container_width` will be removed after 2025-12-31.

For `use_container_width=True`, use `width='stretch'`. For `use_container_width=False`, use `width='content'`.
2026-10-08 17:40:05.244 Please replace `use_container_width` with `width`.

`use_container_width` will be removed after 2025-12-31.

For `use_container_width=True`, use `width='stretch'`. For `use_container_width=False`, use `width='content'`.
2026-10-08 17:40:05.246 Please replace `use_container_width` with `width`.

`use_container_width` will be removed after 2025-12-31.

For `use_container_width=True`, use `width='stretch'`. For `use_container_width=False`, use `width='content'`.
2026-10-08 17:40:05.267 Please replace `use_container_width` with `width`.

`use_container_width` will be removed after 2025-12-31.

For `use_container_width=True`, use `width='stretch'`. For `use_container_width=False`, use `width='content'`.
2026-10-08 17:40:05.269 Please replace `use_container_width` with `width`.

`use_container_width` will be removed after 2025-12-31.

For `use_container_width=True`, use `width='stretch'`. For `use_container_width=False`, use `width='content'`.
2026-10-08 17:40:05.276 Please replace `use_container_width` with `width`.

`use_container_width` will be removed after 2025-12-31.

For `use_container_width=True`, use `width='stretch'`. For `use_container_width=False`, use `width='content'`.
2026-10-08 17:40:05.284 Please replace `use_container_width` with `width`.

`use_container_width` will be removed after 2025-12-31.

For `use_container_width=True`, use `width='stretch'`. For `use_container_width=False`, use `width='content'`.
2026-10-08 17:40:05.285 Serialization of dataframe to Arrow table was unsuccessful. Applying automatic fixes for column types to make the dataframe Arrow-compatible.
Traceback (most recent call last):
  File "/workspace/scratch/42ffe4c93098/utilization9_runtime/lib/python3.14/site-packages/streamlit/dataframe_util.py", line 940, in convert_pandas_df_to_arrow_table
    return pa.Table.from_pandas(df, preserve_index=preserve_index)
           ~~~~~~~~~~~~~~~~~~~~^^^^^^^^^^^^^^^^^^^^^^^^^^^^^^^^^^^
  File "pyarrow/table.pxi", line 4768, in pyarrow.lib.Table.from_pandas
  File "/workspace/scratch/42ffe4c93098/utilization9_runtime/lib/python3.14/site-packages/pyarrow/pandas_compat.py", line 651, in dataframe_to_arrays
    arrays = [convert_column(c, f)
              ~~~~~~~~~~~~~~^^^^^^
  File "/workspace/scratch/42ffe4c93098/utilization9_runtime/lib/python3.14/site-packages/pyarrow/pandas_compat.py", line 639, in convert_column
    raise e
  File "/workspace/scratch/42ffe4c93098/utilization9_runtime/lib/python3.14/site-packages/pyarrow/pandas_compat.py", line 633, in convert_column
    result = pa.array(col, type=type_, from_pandas=True, safe=safe)
  File "pyarrow/array.pxi", line 390, in pyarrow.lib.array
    result = _ndarray_to_array(values, mask, type, c_from_pandas, safe,
  File "pyarrow/array.pxi", line 91, in pyarrow.lib._ndarray_to_array
    check_status(NdarrayToArrow(pool, values, mask, from_pandas,
  File "pyarrow/error.pxi", line 92, in pyarrow.lib.check_status
pyarrow.lib.ArrowTypeError: ("Expected bytes, got a 'bool' object", 'Conversion failed for column Value with type object')
2026-10-08 17:40:05.289 Please replace `use_container_width` with `width`.

`use_container_width` will be removed after 2025-12-31.

For `use_container_width=True`, use `width='stretch'`. For `use_container_width=False`, use `width='content'`.
2026-10-08 17:40:05.292 Please replace `use_container_width` with `width`.

`use_container_width` will be removed after 2025-12-31.

For `use_container_width=True`, use `width='stretch'`. For `use_container_width=False`, use `width='content'`.
2026-10-08 17:40:05.293 Please replace `use_container_width` with `width`.

`use_container_width` will be removed after 2025-12-31.

For `use_container_width=True`, use `width='stretch'`. For `use_container_width=False`, use `width='content'`.
2026-10-08 17:40:05.297 Please replace `use_container_width` with `width`.

`use_container_width` will be removed after 2025-12-31.

For `use_container_width=True`, use `width='stretch'`. For `use_container_width=False`, use `width='content'`.
2026-10-08 17:40:05.299 Please replace `use_container_width` with `width`.

`use_container_width` will be removed after 2025-12-31.

For `use_container_width=True`, use `width='stretch'`. For `use_container_width=False`, use `width='content'`.
2026-10-08 17:40:05.318 Please replace `use_container_width` with `width`.

`use_container_width` will be removed after 2025-12-31.

For `use_container_width=True`, use `width='stretch'`. For `use_container_width=False`, use `width='content'`.
2026-10-08 17:40:05.325 Please replace `use_container_width` with `width`.

`use_container_width` will be removed after 2025-12-31.

For `use_container_width=True`, use `width='stretch'`. For `use_container_width=False`, use `width='content'`.
2026-10-08 17:40:05.330 Please replace `use_container_width` with `width`.

`use_container_width` will be removed after 2025-12-31.

For `use_container_width=True`, use `width='stretch'`. For `use_container_width=False`, use `width='content'`.
2026-10-08 17:40:05.331 Serialization of dataframe to Arrow table was unsuccessful. Applying automatic fixes for column types to make the dataframe Arrow-compatible.
Traceback (most recent call last):
  File "/workspace/scratch/42ffe4c93098/utilization9_runtime/lib/python3.14/site-packages/streamlit/dataframe_util.py", line 940, in convert_pandas_df_to_arrow_table
    return pa.Table.from_pandas(df, preserve_index=preserve_index)
           ~~~~~~~~~~~~~~~~~~~~^^^^^^^^^^^^^^^^^^^^^^^^^^^^^^^^^^^
  File "pyarrow/table.pxi", line 4768, in pyarrow.lib.Table.from_pandas
  File "/workspace/scratch/42ffe4c93098/utilization9_runtime/lib/python3.14/site-packages/pyarrow/pandas_compat.py", line 651, in dataframe_to_arrays
    arrays = [convert_column(c, f)
              ~~~~~~~~~~~~~~^^^^^^
  File "/workspace/scratch/42ffe4c93098/utilization9_runtime/lib/python3.14/site-packages/pyarrow/pandas_compat.py", line 639, in convert_column
    raise e
  File "/workspace/scratch/42ffe4c93098/utilization9_runtime/lib/python3.14/site-packages/pyarrow/pandas_compat.py", line 633, in convert_column
    result = pa.array(col, type=type_, from_pandas=True, safe=safe)
  File "pyarrow/array.pxi", line 390, in pyarrow.lib.array
    result = _ndarray_to_array(values, mask, type, c_from_pandas, safe,
  File "pyarrow/array.pxi", line 91, in pyarrow.lib._ndarray_to_array
    check_status(NdarrayToArrow(pool, values, mask, from_pandas,
  File "pyarrow/error.pxi", line 92, in pyarrow.lib.check_status
pyarrow.lib.ArrowTypeError: ("Expected bytes, got a 'float' object", 'Conversion failed for column Value with type object')
2026-10-08 17:40:05.333 Please replace `use_container_width` with `width`.

`use_container_width` will be removed after 2025-12-31.

For `use_container_width=True`, use `width='stretch'`. For `use_container_width=False`, use `width='content'`.
2026-10-08 17:40:05.333 Serialization of dataframe to Arrow table was unsuccessful. Applying automatic fixes for column types to make the dataframe Arrow-compatible.
Traceback (most recent call last):
  File "/workspace/scratch/42ffe4c93098/utilization9_runtime/lib/python3.14/site-packages/streamlit/dataframe_util.py", line 940, in convert_pandas_df_to_arrow_table
    return pa.Table.from_pandas(df, preserve_index=preserve_index)
           ~~~~~~~~~~~~~~~~~~~~^^^^^^^^^^^^^^^^^^^^^^^^^^^^^^^^^^^
  File "pyarrow/table.pxi", line 4768, in pyarrow.lib.Table.from_pandas
  File "/workspace/scratch/42ffe4c93098/utilization9_runtime/lib/python3.14/site-packages/pyarrow/pandas_compat.py", line 651, in dataframe_to_arrays
    arrays = [convert_column(c, f)
              ~~~~~~~~~~~~~~^^^^^^
  File "/workspace/scratch/42ffe4c93098/utilization9_runtime/lib/python3.14/site-packages/pyarrow/pandas_compat.py", line 639, in convert_column
    raise e
  File "/workspace/scratch/42ffe4c93098/utilization9_runtime/lib/python3.14/site-packages/pyarrow/pandas_compat.py", line 633, in convert_column
    result = pa.array(col, type=type_, from_pandas=True, safe=safe)
  File "pyarrow/array.pxi", line 390, in pyarrow.lib.array
    result = _ndarray_to_array(values, mask, type, c_from_pandas, safe,
  File "pyarrow/array.pxi", line 91, in pyarrow.lib._ndarray_to_array
    check_status(NdarrayToArrow(pool, values, mask, from_pandas,
  File "pyarrow/error.pxi", line 92, in pyarrow.lib.check_status
pyarrow.lib.ArrowInvalid: ("Could not convert 'Wet slab/topping, barrier, wearing surface, SDL/LL, building service loads' with type str: tried to convert to double", 'Conversion failed for column w_kN/m per girder with type object')
2026-10-08 17:40:05.336 Please replace `use_container_width` with `width`.

`use_container_width` will be removed after 2025-12-31.

For `use_container_width=True`, use `width='stretch'`. For `use_container_width=False`, use `width='content'`.
2026-10-08 17:40:05.338 Please replace `use_container_width` with `width`.

`use_container_width` will be removed after 2025-12-31.

For `use_container_width=True`, use `width='stretch'`. For `use_container_width=False`, use `width='content'`.
2026-10-08 17:40:05.340 Please replace `use_container_width` with `width`.

`use_container_width` will be removed after 2025-12-31.

For `use_container_width=True`, use `width='stretch'`. For `use_container_width=False`, use `width='content'`.
2026-10-08 17:40:05.346 Please replace `use_container_width` with `width`.

`use_container_width` will be removed after 2025-12-31.

For `use_container_width=True`, use `width='stretch'`. For `use_container_width=False`, use `width='content'`.
2026-10-08 17:40:05.347 Serialization of dataframe to Arrow table was unsuccessful. Applying automatic fixes for column types to make the dataframe Arrow-compatible.
Traceback (most recent call last):
  File "/workspace/scratch/42ffe4c93098/utilization9_runtime/lib/python3.14/site-packages/streamlit/dataframe_util.py", line 940, in convert_pandas_df_to_arrow_table
    return pa.Table.from_pandas(df, preserve_index=preserve_index)
           ~~~~~~~~~~~~~~~~~~~~^^^^^^^^^^^^^^^^^^^^^^^^^^^^^^^^^^^
  File "pyarrow/table.pxi", line 4768, in pyarrow.lib.Table.from_pandas
  File "/workspace/scratch/42ffe4c93098/utilization9_runtime/lib/python3.14/site-packages/pyarrow/pandas_compat.py", line 651, in dataframe_to_arrays
    arrays = [convert_column(c, f)
              ~~~~~~~~~~~~~~^^^^^^
  File "/workspace/scratch/42ffe4c93098/utilization9_runtime/lib/python3.14/site-packages/pyarrow/pandas_compat.py", line 639, in convert_column
    raise e
  File "/workspace/scratch/42ffe4c93098/utilization9_runtime/lib/python3.14/site-packages/pyarrow/pandas_compat.py", line 633, in convert_column
    result = pa.array(col, type=type_, from_pandas=True, safe=safe)
  File "pyarrow/array.pxi", line 390, in pyarrow.lib.array
    result = _ndarray_to_array(values, mask, type, c_from_pandas, safe,
  File "pyarrow/array.pxi", line 91, in pyarrow.lib._ndarray_to_array
    check_status(NdarrayToArrow(pool, values, mask, from_pandas,
  File "pyarrow/error.pxi", line 92, in pyarrow.lib.check_status
pyarrow.lib.ArrowInvalid: ('Could not convert 0 with type int: tried to convert to boolean', 'Conversion failed for column Value with type object')
2026-10-08 17:40:05.351 Please replace `use_container_width` with `width`.

`use_container_width` will be removed after 2025-12-31.

For `use_container_width=True`, use `width='stretch'`. For `use_container_width=False`, use `width='content'`.
2026-10-08 17:40:05.357 Please replace `use_container_width` with `width`.

`use_container_width` will be removed after 2025-12-31.

For `use_container_width=True`, use `width='stretch'`. For `use_container_width=False`, use `width='content'`.
2026-10-08 17:40:05.805 Please replace `use_container_width` with `width`.

`use_container_width` will be removed after 2025-12-31.

For `use_container_width=True`, use `width='stretch'`. For `use_container_width=False`, use `width='content'`.
2026-10-08 17:40:05.807 Please replace `use_container_width` with `width`.

`use_container_width` will be removed after 2025-12-31.

For `use_container_width=True`, use `width='stretch'`. For `use_container_width=False`, use `width='content'`.
2026-10-08 17:40:05.808 Please replace `use_container_width` with `width`.

`use_container_width` will be removed after 2025-12-31.

For `use_container_width=True`, use `width='stretch'`. For `use_container_width=False`, use `width='content'`.
2026-10-08 17:40:05.949 Please replace `use_container_width` with `width`.

`use_container_width` will be removed after 2025-12-31.

For `use_container_width=True`, use `width='stretch'`. For `use_container_width=False`, use `width='content'`.
2026-10-08 17:40:05.954 Please replace `use_container_width` with `width`.

`use_container_width` will be removed after 2025-12-31.

For `use_container_width=True`, use `width='stretch'`. For `use_container_width=False`, use `width='content'`.
2026-10-08 17:40:05.958 Please replace `use_container_width` with `width`.

`use_container_width` will be removed after 2025-12-31.

For `use_container_width=True`, use `width='stretch'`. For `use_container_width=False`, use `width='content'`.
2026-10-08 17:40:05.972 Please replace `use_container_width` with `width`.

`use_container_width` will be removed after 2025-12-31.

For `use_container_width=True`, use `width='stretch'`. For `use_container_width=False`, use `width='content'`.
2026-10-08 17:40:05.973 Please replace `use_container_width` with `width`.

`use_container_width` will be removed after 2025-12-31.

For `use_container_width=True`, use `width='stretch'`. For `use_container_width=False`, use `width='content'`.
2026-10-08 17:40:05.975 Please replace `use_container_width` with `width`.

`use_container_width` will be removed after 2025-12-31.

For `use_container_width=True`, use `width='stretch'`. For `use_container_width=False`, use `width='content'`.
2026-10-08 17:40:05.989 Please replace `use_container_width` with `width`.

`use_container_width` will be removed after 2025-12-31.

For `use_container_width=True`, use `width='stretch'`. For `use_container_width=False`, use `width='content'`.
2026-10-08 17:40:05.990 Please replace `use_container_width` with `width`.

`use_container_width` will be removed after 2025-12-31.

For `use_container_width=True`, use `width='stretch'`. For `use_container_width=False`, use `width='content'`.
2026-10-08 17:40:05.994 Please replace `use_container_width` with `width`.

`use_container_width` will be removed after 2025-12-31.

For `use_container_width=True`, use `width='stretch'`. For `use_container_width=False`, use `width='content'`.
2026-10-08 17:40:05.999 Please replace `use_container_width` with `width`.

`use_container_width` will be removed after 2025-12-31.

For `use_container_width=True`, use `width='stretch'`. For `use_container_width=False`, use `width='content'`.
2026-10-08 17:40:05.999 Serialization of dataframe to Arrow table was unsuccessful. Applying automatic fixes for column types to make the dataframe Arrow-compatible.
Traceback (most recent call last):
  File "/workspace/scratch/42ffe4c93098/utilization9_runtime/lib/python3.14/site-packages/streamlit/dataframe_util.py", line 940, in convert_pandas_df_to_arrow_table
    return pa.Table.from_pandas(df, preserve_index=preserve_index)
           ~~~~~~~~~~~~~~~~~~~~^^^^^^^^^^^^^^^^^^^^^^^^^^^^^^^^^^^
  File "pyarrow/table.pxi", line 4768, in pyarrow.lib.Table.from_pandas
  File "/workspace/scratch/42ffe4c93098/utilization9_runtime/lib/python3.14/site-packages/pyarrow/pandas_compat.py", line 651, in dataframe_to_arrays
    arrays = [convert_column(c, f)
              ~~~~~~~~~~~~~~^^^^^^
  File "/workspace/scratch/42ffe4c93098/utilization9_runtime/lib/python3.14/site-packages/pyarrow/pandas_compat.py", line 639, in convert_column
    raise e
  File "/workspace/scratch/42ffe4c93098/utilization9_runtime/lib/python3.14/site-packages/pyarrow/pandas_compat.py", line 633, in convert_column
    result = pa.array(col, type=type_, from_pandas=True, safe=safe)
  File "pyarrow/array.pxi", line 390, in pyarrow.lib.array
    result = _ndarray_to_array(values, mask, type, c_from_pandas, safe,
  File "pyarrow/array.pxi", line 91, in pyarrow.lib._ndarray_to_array
    check_status(NdarrayToArrow(pool, values, mask, from_pandas,
  File "pyarrow/error.pxi", line 92, in pyarrow.lib.check_status
pyarrow.lib.ArrowTypeError: ("Expected bytes, got a 'bool' object", 'Conversion failed for column Value with type object')
2026-10-08 17:40:06.002 Please replace `use_container_width` with `width`.

`use_container_width` will be removed after 2025-12-31.

For `use_container_width=True`, use `width='stretch'`. For `use_container_width=False`, use `width='content'`.
2026-10-08 17:40:06.003 Please replace `use_container_width` with `width`.

`use_container_width` will be removed after 2025-12-31.

For `use_container_width=True`, use `width='stretch'`. For `use_container_width=False`, use `width='content'`.
2026-10-08 17:40:06.004 Please replace `use_container_width` with `width`.

`use_container_width` will be removed after 2025-12-31.

For `use_container_width=True`, use `width='stretch'`. For `use_container_width=False`, use `width='content'`.
2026-10-08 17:40:06.006 Please replace `use_container_width` with `width`.

`use_container_width` will be removed after 2025-12-31.

For `use_container_width=True`, use `width='stretch'`. For `use_container_width=False`, use `width='content'`.
2026-10-08 17:40:06.007 Please replace `use_container_width` with `width`.

`use_container_width` will be removed after 2025-12-31.

For `use_container_width=True`, use `width='stretch'`. For `use_container_width=False`, use `width='content'`.
2026-10-08 17:40:06.026 Please replace `use_container_width` with `width`.

`use_container_width` will be removed after 2025-12-31.

For `use_container_width=True`, use `width='stretch'`. For `use_container_width=False`, use `width='content'`.
2026-10-08 17:40:06.030 Please replace `use_container_width` with `width`.

`use_container_width` will be removed after 2025-12-31.

For `use_container_width=True`, use `width='stretch'`. For `use_container_width=False`, use `width='content'`.
2026-10-08 17:40:06.031 Please replace `use_container_width` with `width`.

`use_container_width` will be removed after 2025-12-31.

For `use_container_width=True`, use `width='stretch'`. For `use_container_width=False`, use `width='content'`.
2026-10-08 17:40:06.032 Serialization of dataframe to Arrow table was unsuccessful. Applying automatic fixes for column types to make the dataframe Arrow-compatible.
Traceback (most recent call last):
  File "/workspace/scratch/42ffe4c93098/utilization9_runtime/lib/python3.14/site-packages/streamlit/dataframe_util.py", line 940, in convert_pandas_df_to_arrow_table
    return pa.Table.from_pandas(df, preserve_index=preserve_index)
           ~~~~~~~~~~~~~~~~~~~~^^^^^^^^^^^^^^^^^^^^^^^^^^^^^^^^^^^
  File "pyarrow/table.pxi", line 4768, in pyarrow.lib.Table.from_pandas
  File "/workspace/scratch/42ffe4c93098/utilization9_runtime/lib/python3.14/site-packages/pyarrow/pandas_compat.py", line 651, in dataframe_to_arrays
    arrays = [convert_column(c, f)
              ~~~~~~~~~~~~~~^^^^^^
  File "/workspace/scratch/42ffe4c93098/utilization9_runtime/lib/python3.14/site-packages/pyarrow/pandas_compat.py", line 639, in convert_column
    raise e
  File "/workspace/scratch/42ffe4c93098/utilization9_runtime/lib/python3.14/site-packages/pyarrow/pandas_compat.py", line 633, in convert_column
    result = pa.array(col, type=type_, from_pandas=True, safe=safe)
  File "pyarrow/array.pxi", line 390, in pyarrow.lib.array
    result = _ndarray_to_array(values, mask, type, c_from_pandas, safe,
  File "pyarrow/array.pxi", line 91, in pyarrow.lib._ndarray_to_array
    check_status(NdarrayToArrow(pool, values, mask, from_pandas,
  File "pyarrow/error.pxi", line 92, in pyarrow.lib.check_status
pyarrow.lib.ArrowTypeError: ("Expected bytes, got a 'float' object", 'Conversion failed for column Value with type object')
2026-10-08 17:40:06.035 Please replace `use_container_width` with `width`.

`use_container_width` will be removed after 2025-12-31.

For `use_container_width=True`, use `width='stretch'`. For `use_container_width=False`, use `width='content'`.
2026-10-08 17:40:06.036 Serialization of dataframe to Arrow table was unsuccessful. Applying automatic fixes for column types to make the dataframe Arrow-compatible.
Traceback (most recent call last):
  File "/workspace/scratch/42ffe4c93098/utilization9_runtime/lib/python3.14/site-packages/streamlit/dataframe_util.py", line 940, in convert_pandas_df_to_arrow_table
    return pa.Table.from_pandas(df, preserve_index=preserve_index)
           ~~~~~~~~~~~~~~~~~~~~^^^^^^^^^^^^^^^^^^^^^^^^^^^^^^^^^^^
  File "pyarrow/table.pxi", line 4768, in pyarrow.lib.Table.from_pandas
  File "/workspace/scratch/42ffe4c93098/utilization9_runtime/lib/python3.14/site-packages/pyarrow/pandas_compat.py", line 651, in dataframe_to_arrays
    arrays = [convert_column(c, f)
              ~~~~~~~~~~~~~~^^^^^^
  File "/workspace/scratch/42ffe4c93098/utilization9_runtime/lib/python3.14/site-packages/pyarrow/pandas_compat.py", line 639, in convert_column
    raise e
  File "/workspace/scratch/42ffe4c93098/utilization9_runtime/lib/python3.14/site-packages/pyarrow/pandas_compat.py", line 633, in convert_column
    result = pa.array(col, type=type_, from_pandas=True, safe=safe)
  File "pyarrow/array.pxi", line 390, in pyarrow.lib.array
    result = _ndarray_to_array(values, mask, type, c_from_pandas, safe,
  File "pyarrow/array.pxi", line 91, in pyarrow.lib._ndarray_to_array
    check_status(NdarrayToArrow(pool, values, mask, from_pandas,
  File "pyarrow/error.pxi", line 92, in pyarrow.lib.check_status
pyarrow.lib.ArrowInvalid: ("Could not convert 'Wet slab/topping, barrier, wearing surface, SDL/LL, building service loads' with type str: tried to convert to double", 'Conversion failed for column w_kN/m per girder with type object')
2026-10-08 17:40:06.038 Please replace `use_container_width` with `width`.

`use_container_width` will be removed after 2025-12-31.

For `use_container_width=True`, use `width='stretch'`. For `use_container_width=False`, use `width='content'`.
2026-10-08 17:40:06.040 Please replace `use_container_width` with `width`.

`use_container_width` will be removed after 2025-12-31.

For `use_container_width=True`, use `width='stretch'`. For `use_container_width=False`, use `width='content'`.
2026-10-08 17:40:06.041 Please replace `use_container_width` with `width`.

`use_container_width` will be removed after 2025-12-31.

For `use_container_width=True`, use `width='stretch'`. For `use_container_width=False`, use `width='content'`.
2026-10-08 17:40:06.047 Please replace `use_container_width` with `width`.

`use_container_width` will be removed after 2025-12-31.

For `use_container_width=True`, use `width='stretch'`. For `use_container_width=False`, use `width='content'`.
2026-10-08 17:40:06.048 Serialization of dataframe to Arrow table was unsuccessful. Applying automatic fixes for column types to make the dataframe Arrow-compatible.
Traceback (most recent call last):
  File "/workspace/scratch/42ffe4c93098/utilization9_runtime/lib/python3.14/site-packages/streamlit/dataframe_util.py", line 940, in convert_pandas_df_to_arrow_table
    return pa.Table.from_pandas(df, preserve_index=preserve_index)
           ~~~~~~~~~~~~~~~~~~~~^^^^^^^^^^^^^^^^^^^^^^^^^^^^^^^^^^^
  File "pyarrow/table.pxi", line 4768, in pyarrow.lib.Table.from_pandas
  File "/workspace/scratch/42ffe4c93098/utilization9_runtime/lib/python3.14/site-packages/pyarrow/pandas_compat.py", line 651, in dataframe_to_arrays
    arrays = [convert_column(c, f)
              ~~~~~~~~~~~~~~^^^^^^
  File "/workspace/scratch/42ffe4c93098/utilization9_runtime/lib/python3.14/site-packages/pyarrow/pandas_compat.py", line 639, in convert_column
    raise e
  File "/workspace/scratch/42ffe4c93098/utilization9_runtime/lib/python3.14/site-packages/pyarrow/pandas_compat.py", line 633, in convert_column
    result = pa.array(col, type=type_, from_pandas=True, safe=safe)
  File "pyarrow/array.pxi", line 390, in pyarrow.lib.array
    result = _ndarray_to_array(values, mask, type, c_from_pandas, safe,
  File "pyarrow/array.pxi", line 91, in pyarrow.lib._ndarray_to_array
    check_status(NdarrayToArrow(pool, values, mask, from_pandas,
  File "pyarrow/error.pxi", line 92, in pyarrow.lib.check_status
pyarrow.lib.ArrowInvalid: ('Could not convert 0 with type int: tried to convert to boolean', 'Conversion failed for column Value with type object')
2026-10-08 17:40:06.049 Please replace `use_container_width` with `width`.

`use_container_width` will be removed after 2025-12-31.

For `use_container_width=True`, use `width='stretch'`. For `use_container_width=False`, use `width='content'`.
2026-10-08 17:40:06.053 Please replace `use_container_width` with `width`.

`use_container_width` will be removed after 2025-12-31.

For `use_container_width=True`, use `width='stretch'`. For `use_container_width=False`, use `width='content'`.
2026-10-08 17:40:06.481 Please replace `use_container_width` with `width`.

`use_container_width` will be removed after 2025-12-31.

For `use_container_width=True`, use `width='stretch'`. For `use_container_width=False`, use `width='content'`.
2026-10-08 17:40:06.483 Please replace `use_container_width` with `width`.

`use_container_width` will be removed after 2025-12-31.

For `use_container_width=True`, use `width='stretch'`. For `use_container_width=False`, use `width='content'`.
2026-10-08 17:40:06.484 Please replace `use_container_width` with `width`.

`use_container_width` will be removed after 2025-12-31.

For `use_container_width=True`, use `width='stretch'`. For `use_container_width=False`, use `width='content'`.
2026-10-08 17:40:06.635 Please replace `use_container_width` with `width`.

`use_container_width` will be removed after 2025-12-31.

For `use_container_width=True`, use `width='stretch'`. For `use_container_width=False`, use `width='content'`.
2026-10-08 17:40:06.641 Please replace `use_container_width` with `width`.

`use_container_width` will be removed after 2025-12-31.

For `use_container_width=True`, use `width='stretch'`. For `use_container_width=False`, use `width='content'`.
2026-10-08 17:40:06.646 Please replace `use_container_width` with `width`.

`use_container_width` will be removed after 2025-12-31.

For `use_container_width=True`, use `width='stretch'`. For `use_container_width=False`, use `width='content'`.
2026-10-08 17:40:06.661 Please replace `use_container_width` with `width`.

`use_container_width` will be removed after 2025-12-31.

For `use_container_width=True`, use `width='stretch'`. For `use_container_width=False`, use `width='content'`.
2026-10-08 17:40:06.662 Please replace `use_container_width` with `width`.

`use_container_width` will be removed after 2025-12-31.

For `use_container_width=True`, use `width='stretch'`. For `use_container_width=False`, use `width='content'`.
2026-10-08 17:40:06.664 Please replace `use_container_width` with `width`.

`use_container_width` will be removed after 2025-12-31.

For `use_container_width=True`, use `width='stretch'`. For `use_container_width=False`, use `width='content'`.
2026-10-08 17:40:06.679 Please replace `use_container_width` with `width`.

`use_container_width` will be removed after 2025-12-31.

For `use_container_width=True`, use `width='stretch'`. For `use_container_width=False`, use `width='content'`.
2026-10-08 17:40:06.681 Please replace `use_container_width` with `width`.

`use_container_width` will be removed after 2025-12-31.

For `use_container_width=True`, use `width='stretch'`. For `use_container_width=False`, use `width='content'`.
2026-10-08 17:40:06.685 Please replace `use_container_width` with `width`.

`use_container_width` will be removed after 2025-12-31.

For `use_container_width=True`, use `width='stretch'`. For `use_container_width=False`, use `width='content'`.
2026-10-08 17:40:06.689 Please replace `use_container_width` with `width`.

`use_container_width` will be removed after 2025-12-31.

For `use_container_width=True`, use `width='stretch'`. For `use_container_width=False`, use `width='content'`.
2026-10-08 17:40:06.690 Serialization of dataframe to Arrow table was unsuccessful. Applying automatic fixes for column types to make the dataframe Arrow-compatible.
Traceback (most recent call last):
  File "/workspace/scratch/42ffe4c93098/utilization9_runtime/lib/python3.14/site-packages/streamlit/dataframe_util.py", line 940, in convert_pandas_df_to_arrow_table
    return pa.Table.from_pandas(df, preserve_index=preserve_index)
           ~~~~~~~~~~~~~~~~~~~~^^^^^^^^^^^^^^^^^^^^^^^^^^^^^^^^^^^
  File "pyarrow/table.pxi", line 4768, in pyarrow.lib.Table.from_pandas
  File "/workspace/scratch/42ffe4c93098/utilization9_runtime/lib/python3.14/site-packages/pyarrow/pandas_compat.py", line 651, in dataframe_to_arrays
    arrays = [convert_column(c, f)
              ~~~~~~~~~~~~~~^^^^^^
  File "/workspace/scratch/42ffe4c93098/utilization9_runtime/lib/python3.14/site-packages/pyarrow/pandas_compat.py", line 639, in convert_column
    raise e
  File "/workspace/scratch/42ffe4c93098/utilization9_runtime/lib/python3.14/site-packages/pyarrow/pandas_compat.py", line 633, in convert_column
    result = pa.array(col, type=type_, from_pandas=True, safe=safe)
  File "pyarrow/array.pxi", line 390, in pyarrow.lib.array
    result = _ndarray_to_array(values, mask, type, c_from_pandas, safe,
  File "pyarrow/array.pxi", line 91, in pyarrow.lib._ndarray_to_array
    check_status(NdarrayToArrow(pool, values, mask, from_pandas,
  File "pyarrow/error.pxi", line 92, in pyarrow.lib.check_status
pyarrow.lib.ArrowTypeError: ("Expected bytes, got a 'bool' object", 'Conversion failed for column Value with type object')
2026-10-08 17:40:06.692 Please replace `use_container_width` with `width`.

`use_container_width` will be removed after 2025-12-31.

For `use_container_width=True`, use `width='stretch'`. For `use_container_width=False`, use `width='content'`.
2026-10-08 17:40:06.693 Please replace `use_container_width` with `width`.

`use_container_width` will be removed after 2025-12-31.

For `use_container_width=True`, use `width='stretch'`. For `use_container_width=False`, use `width='content'`.
2026-10-08 17:40:06.694 Please replace `use_container_width` with `width`.

`use_container_width` will be removed after 2025-12-31.

For `use_container_width=True`, use `width='stretch'`. For `use_container_width=False`, use `width='content'`.
2026-10-08 17:40:06.696 Please replace `use_container_width` with `width`.

`use_container_width` will be removed after 2025-12-31.

For `use_container_width=True`, use `width='stretch'`. For `use_container_width=False`, use `width='content'`.
2026-10-08 17:40:06.697 Please replace `use_container_width` with `width`.

`use_container_width` will be removed after 2025-12-31.

For `use_container_width=True`, use `width='stretch'`. For `use_container_width=False`, use `width='content'`.
2026-10-08 17:40:06.711 Please replace `use_container_width` with `width`.

`use_container_width` will be removed after 2025-12-31.

For `use_container_width=True`, use `width='stretch'`. For `use_container_width=False`, use `width='content'`.
2026-10-08 17:40:06.713 Please replace `use_container_width` with `width`.

`use_container_width` will be removed after 2025-12-31.

For `use_container_width=True`, use `width='stretch'`. For `use_container_width=False`, use `width='content'`.
2026-10-08 17:40:06.714 Please replace `use_container_width` with `width`.

`use_container_width` will be removed after 2025-12-31.

For `use_container_width=True`, use `width='stretch'`. For `use_container_width=False`, use `width='content'`.
2026-10-08 17:40:06.716 Serialization of dataframe to Arrow table was unsuccessful. Applying automatic fixes for column types to make the dataframe Arrow-compatible.
Traceback (most recent call last):
  File "/workspace/scratch/42ffe4c93098/utilization9_runtime/lib/python3.14/site-packages/streamlit/dataframe_util.py", line 940, in convert_pandas_df_to_arrow_table
    return pa.Table.from_pandas(df, preserve_index=preserve_index)
           ~~~~~~~~~~~~~~~~~~~~^^^^^^^^^^^^^^^^^^^^^^^^^^^^^^^^^^^
  File "pyarrow/table.pxi", line 4768, in pyarrow.lib.Table.from_pandas
  File "/workspace/scratch/42ffe4c93098/utilization9_runtime/lib/python3.14/site-packages/pyarrow/pandas_compat.py", line 651, in dataframe_to_arrays
    arrays = [convert_column(c, f)
              ~~~~~~~~~~~~~~^^^^^^
  File "/workspace/scratch/42ffe4c93098/utilization9_runtime/lib/python3.14/site-packages/pyarrow/pandas_compat.py", line 639, in convert_column
    raise e
  File "/workspace/scratch/42ffe4c93098/utilization9_runtime/lib/python3.14/site-packages/pyarrow/pandas_compat.py", line 633, in convert_column
    result = pa.array(col, type=type_, from_pandas=True, safe=safe)
  File "pyarrow/array.pxi", line 390, in pyarrow.lib.array
    result = _ndarray_to_array(values, mask, type, c_from_pandas, safe,
  File "pyarrow/array.pxi", line 91, in pyarrow.lib._ndarray_to_array
    check_status(NdarrayToArrow(pool, values, mask, from_pandas,
  File "pyarrow/error.pxi", line 92, in pyarrow.lib.check_status
pyarrow.lib.ArrowTypeError: ("Expected bytes, got a 'float' object", 'Conversion failed for column Value with type object')
2026-10-08 17:40:06.718 Please replace `use_container_width` with `width`.

`use_container_width` will be removed after 2025-12-31.

For `use_container_width=True`, use `width='stretch'`. For `use_container_width=False`, use `width='content'`.
2026-10-08 17:40:06.718 Serialization of dataframe to Arrow table was unsuccessful. Applying automatic fixes for column types to make the dataframe Arrow-compatible.
Traceback (most recent call last):
  File "/workspace/scratch/42ffe4c93098/utilization9_runtime/lib/python3.14/site-packages/streamlit/dataframe_util.py", line 940, in convert_pandas_df_to_arrow_table
    return pa.Table.from_pandas(df, preserve_index=preserve_index)
           ~~~~~~~~~~~~~~~~~~~~^^^^^^^^^^^^^^^^^^^^^^^^^^^^^^^^^^^
  File "pyarrow/table.pxi", line 4768, in pyarrow.lib.Table.from_pandas
  File "/workspace/scratch/42ffe4c93098/utilization9_runtime/lib/python3.14/site-packages/pyarrow/pandas_compat.py", line 651, in dataframe_to_arrays
    arrays = [convert_column(c, f)
              ~~~~~~~~~~~~~~^^^^^^
  File "/workspace/scratch/42ffe4c93098/utilization9_runtime/lib/python3.14/site-packages/pyarrow/pandas_compat.py", line 639, in convert_column
    raise e
  File "/workspace/scratch/42ffe4c93098/utilization9_runtime/lib/python3.14/site-packages/pyarrow/pandas_compat.py", line 633, in convert_column
    result = pa.array(col, type=type_, from_pandas=True, safe=safe)
  File "pyarrow/array.pxi", line 390, in pyarrow.lib.array
    result = _ndarray_to_array(values, mask, type, c_from_pandas, safe,
  File "pyarrow/array.pxi", line 91, in pyarrow.lib._ndarray_to_array
    check_status(NdarrayToArrow(pool, values, mask, from_pandas,
  File "pyarrow/error.pxi", line 92, in pyarrow.lib.check_status
pyarrow.lib.ArrowInvalid: ("Could not convert 'Wet slab/topping, barrier, wearing surface, SDL/LL, building service loads' with type str: tried to convert to double", 'Conversion failed for column w_kN/m per girder with type object')
2026-10-08 17:40:06.720 Please replace `use_container_width` with `width`.

`use_container_width` will be removed after 2025-12-31.

For `use_container_width=True`, use `width='stretch'`. For `use_container_width=False`, use `width='content'`.
2026-10-08 17:40:06.723 Please replace `use_container_width` with `width`.

`use_container_width` will be removed after 2025-12-31.

For `use_container_width=True`, use `width='stretch'`. For `use_container_width=False`, use `width='content'`.
2026-10-08 17:40:06.725 Please replace `use_container_width` with `width`.

`use_container_width` will be removed after 2025-12-31.

For `use_container_width=True`, use `width='stretch'`. For `use_container_width=False`, use `width='content'`.
2026-10-08 17:40:06.734 Please replace `use_container_width` with `width`.

`use_container_width` will be removed after 2025-12-31.

For `use_container_width=True`, use `width='stretch'`. For `use_container_width=False`, use `width='content'`.
2026-10-08 17:40:06.735 Serialization of dataframe to Arrow table was unsuccessful. Applying automatic fixes for column types to make the dataframe Arrow-compatible.
Traceback (most recent call last):
  File "/workspace/scratch/42ffe4c93098/utilization9_runtime/lib/python3.14/site-packages/streamlit/dataframe_util.py", line 940, in convert_pandas_df_to_arrow_table
    return pa.Table.from_pandas(df, preserve_index=preserve_index)
           ~~~~~~~~~~~~~~~~~~~~^^^^^^^^^^^^^^^^^^^^^^^^^^^^^^^^^^^
  File "pyarrow/table.pxi", line 4768, in pyarrow.lib.Table.from_pandas
  File "/workspace/scratch/42ffe4c93098/utilization9_runtime/lib/python3.14/site-packages/pyarrow/pandas_compat.py", line 651, in dataframe_to_arrays
    arrays = [convert_column(c, f)
              ~~~~~~~~~~~~~~^^^^^^
  File "/workspace/scratch/42ffe4c93098/utilization9_runtime/lib/python3.14/site-packages/pyarrow/pandas_compat.py", line 639, in convert_column
    raise e
  File "/workspace/scratch/42ffe4c93098/utilization9_runtime/lib/python3.14/site-packages/pyarrow/pandas_compat.py", line 633, in convert_column
    result = pa.array(col, type=type_, from_pandas=True, safe=safe)
  File "pyarrow/array.pxi", line 390, in pyarrow.lib.array
    result = _ndarray_to_array(values, mask, type, c_from_pandas, safe,
  File "pyarrow/array.pxi", line 91, in pyarrow.lib._ndarray_to_array
    check_status(NdarrayToArrow(pool, values, mask, from_pandas,
  File "pyarrow/error.pxi", line 92, in pyarrow.lib.check_status
pyarrow.lib.ArrowInvalid: ('Could not convert 0 with type int: tried to convert to boolean', 'Conversion failed for column Value with type object')
2026-10-08 17:40:06.737 Please replace `use_container_width` with `width`.

`use_container_width` will be removed after 2025-12-31.

For `use_container_width=True`, use `width='stretch'`. For `use_container_width=False`, use `width='content'`.
2026-10-08 17:40:06.742 Please replace `use_container_width` with `width`.

`use_container_width` will be removed after 2025-12-31.

For `use_container_width=True`, use `width='stretch'`. For `use_container_width=False`, use `width='content'`.
2026-10-08 17:40:07.313 Please replace `use_container_width` with `width`.

`use_container_width` will be removed after 2025-12-31.

For `use_container_width=True`, use `width='stretch'`. For `use_container_width=False`, use `width='content'`.
2026-10-08 17:40:07.314 Please replace `use_container_width` with `width`.

`use_container_width` will be removed after 2025-12-31.

For `use_container_width=True`, use `width='stretch'`. For `use_container_width=False`, use `width='content'`.
2026-10-08 17:40:07.315 Please replace `use_container_width` with `width`.

`use_container_width` will be removed after 2025-12-31.

For `use_container_width=True`, use `width='stretch'`. For `use_container_width=False`, use `width='content'`.
2026-10-08 17:40:07.486 Please replace `use_container_width` with `width`.

`use_container_width` will be removed after 2025-12-31.

For `use_container_width=True`, use `width='stretch'`. For `use_container_width=False`, use `width='content'`.
2026-10-08 17:40:07.492 Please replace `use_container_width` with `width`.

`use_container_width` will be removed after 2025-12-31.

For `use_container_width=True`, use `width='stretch'`. For `use_container_width=False`, use `width='content'`.
2026-10-08 17:40:07.496 Please replace `use_container_width` with `width`.

`use_container_width` will be removed after 2025-12-31.

For `use_container_width=True`, use `width='stretch'`. For `use_container_width=False`, use `width='content'`.
2026-10-08 17:40:07.511 Please replace `use_container_width` with `width`.

`use_container_width` will be removed after 2025-12-31.

For `use_container_width=True`, use `width='stretch'`. For `use_container_width=False`, use `width='content'`.
2026-10-08 17:40:07.512 Please replace `use_container_width` with `width`.

`use_container_width` will be removed after 2025-12-31.

For `use_container_width=True`, use `width='stretch'`. For `use_container_width=False`, use `width='content'`.
2026-10-08 17:40:07.513 Please replace `use_container_width` with `width`.

`use_container_width` will be removed after 2025-12-31.

For `use_container_width=True`, use `width='stretch'`. For `use_container_width=False`, use `width='content'`.
2026-10-08 17:40:07.531 Please replace `use_container_width` with `width`.

`use_container_width` will be removed after 2025-12-31.

For `use_container_width=True`, use `width='stretch'`. For `use_container_width=False`, use `width='content'`.
2026-10-08 17:40:07.532 Please replace `use_container_width` with `width`.

`use_container_width` will be removed after 2025-12-31.

For `use_container_width=True`, use `width='stretch'`. For `use_container_width=False`, use `width='content'`.
2026-10-08 17:40:07.539 Please replace `use_container_width` with `width`.

`use_container_width` will be removed after 2025-12-31.

For `use_container_width=True`, use `width='stretch'`. For `use_container_width=False`, use `width='content'`.
2026-10-08 17:40:07.547 Please replace `use_container_width` with `width`.

`use_container_width` will be removed after 2025-12-31.

For `use_container_width=True`, use `width='stretch'`. For `use_container_width=False`, use `width='content'`.
2026-10-08 17:40:07.548 Serialization of dataframe to Arrow table was unsuccessful. Applying automatic fixes for column types to make the dataframe Arrow-compatible.
Traceback (most recent call last):
  File "/workspace/scratch/42ffe4c93098/utilization9_runtime/lib/python3.14/site-packages/streamlit/dataframe_util.py", line 940, in convert_pandas_df_to_arrow_table
    return pa.Table.from_pandas(df, preserve_index=preserve_index)
           ~~~~~~~~~~~~~~~~~~~~^^^^^^^^^^^^^^^^^^^^^^^^^^^^^^^^^^^
  File "pyarrow/table.pxi", line 4768, in pyarrow.lib.Table.from_pandas
  File "/workspace/scratch/42ffe4c93098/utilization9_runtime/lib/python3.14/site-packages/pyarrow/pandas_compat.py", line 651, in dataframe_to_arrays
    arrays = [convert_column(c, f)
              ~~~~~~~~~~~~~~^^^^^^
  File "/workspace/scratch/42ffe4c93098/utilization9_runtime/lib/python3.14/site-packages/pyarrow/pandas_compat.py", line 639, in convert_column
    raise e
  File "/workspace/scratch/42ffe4c93098/utilization9_runtime/lib/python3.14/site-packages/pyarrow/pandas_compat.py", line 633, in convert_column
    result = pa.array(col, type=type_, from_pandas=True, safe=safe)
  File "pyarrow/array.pxi", line 390, in pyarrow.lib.array
    result = _ndarray_to_array(values, mask, type, c_from_pandas, safe,
  File "pyarrow/array.pxi", line 91, in pyarrow.lib._ndarray_to_array
    check_status(NdarrayToArrow(pool, values, mask, from_pandas,
  File "pyarrow/error.pxi", line 92, in pyarrow.lib.check_status
pyarrow.lib.ArrowTypeError: ("Expected bytes, got a 'bool' object", 'Conversion failed for column Value with type object')
2026-10-08 17:40:07.550 Please replace `use_container_width` with `width`.

`use_container_width` will be removed after 2025-12-31.

For `use_container_width=True`, use `width='stretch'`. For `use_container_width=False`, use `width='content'`.
2026-10-08 17:40:07.552 Please replace `use_container_width` with `width`.

`use_container_width` will be removed after 2025-12-31.

For `use_container_width=True`, use `width='stretch'`. For `use_container_width=False`, use `width='content'`.
2026-10-08 17:40:07.553 Please replace `use_container_width` with `width`.

`use_container_width` will be removed after 2025-12-31.

For `use_container_width=True`, use `width='stretch'`. For `use_container_width=False`, use `width='content'`.
2026-10-08 17:40:07.555 Please replace `use_container_width` with `width`.

`use_container_width` will be removed after 2025-12-31.

For `use_container_width=True`, use `width='stretch'`. For `use_container_width=False`, use `width='content'`.
2026-10-08 17:40:07.557 Please replace `use_container_width` with `width`.

`use_container_width` will be removed after 2025-12-31.

For `use_container_width=True`, use `width='stretch'`. For `use_container_width=False`, use `width='content'`.
2026-10-08 17:40:07.575 Please replace `use_container_width` with `width`.

`use_container_width` will be removed after 2025-12-31.

For `use_container_width=True`, use `width='stretch'`. For `use_container_width=False`, use `width='content'`.
2026-10-08 17:40:07.576 Please replace `use_container_width` with `width`.

`use_container_width` will be removed after 2025-12-31.

For `use_container_width=True`, use `width='stretch'`. For `use_container_width=False`, use `width='content'`.
2026-10-08 17:40:07.578 Please replace `use_container_width` with `width`.

`use_container_width` will be removed after 2025-12-31.

For `use_container_width=True`, use `width='stretch'`. For `use_container_width=False`, use `width='content'`.
2026-10-08 17:40:07.579 Serialization of dataframe to Arrow table was unsuccessful. Applying automatic fixes for column types to make the dataframe Arrow-compatible.
Traceback (most recent call last):
  File "/workspace/scratch/42ffe4c93098/utilization9_runtime/lib/python3.14/site-packages/streamlit/dataframe_util.py", line 940, in convert_pandas_df_to_arrow_table
    return pa.Table.from_pandas(df, preserve_index=preserve_index)
           ~~~~~~~~~~~~~~~~~~~~^^^^^^^^^^^^^^^^^^^^^^^^^^^^^^^^^^^
  File "pyarrow/table.pxi", line 4768, in pyarrow.lib.Table.from_pandas
  File "/workspace/scratch/42ffe4c93098/utilization9_runtime/lib/python3.14/site-packages/pyarrow/pandas_compat.py", line 651, in dataframe_to_arrays
    arrays = [convert_column(c, f)
              ~~~~~~~~~~~~~~^^^^^^
  File "/workspace/scratch/42ffe4c93098/utilization9_runtime/lib/python3.14/site-packages/pyarrow/pandas_compat.py", line 639, in convert_column
    raise e
  File "/workspace/scratch/42ffe4c93098/utilization9_runtime/lib/python3.14/site-packages/pyarrow/pandas_compat.py", line 633, in convert_column
    result = pa.array(col, type=type_, from_pandas=True, safe=safe)
  File "pyarrow/array.pxi", line 390, in pyarrow.lib.array
    result = _ndarray_to_array(values, mask, type, c_from_pandas, safe,
  File "pyarrow/array.pxi", line 91, in pyarrow.lib._ndarray_to_array
    check_status(NdarrayToArrow(pool, values, mask, from_pandas,
  File "pyarrow/error.pxi", line 92, in pyarrow.lib.check_status
pyarrow.lib.ArrowTypeError: ("Expected bytes, got a 'float' object", 'Conversion failed for column Value with type object')
2026-10-08 17:40:07.582 Please replace `use_container_width` with `width`.

`use_container_width` will be removed after 2025-12-31.

For `use_container_width=True`, use `width='stretch'`. For `use_container_width=False`, use `width='content'`.
2026-10-08 17:40:07.582 Serialization of dataframe to Arrow table was unsuccessful. Applying automatic fixes for column types to make the dataframe Arrow-compatible.
Traceback (most recent call last):
  File "/workspace/scratch/42ffe4c93098/utilization9_runtime/lib/python3.14/site-packages/streamlit/dataframe_util.py", line 940, in convert_pandas_df_to_arrow_table
    return pa.Table.from_pandas(df, preserve_index=preserve_index)
           ~~~~~~~~~~~~~~~~~~~~^^^^^^^^^^^^^^^^^^^^^^^^^^^^^^^^^^^
  File "pyarrow/table.pxi", line 4768, in pyarrow.lib.Table.from_pandas
  File "/workspace/scratch/42ffe4c93098/utilization9_runtime/lib/python3.14/site-packages/pyarrow/pandas_compat.py", line 651, in dataframe_to_arrays
    arrays = [convert_column(c, f)
              ~~~~~~~~~~~~~~^^^^^^
  File "/workspace/scratch/42ffe4c93098/utilization9_runtime/lib/python3.14/site-packages/pyarrow/pandas_compat.py", line 639, in convert_column
    raise e
  File "/workspace/scratch/42ffe4c93098/utilization9_runtime/lib/python3.14/site-packages/pyarrow/pandas_compat.py", line 633, in convert_column
    result = pa.array(col, type=type_, from_pandas=True, safe=safe)
  File "pyarrow/array.pxi", line 390, in pyarrow.lib.array
    result = _ndarray_to_array(values, mask, type, c_from_pandas, safe,
  File "pyarrow/array.pxi", line 91, in pyarrow.lib._ndarray_to_array
    check_status(NdarrayToArrow(pool, values, mask, from_pandas,
  File "pyarrow/error.pxi", line 92, in pyarrow.lib.check_status
pyarrow.lib.ArrowInvalid: ("Could not convert 'Wet slab/topping, barrier, wearing surface, SDL/LL, building service loads' with type str: tried to convert to double", 'Conversion failed for column w_kN/m per girder with type object')
2026-10-08 17:40:07.585 Please replace `use_container_width` with `width`.

`use_container_width` will be removed after 2025-12-31.

For `use_container_width=True`, use `width='stretch'`. For `use_container_width=False`, use `width='content'`.
2026-10-08 17:40:07.588 Please replace `use_container_width` with `width`.

`use_container_width` will be removed after 2025-12-31.

For `use_container_width=True`, use `width='stretch'`. For `use_container_width=False`, use `width='content'`.
2026-10-08 17:40:07.590 Please replace `use_container_width` with `width`.

`use_container_width` will be removed after 2025-12-31.

For `use_container_width=True`, use `width='stretch'`. For `use_container_width=False`, use `width='content'`.
2026-10-08 17:40:07.596 Please replace `use_container_width` with `width`.

`use_container_width` will be removed after 2025-12-31.

For `use_container_width=True`, use `width='stretch'`. For `use_container_width=False`, use `width='content'`.
2026-10-08 17:40:07.597 Serialization of dataframe to Arrow table was unsuccessful. Applying automatic fixes for column types to make the dataframe Arrow-compatible.
Traceback (most recent call last):
  File "/workspace/scratch/42ffe4c93098/utilization9_runtime/lib/python3.14/site-packages/streamlit/dataframe_util.py", line 940, in convert_pandas_df_to_arrow_table
    return pa.Table.from_pandas(df, preserve_index=preserve_index)
           ~~~~~~~~~~~~~~~~~~~~^^^^^^^^^^^^^^^^^^^^^^^^^^^^^^^^^^^
  File "pyarrow/table.pxi", line 4768, in pyarrow.lib.Table.from_pandas
  File "/workspace/scratch/42ffe4c93098/utilization9_runtime/lib/python3.14/site-packages/pyarrow/pandas_compat.py", line 651, in dataframe_to_arrays
    arrays = [convert_column(c, f)
              ~~~~~~~~~~~~~~^^^^^^
  File "/workspace/scratch/42ffe4c93098/utilization9_runtime/lib/python3.14/site-packages/pyarrow/pandas_compat.py", line 639, in convert_column
    raise e
  File "/workspace/scratch/42ffe4c93098/utilization9_runtime/lib/python3.14/site-packages/pyarrow/pandas_compat.py", line 633, in convert_column
    result = pa.array(col, type=type_, from_pandas=True, safe=safe)
  File "pyarrow/array.pxi", line 390, in pyarrow.lib.array
    result = _ndarray_to_array(values, mask, type, c_from_pandas, safe,
  File "pyarrow/array.pxi", line 91, in pyarrow.lib._ndarray_to_array
    check_status(NdarrayToArrow(pool, values, mask, from_pandas,
  File "pyarrow/error.pxi", line 92, in pyarrow.lib.check_status
pyarrow.lib.ArrowInvalid: ('Could not convert 0 with type int: tried to convert to boolean', 'Conversion failed for column Value with type object')
2026-10-08 17:40:07.598 Please replace `use_container_width` with `width`.

`use_container_width` will be removed after 2025-12-31.

For `use_container_width=True`, use `width='stretch'`. For `use_container_width=False`, use `width='content'`.
2026-10-08 17:40:07.604 Please replace `use_container_width` with `width`.

`use_container_width` will be removed after 2025-12-31.

For `use_container_width=True`, use `width='stretch'`. For `use_container_width=False`, use `width='content'`.
2026-10-08 17:40:08.118 Please replace `use_container_width` with `width`.

`use_container_width` will be removed after 2025-12-31.

For `use_container_width=True`, use `width='stretch'`. For `use_container_width=False`, use `width='content'`.
2026-10-08 17:40:08.120 Please replace `use_container_width` with `width`.

`use_container_width` will be removed after 2025-12-31.

For `use_container_width=True`, use `width='stretch'`. For `use_container_width=False`, use `width='content'`.
2026-10-08 17:40:08.121 Please replace `use_container_width` with `width`.

`use_container_width` will be removed after 2025-12-31.

For `use_container_width=True`, use `width='stretch'`. For `use_container_width=False`, use `width='content'`.
2026-10-08 17:40:08.273 Please replace `use_container_width` with `width`.

`use_container_width` will be removed after 2025-12-31.

For `use_container_width=True`, use `width='stretch'`. For `use_container_width=False`, use `width='content'`.
2026-10-08 17:40:08.279 Please replace `use_container_width` with `width`.

`use_container_width` will be removed after 2025-12-31.

For `use_container_width=True`, use `width='stretch'`. For `use_container_width=False`, use `width='content'`.
2026-10-08 17:40:08.285 Please replace `use_container_width` with `width`.

`use_container_width` will be removed after 2025-12-31.

For `use_container_width=True`, use `width='stretch'`. For `use_container_width=False`, use `width='content'`.
2026-10-08 17:40:08.428 Please replace `use_container_width` with `width`.

`use_container_width` will be removed after 2025-12-31.

For `use_container_width=True`, use `width='stretch'`. For `use_container_width=False`, use `width='content'`.
2026-10-08 17:40:08.429 Please replace `use_container_width` with `width`.

`use_container_width` will be removed after 2025-12-31.

For `use_container_width=True`, use `width='stretch'`. For `use_container_width=False`, use `width='content'`.
2026-10-08 17:40:08.430 Please replace `use_container_width` with `width`.

`use_container_width` will be removed after 2025-12-31.

For `use_container_width=True`, use `width='stretch'`. For `use_container_width=False`, use `width='content'`.
2026-10-08 17:40:08.446 Please replace `use_container_width` with `width`.

`use_container_width` will be removed after 2025-12-31.

For `use_container_width=True`, use `width='stretch'`. For `use_container_width=False`, use `width='content'`.
2026-10-08 17:40:08.447 Please replace `use_container_width` with `width`.

`use_container_width` will be removed after 2025-12-31.

For `use_container_width=True`, use `width='stretch'`. For `use_container_width=False`, use `width='content'`.
2026-10-08 17:40:08.451 Please replace `use_container_width` with `width`.

`use_container_width` will be removed after 2025-12-31.

For `use_container_width=True`, use `width='stretch'`. For `use_container_width=False`, use `width='content'`.
2026-10-08 17:40:08.456 Please replace `use_container_width` with `width`.

`use_container_width` will be removed after 2025-12-31.

For `use_container_width=True`, use `width='stretch'`. For `use_container_width=False`, use `width='content'`.
2026-10-08 17:40:08.456 Serialization of dataframe to Arrow table was unsuccessful. Applying automatic fixes for column types to make the dataframe Arrow-compatible.
Traceback (most recent call last):
  File "/workspace/scratch/42ffe4c93098/utilization9_runtime/lib/python3.14/site-packages/streamlit/dataframe_util.py", line 940, in convert_pandas_df_to_arrow_table
    return pa.Table.from_pandas(df, preserve_index=preserve_index)
           ~~~~~~~~~~~~~~~~~~~~^^^^^^^^^^^^^^^^^^^^^^^^^^^^^^^^^^^
  File "pyarrow/table.pxi", line 4768, in pyarrow.lib.Table.from_pandas
  File "/workspace/scratch/42ffe4c93098/utilization9_runtime/lib/python3.14/site-packages/pyarrow/pandas_compat.py", line 651, in dataframe_to_arrays
    arrays = [convert_column(c, f)
              ~~~~~~~~~~~~~~^^^^^^
  File "/workspace/scratch/42ffe4c93098/utilization9_runtime/lib/python3.14/site-packages/pyarrow/pandas_compat.py", line 639, in convert_column
    raise e
  File "/workspace/scratch/42ffe4c93098/utilization9_runtime/lib/python3.14/site-packages/pyarrow/pandas_compat.py", line 633, in convert_column
    result = pa.array(col, type=type_, from_pandas=True, safe=safe)
  File "pyarrow/array.pxi", line 390, in pyarrow.lib.array
    result = _ndarray_to_array(values, mask, type, c_from_pandas, safe,
  File "pyarrow/array.pxi", line 91, in pyarrow.lib._ndarray_to_array
    check_status(NdarrayToArrow(pool, values, mask, from_pandas,
  File "pyarrow/error.pxi", line 92, in pyarrow.lib.check_status
pyarrow.lib.ArrowTypeError: ("Expected bytes, got a 'bool' object", 'Conversion failed for column Value with type object')
2026-10-08 17:40:08.459 Please replace `use_container_width` with `width`.

`use_container_width` will be removed after 2025-12-31.

For `use_container_width=True`, use `width='stretch'`. For `use_container_width=False`, use `width='content'`.
2026-10-08 17:40:08.460 Please replace `use_container_width` with `width`.

`use_container_width` will be removed after 2025-12-31.

For `use_container_width=True`, use `width='stretch'`. For `use_container_width=False`, use `width='content'`.
2026-10-08 17:40:08.461 Please replace `use_container_width` with `width`.

`use_container_width` will be removed after 2025-12-31.

For `use_container_width=True`, use `width='stretch'`. For `use_container_width=False`, use `width='content'`.
2026-10-08 17:40:08.463 Please replace `use_container_width` with `width`.

`use_container_width` will be removed after 2025-12-31.

For `use_container_width=True`, use `width='stretch'`. For `use_container_width=False`, use `width='content'`.
2026-10-08 17:40:08.464 Please replace `use_container_width` with `width`.

`use_container_width` will be removed after 2025-12-31.

For `use_container_width=True`, use `width='stretch'`. For `use_container_width=False`, use `width='content'`.
2026-10-08 17:40:08.478 Please replace `use_container_width` with `width`.

`use_container_width` will be removed after 2025-12-31.

For `use_container_width=True`, use `width='stretch'`. For `use_container_width=False`, use `width='content'`.
2026-10-08 17:40:08.483 Please replace `use_container_width` with `width`.

`use_container_width` will be removed after 2025-12-31.

For `use_container_width=True`, use `width='stretch'`. For `use_container_width=False`, use `width='content'`.
2026-10-08 17:40:08.484 Please replace `use_container_width` with `width`.

`use_container_width` will be removed after 2025-12-31.

For `use_container_width=True`, use `width='stretch'`. For `use_container_width=False`, use `width='content'`.
2026-10-08 17:40:08.484 Serialization of dataframe to Arrow table was unsuccessful. Applying automatic fixes for column types to make the dataframe Arrow-compatible.
Traceback (most recent call last):
  File "/workspace/scratch/42ffe4c93098/utilization9_runtime/lib/python3.14/site-packages/streamlit/dataframe_util.py", line 940, in convert_pandas_df_to_arrow_table
    return pa.Table.from_pandas(df, preserve_index=preserve_index)
           ~~~~~~~~~~~~~~~~~~~~^^^^^^^^^^^^^^^^^^^^^^^^^^^^^^^^^^^
  File "pyarrow/table.pxi", line 4768, in pyarrow.lib.Table.from_pandas
  File "/workspace/scratch/42ffe4c93098/utilization9_runtime/lib/python3.14/site-packages/pyarrow/pandas_compat.py", line 651, in dataframe_to_arrays
    arrays = [convert_column(c, f)
              ~~~~~~~~~~~~~~^^^^^^
  File "/workspace/scratch/42ffe4c93098/utilization9_runtime/lib/python3.14/site-packages/pyarrow/pandas_compat.py", line 639, in convert_column
    raise e
  File "/workspace/scratch/42ffe4c93098/utilization9_runtime/lib/python3.14/site-packages/pyarrow/pandas_compat.py", line 633, in convert_column
    result = pa.array(col, type=type_, from_pandas=True, safe=safe)
  File "pyarrow/array.pxi", line 390, in pyarrow.lib.array
    result = _ndarray_to_array(values, mask, type, c_from_pandas, safe,
  File "pyarrow/array.pxi", line 91, in pyarrow.lib._ndarray_to_array
    check_status(NdarrayToArrow(pool, values, mask, from_pandas,
  File "pyarrow/error.pxi", line 92, in pyarrow.lib.check_status
pyarrow.lib.ArrowTypeError: ("Expected bytes, got a 'float' object", 'Conversion failed for column Value with type object')
2026-10-08 17:40:08.488 Please replace `use_container_width` with `width`.

`use_container_width` will be removed after 2025-12-31.

For `use_container_width=True`, use `width='stretch'`. For `use_container_width=False`, use `width='content'`.
2026-10-08 17:40:08.489 Serialization of dataframe to Arrow table was unsuccessful. Applying automatic fixes for column types to make the dataframe Arrow-compatible.
Traceback (most recent call last):
  File "/workspace/scratch/42ffe4c93098/utilization9_runtime/lib/python3.14/site-packages/streamlit/dataframe_util.py", line 940, in convert_pandas_df_to_arrow_table
    return pa.Table.from_pandas(df, preserve_index=preserve_index)
           ~~~~~~~~~~~~~~~~~~~~^^^^^^^^^^^^^^^^^^^^^^^^^^^^^^^^^^^
  File "pyarrow/table.pxi", line 4768, in pyarrow.lib.Table.from_pandas
  File "/workspace/scratch/42ffe4c93098/utilization9_runtime/lib/python3.14/site-packages/pyarrow/pandas_compat.py", line 651, in dataframe_to_arrays
    arrays = [convert_column(c, f)
              ~~~~~~~~~~~~~~^^^^^^
  File "/workspace/scratch/42ffe4c93098/utilization9_runtime/lib/python3.14/site-packages/pyarrow/pandas_compat.py", line 639, in convert_column
    raise e
  File "/workspace/scratch/42ffe4c93098/utilization9_runtime/lib/python3.14/site-packages/pyarrow/pandas_compat.py", line 633, in convert_column
    result = pa.array(col, type=type_, from_pandas=True, safe=safe)
  File "pyarrow/array.pxi", line 390, in pyarrow.lib.array
    result = _ndarray_to_array(values, mask, type, c_from_pandas, safe,
  File "pyarrow/array.pxi", line 91, in pyarrow.lib._ndarray_to_array
    check_status(NdarrayToArrow(pool, values, mask, from_pandas,
  File "pyarrow/error.pxi", line 92, in pyarrow.lib.check_status
pyarrow.lib.ArrowInvalid: ("Could not convert 'Wet slab/topping, barrier, wearing surface, SDL/LL, building service loads' with type str: tried to convert to double", 'Conversion failed for column w_kN/m per girder with type object')
2026-10-08 17:40:08.491 Please replace `use_container_width` with `width`.

`use_container_width` will be removed after 2025-12-31.

For `use_container_width=True`, use `width='stretch'`. For `use_container_width=False`, use `width='content'`.
2026-10-08 17:40:08.493 Please replace `use_container_width` with `width`.

`use_container_width` will be removed after 2025-12-31.

For `use_container_width=True`, use `width='stretch'`. For `use_container_width=False`, use `width='content'`.
2026-10-08 17:40:08.495 Please replace `use_container_width` with `width`.

`use_container_width` will be removed after 2025-12-31.

For `use_container_width=True`, use `width='stretch'`. For `use_container_width=False`, use `width='content'`.
2026-10-08 17:40:08.501 Please replace `use_container_width` with `width`.

`use_container_width` will be removed after 2025-12-31.

For `use_container_width=True`, use `width='stretch'`. For `use_container_width=False`, use `width='content'`.
2026-10-08 17:40:08.502 Serialization of dataframe to Arrow table was unsuccessful. Applying automatic fixes for column types to make the dataframe Arrow-compatible.
Traceback (most recent call last):
  File "/workspace/scratch/42ffe4c93098/utilization9_runtime/lib/python3.14/site-packages/streamlit/dataframe_util.py", line 940, in convert_pandas_df_to_arrow_table
    return pa.Table.from_pandas(df, preserve_index=preserve_index)
           ~~~~~~~~~~~~~~~~~~~~^^^^^^^^^^^^^^^^^^^^^^^^^^^^^^^^^^^
  File "pyarrow/table.pxi", line 4768, in pyarrow.lib.Table.from_pandas
  File "/workspace/scratch/42ffe4c93098/utilization9_runtime/lib/python3.14/site-packages/pyarrow/pandas_compat.py", line 651, in dataframe_to_arrays
    arrays = [convert_column(c, f)
              ~~~~~~~~~~~~~~^^^^^^
  File "/workspace/scratch/42ffe4c93098/utilization9_runtime/lib/python3.14/site-packages/pyarrow/pandas_compat.py", line 639, in convert_column
    raise e
  File "/workspace/scratch/42ffe4c93098/utilization9_runtime/lib/python3.14/site-packages/pyarrow/pandas_compat.py", line 633, in convert_column
    result = pa.array(col, type=type_, from_pandas=True, safe=safe)
  File "pyarrow/array.pxi", line 390, in pyarrow.lib.array
    result = _ndarray_to_array(values, mask, type, c_from_pandas, safe,
  File "pyarrow/array.pxi", line 91, in pyarrow.lib._ndarray_to_array
    check_status(NdarrayToArrow(pool, values, mask, from_pandas,
  File "pyarrow/error.pxi", line 92, in pyarrow.lib.check_status
pyarrow.lib.ArrowInvalid: ('Could not convert 0 with type int: tried to convert to boolean', 'Conversion failed for column Value with type object')
2026-10-08 17:40:08.504 Please replace `use_container_width` with `width`.

`use_container_width` will be removed after 2025-12-31.

For `use_container_width=True`, use `width='stretch'`. For `use_container_width=False`, use `width='content'`.
2026-10-08 17:40:08.509 Please replace `use_container_width` with `width`.

`use_container_width` will be removed after 2025-12-31.

For `use_container_width=True`, use `width='stretch'`. For `use_container_width=False`, use `width='content'`.
2026-10-08 17:40:08.973 Please replace `use_container_width` with `width`.

`use_container_width` will be removed after 2025-12-31.

For `use_container_width=True`, use `width='stretch'`. For `use_container_width=False`, use `width='content'`.
2026-10-08 17:40:08.975 Please replace `use_container_width` with `width`.

`use_container_width` will be removed after 2025-12-31.

For `use_container_width=True`, use `width='stretch'`. For `use_container_width=False`, use `width='content'`.
2026-10-08 17:40:08.976 Please replace `use_container_width` with `width`.

`use_container_width` will be removed after 2025-12-31.

For `use_container_width=True`, use `width='stretch'`. For `use_container_width=False`, use `width='content'`.
2026-10-08 17:40:09.230 Please replace `use_container_width` with `width`.

`use_container_width` will be removed after 2025-12-31.

For `use_container_width=True`, use `width='stretch'`. For `use_container_width=False`, use `width='content'`.
2026-10-08 17:40:09.243 Please replace `use_container_width` with `width`.

`use_container_width` will be removed after 2025-12-31.

For `use_container_width=True`, use `width='stretch'`. For `use_container_width=False`, use `width='content'`.
2026-10-08 17:40:09.247 Please replace `use_container_width` with `width`.

`use_container_width` will be removed after 2025-12-31.

For `use_container_width=True`, use `width='stretch'`. For `use_container_width=False`, use `width='content'`.
2026-10-08 17:40:09.261 Please replace `use_container_width` with `width`.

`use_container_width` will be removed after 2025-12-31.

For `use_container_width=True`, use `width='stretch'`. For `use_container_width=False`, use `width='content'`.
2026-10-08 17:40:09.262 Please replace `use_container_width` with `width`.

`use_container_width` will be removed after 2025-12-31.

For `use_container_width=True`, use `width='stretch'`. For `use_container_width=False`, use `width='content'`.
2026-10-08 17:40:09.263 Please replace `use_container_width` with `width`.

`use_container_width` will be removed after 2025-12-31.

For `use_container_width=True`, use `width='stretch'`. For `use_container_width=False`, use `width='content'`.
2026-10-08 17:40:09.276 Please replace `use_container_width` with `width`.

`use_container_width` will be removed after 2025-12-31.

For `use_container_width=True`, use `width='stretch'`. For `use_container_width=False`, use `width='content'`.
2026-10-08 17:40:09.277 Please replace `use_container_width` with `width`.

`use_container_width` will be removed after 2025-12-31.

For `use_container_width=True`, use `width='stretch'`. For `use_container_width=False`, use `width='content'`.
2026-10-08 17:40:09.281 Please replace `use_container_width` with `width`.

`use_container_width` will be removed after 2025-12-31.

For `use_container_width=True`, use `width='stretch'`. For `use_container_width=False`, use `width='content'`.
2026-10-08 17:40:09.285 Please replace `use_container_width` with `width`.

`use_container_width` will be removed after 2025-12-31.

For `use_container_width=True`, use `width='stretch'`. For `use_container_width=False`, use `width='content'`.
2026-10-08 17:40:09.286 Serialization of dataframe to Arrow table was unsuccessful. Applying automatic fixes for column types to make the dataframe Arrow-compatible.
Traceback (most recent call last):
  File "/workspace/scratch/42ffe4c93098/utilization9_runtime/lib/python3.14/site-packages/streamlit/dataframe_util.py", line 940, in convert_pandas_df_to_arrow_table
    return pa.Table.from_pandas(df, preserve_index=preserve_index)
           ~~~~~~~~~~~~~~~~~~~~^^^^^^^^^^^^^^^^^^^^^^^^^^^^^^^^^^^
  File "pyarrow/table.pxi", line 4768, in pyarrow.lib.Table.from_pandas
  File "/workspace/scratch/42ffe4c93098/utilization9_runtime/lib/python3.14/site-packages/pyarrow/pandas_compat.py", line 651, in dataframe_to_arrays
    arrays = [convert_column(c, f)
              ~~~~~~~~~~~~~~^^^^^^
  File "/workspace/scratch/42ffe4c93098/utilization9_runtime/lib/python3.14/site-packages/pyarrow/pandas_compat.py", line 639, in convert_column
    raise e
  File "/workspace/scratch/42ffe4c93098/utilization9_runtime/lib/python3.14/site-packages/pyarrow/pandas_compat.py", line 633, in convert_column
    result = pa.array(col, type=type_, from_pandas=True, safe=safe)
  File "pyarrow/array.pxi", line 390, in pyarrow.lib.array
    result = _ndarray_to_array(values, mask, type, c_from_pandas, safe,
  File "pyarrow/array.pxi", line 91, in pyarrow.lib._ndarray_to_array
    check_status(NdarrayToArrow(pool, values, mask, from_pandas,
  File "pyarrow/error.pxi", line 92, in pyarrow.lib.check_status
pyarrow.lib.ArrowTypeError: ("Expected bytes, got a 'bool' object", 'Conversion failed for column Value with type object')
2026-10-08 17:40:09.288 Please replace `use_container_width` with `width`.

`use_container_width` will be removed after 2025-12-31.

For `use_container_width=True`, use `width='stretch'`. For `use_container_width=False`, use `width='content'`.
2026-10-08 17:40:09.289 Please replace `use_container_width` with `width`.

`use_container_width` will be removed after 2025-12-31.

For `use_container_width=True`, use `width='stretch'`. For `use_container_width=False`, use `width='content'`.
2026-10-08 17:40:09.290 Please replace `use_container_width` with `width`.

`use_container_width` will be removed after 2025-12-31.

For `use_container_width=True`, use `width='stretch'`. For `use_container_width=False`, use `width='content'`.
2026-10-08 17:40:09.292 Please replace `use_container_width` with `width`.

`use_container_width` will be removed after 2025-12-31.

For `use_container_width=True`, use `width='stretch'`. For `use_container_width=False`, use `width='content'`.
2026-10-08 17:40:09.293 Please replace `use_container_width` with `width`.

`use_container_width` will be removed after 2025-12-31.

For `use_container_width=True`, use `width='stretch'`. For `use_container_width=False`, use `width='content'`.
2026-10-08 17:40:09.305 Please replace `use_container_width` with `width`.

`use_container_width` will be removed after 2025-12-31.

For `use_container_width=True`, use `width='stretch'`. For `use_container_width=False`, use `width='content'`.
2026-10-08 17:40:09.306 Please replace `use_container_width` with `width`.

`use_container_width` will be removed after 2025-12-31.

For `use_container_width=True`, use `width='stretch'`. For `use_container_width=False`, use `width='content'`.
2026-10-08 17:40:09.307 Please replace `use_container_width` with `width`.

`use_container_width` will be removed after 2025-12-31.

For `use_container_width=True`, use `width='stretch'`. For `use_container_width=False`, use `width='content'`.
2026-10-08 17:40:09.308 Serialization of dataframe to Arrow table was unsuccessful. Applying automatic fixes for column types to make the dataframe Arrow-compatible.
Traceback (most recent call last):
  File "/workspace/scratch/42ffe4c93098/utilization9_runtime/lib/python3.14/site-packages/streamlit/dataframe_util.py", line 940, in convert_pandas_df_to_arrow_table
    return pa.Table.from_pandas(df, preserve_index=preserve_index)
           ~~~~~~~~~~~~~~~~~~~~^^^^^^^^^^^^^^^^^^^^^^^^^^^^^^^^^^^
  File "pyarrow/table.pxi", line 4768, in pyarrow.lib.Table.from_pandas
  File "/workspace/scratch/42ffe4c93098/utilization9_runtime/lib/python3.14/site-packages/pyarrow/pandas_compat.py", line 651, in dataframe_to_arrays
    arrays = [convert_column(c, f)
              ~~~~~~~~~~~~~~^^^^^^
  File "/workspace/scratch/42ffe4c93098/utilization9_runtime/lib/python3.14/site-packages/pyarrow/pandas_compat.py", line 639, in convert_column
    raise e
  File "/workspace/scratch/42ffe4c93098/utilization9_runtime/lib/python3.14/site-packages/pyarrow/pandas_compat.py", line 633, in convert_column
    result = pa.array(col, type=type_, from_pandas=True, safe=safe)
  File "pyarrow/array.pxi", line 390, in pyarrow.lib.array
    result = _ndarray_to_array(values, mask, type, c_from_pandas, safe,
  File "pyarrow/array.pxi", line 91, in pyarrow.lib._ndarray_to_array
    check_status(NdarrayToArrow(pool, values, mask, from_pandas,
  File "pyarrow/error.pxi", line 92, in pyarrow.lib.check_status
pyarrow.lib.ArrowTypeError: ("Expected bytes, got a 'float' object", 'Conversion failed for column Value with type object')
2026-10-08 17:40:09.310 Please replace `use_container_width` with `width`.

`use_container_width` will be removed after 2025-12-31.

For `use_container_width=True`, use `width='stretch'`. For `use_container_width=False`, use `width='content'`.
2026-10-08 17:40:09.310 Serialization of dataframe to Arrow table was unsuccessful. Applying automatic fixes for column types to make the dataframe Arrow-compatible.
Traceback (most recent call last):
  File "/workspace/scratch/42ffe4c93098/utilization9_runtime/lib/python3.14/site-packages/streamlit/dataframe_util.py", line 940, in convert_pandas_df_to_arrow_table
    return pa.Table.from_pandas(df, preserve_index=preserve_index)
           ~~~~~~~~~~~~~~~~~~~~^^^^^^^^^^^^^^^^^^^^^^^^^^^^^^^^^^^
  File "pyarrow/table.pxi", line 4768, in pyarrow.lib.Table.from_pandas
  File "/workspace/scratch/42ffe4c93098/utilization9_runtime/lib/python3.14/site-packages/pyarrow/pandas_compat.py", line 651, in dataframe_to_arrays
    arrays = [convert_column(c, f)
              ~~~~~~~~~~~~~~^^^^^^
  File "/workspace/scratch/42ffe4c93098/utilization9_runtime/lib/python3.14/site-packages/pyarrow/pandas_compat.py", line 639, in convert_column
    raise e
  File "/workspace/scratch/42ffe4c93098/utilization9_runtime/lib/python3.14/site-packages/pyarrow/pandas_compat.py", line 633, in convert_column
    result = pa.array(col, type=type_, from_pandas=True, safe=safe)
  File "pyarrow/array.pxi", line 390, in pyarrow.lib.array
    result = _ndarray_to_array(values, mask, type, c_from_pandas, safe,
  File "pyarrow/array.pxi", line 91, in pyarrow.lib._ndarray_to_array
    check_status(NdarrayToArrow(pool, values, mask, from_pandas,
  File "pyarrow/error.pxi", line 92, in pyarrow.lib.check_status
pyarrow.lib.ArrowInvalid: ("Could not convert 'Wet slab/topping, barrier, wearing surface, SDL/LL, building service loads' with type str: tried to convert to double", 'Conversion failed for column w_kN/m per girder with type object')
2026-10-08 17:40:09.313 Please replace `use_container_width` with `width`.

`use_container_width` will be removed after 2025-12-31.

For `use_container_width=True`, use `width='stretch'`. For `use_container_width=False`, use `width='content'`.
2026-10-08 17:40:09.315 Please replace `use_container_width` with `width`.

`use_container_width` will be removed after 2025-12-31.

For `use_container_width=True`, use `width='stretch'`. For `use_container_width=False`, use `width='content'`.
2026-10-08 17:40:09.316 Please replace `use_container_width` with `width`.

`use_container_width` will be removed after 2025-12-31.

For `use_container_width=True`, use `width='stretch'`. For `use_container_width=False`, use `width='content'`.
2026-10-08 17:40:09.322 Please replace `use_container_width` with `width`.

`use_container_width` will be removed after 2025-12-31.

For `use_container_width=True`, use `width='stretch'`. For `use_container_width=False`, use `width='content'`.
2026-10-08 17:40:09.323 Serialization of dataframe to Arrow table was unsuccessful. Applying automatic fixes for column types to make the dataframe Arrow-compatible.
Traceback (most recent call last):
  File "/workspace/scratch/42ffe4c93098/utilization9_runtime/lib/python3.14/site-packages/streamlit/dataframe_util.py", line 940, in convert_pandas_df_to_arrow_table
    return pa.Table.from_pandas(df, preserve_index=preserve_index)
           ~~~~~~~~~~~~~~~~~~~~^^^^^^^^^^^^^^^^^^^^^^^^^^^^^^^^^^^
  File "pyarrow/table.pxi", line 4768, in pyarrow.lib.Table.from_pandas
  File "/workspace/scratch/42ffe4c93098/utilization9_runtime/lib/python3.14/site-packages/pyarrow/pandas_compat.py", line 651, in dataframe_to_arrays
    arrays = [convert_column(c, f)
              ~~~~~~~~~~~~~~^^^^^^
  File "/workspace/scratch/42ffe4c93098/utilization9_runtime/lib/python3.14/site-packages/pyarrow/pandas_compat.py", line 639, in convert_column
    raise e
  File "/workspace/scratch/42ffe4c93098/utilization9_runtime/lib/python3.14/site-packages/pyarrow/pandas_compat.py", line 633, in convert_column
    result = pa.array(col, type=type_, from_pandas=True, safe=safe)
  File "pyarrow/array.pxi", line 390, in pyarrow.lib.array
    result = _ndarray_to_array(values, mask, type, c_from_pandas, safe,
  File "pyarrow/array.pxi", line 91, in pyarrow.lib._ndarray_to_array
    check_status(NdarrayToArrow(pool, values, mask, from_pandas,
  File "pyarrow/error.pxi", line 92, in pyarrow.lib.check_status
pyarrow.lib.ArrowInvalid: ('Could not convert 0 with type int: tried to convert to boolean', 'Conversion failed for column Value with type object')
2026-10-08 17:40:09.324 Please replace `use_container_width` with `width`.

`use_container_width` will be removed after 2025-12-31.

For `use_container_width=True`, use `width='stretch'`. For `use_container_width=False`, use `width='content'`.
2026-10-08 17:40:09.329 Please replace `use_container_width` with `width`.

`use_container_width` will be removed after 2025-12-31.

For `use_container_width=True`, use `width='stretch'`. For `use_container_width=False`, use `width='content'`.
2026-10-08 17:40:09.774 Please replace `use_container_width` with `width`.

`use_container_width` will be removed after 2025-12-31.

For `use_container_width=True`, use `width='stretch'`. For `use_container_width=False`, use `width='content'`.
2026-10-08 17:40:09.776 Please replace `use_container_width` with `width`.

`use_container_width` will be removed after 2025-12-31.

For `use_container_width=True`, use `width='stretch'`. For `use_container_width=False`, use `width='content'`.
2026-10-08 17:40:09.777 Please replace `use_container_width` with `width`.

`use_container_width` will be removed after 2025-12-31.

For `use_container_width=True`, use `width='stretch'`. For `use_container_width=False`, use `width='content'`.
2026-10-08 17:40:10.268 Please replace `use_container_width` with `width`.

`use_container_width` will be removed after 2025-12-31.

For `use_container_width=True`, use `width='stretch'`. For `use_container_width=False`, use `width='content'`.
2026-10-08 17:40:10.282 Please replace `use_container_width` with `width`.

`use_container_width` will be removed after 2025-12-31.

For `use_container_width=True`, use `width='stretch'`. For `use_container_width=False`, use `width='content'`.
2026-10-08 17:40:10.286 Please replace `use_container_width` with `width`.

`use_container_width` will be removed after 2025-12-31.

For `use_container_width=True`, use `width='stretch'`. For `use_container_width=False`, use `width='content'`.
2026-10-08 17:40:10.302 Please replace `use_container_width` with `width`.

`use_container_width` will be removed after 2025-12-31.

For `use_container_width=True`, use `width='stretch'`. For `use_container_width=False`, use `width='content'`.
2026-10-08 17:40:10.303 Please replace `use_container_width` with `width`.

`use_container_width` will be removed after 2025-12-31.

For `use_container_width=True`, use `width='stretch'`. For `use_container_width=False`, use `width='content'`.
2026-10-08 17:40:10.304 Please replace `use_container_width` with `width`.

`use_container_width` will be removed after 2025-12-31.

For `use_container_width=True`, use `width='stretch'`. For `use_container_width=False`, use `width='content'`.
2026-10-08 17:40:10.316 Please replace `use_container_width` with `width`.

`use_container_width` will be removed after 2025-12-31.

For `use_container_width=True`, use `width='stretch'`. For `use_container_width=False`, use `width='content'`.
2026-10-08 17:40:10.316 Please replace `use_container_width` with `width`.

`use_container_width` will be removed after 2025-12-31.

For `use_container_width=True`, use `width='stretch'`. For `use_container_width=False`, use `width='content'`.
2026-10-08 17:40:10.321 Please replace `use_container_width` with `width`.

`use_container_width` will be removed after 2025-12-31.

For `use_container_width=True`, use `width='stretch'`. For `use_container_width=False`, use `width='content'`.
2026-10-08 17:40:10.325 Please replace `use_container_width` with `width`.

`use_container_width` will be removed after 2025-12-31.

For `use_container_width=True`, use `width='stretch'`. For `use_container_width=False`, use `width='content'`.
2026-10-08 17:40:10.326 Serialization of dataframe to Arrow table was unsuccessful. Applying automatic fixes for column types to make the dataframe Arrow-compatible.
Traceback (most recent call last):
  File "/workspace/scratch/42ffe4c93098/utilization9_runtime/lib/python3.14/site-packages/streamlit/dataframe_util.py", line 940, in convert_pandas_df_to_arrow_table
    return pa.Table.from_pandas(df, preserve_index=preserve_index)
           ~~~~~~~~~~~~~~~~~~~~^^^^^^^^^^^^^^^^^^^^^^^^^^^^^^^^^^^
  File "pyarrow/table.pxi", line 4768, in pyarrow.lib.Table.from_pandas
  File "/workspace/scratch/42ffe4c93098/utilization9_runtime/lib/python3.14/site-packages/pyarrow/pandas_compat.py", line 651, in dataframe_to_arrays
    arrays = [convert_column(c, f)
              ~~~~~~~~~~~~~~^^^^^^
  File "/workspace/scratch/42ffe4c93098/utilization9_runtime/lib/python3.14/site-packages/pyarrow/pandas_compat.py", line 639, in convert_column
    raise e
  File "/workspace/scratch/42ffe4c93098/utilization9_runtime/lib/python3.14/site-packages/pyarrow/pandas_compat.py", line 633, in convert_column
    result = pa.array(col, type=type_, from_pandas=True, safe=safe)
  File "pyarrow/array.pxi", line 390, in pyarrow.lib.array
    result = _ndarray_to_array(values, mask, type, c_from_pandas, safe,
  File "pyarrow/array.pxi", line 91, in pyarrow.lib._ndarray_to_array
    check_status(NdarrayToArrow(pool, values, mask, from_pandas,
  File "pyarrow/error.pxi", line 92, in pyarrow.lib.check_status
pyarrow.lib.ArrowTypeError: ("Expected bytes, got a 'bool' object", 'Conversion failed for column Value with type object')
2026-10-08 17:40:10.328 Please replace `use_container_width` with `width`.

`use_container_width` will be removed after 2025-12-31.

For `use_container_width=True`, use `width='stretch'`. For `use_container_width=False`, use `width='content'`.
2026-10-08 17:40:10.329 Please replace `use_container_width` with `width`.

`use_container_width` will be removed after 2025-12-31.

For `use_container_width=True`, use `width='stretch'`. For `use_container_width=False`, use `width='content'`.
2026-10-08 17:40:10.330 Please replace `use_container_width` with `width`.

`use_container_width` will be removed after 2025-12-31.

For `use_container_width=True`, use `width='stretch'`. For `use_container_width=False`, use `width='content'`.
2026-10-08 17:40:10.331 Please replace `use_container_width` with `width`.

`use_container_width` will be removed after 2025-12-31.

For `use_container_width=True`, use `width='stretch'`. For `use_container_width=False`, use `width='content'`.
2026-10-08 17:40:10.333 Please replace `use_container_width` with `width`.

`use_container_width` will be removed after 2025-12-31.

For `use_container_width=True`, use `width='stretch'`. For `use_container_width=False`, use `width='content'`.
2026-10-08 17:40:10.345 Please replace `use_container_width` with `width`.

`use_container_width` will be removed after 2025-12-31.

For `use_container_width=True`, use `width='stretch'`. For `use_container_width=False`, use `width='content'`.
2026-10-08 17:40:10.347 Please replace `use_container_width` with `width`.

`use_container_width` will be removed after 2025-12-31.

For `use_container_width=True`, use `width='stretch'`. For `use_container_width=False`, use `width='content'`.
2026-10-08 17:40:10.348 Please replace `use_container_width` with `width`.

`use_container_width` will be removed after 2025-12-31.

For `use_container_width=True`, use `width='stretch'`. For `use_container_width=False`, use `width='content'`.
2026-10-08 17:40:10.349 Serialization of dataframe to Arrow table was unsuccessful. Applying automatic fixes for column types to make the dataframe Arrow-compatible.
Traceback (most recent call last):
  File "/workspace/scratch/42ffe4c93098/utilization9_runtime/lib/python3.14/site-packages/streamlit/dataframe_util.py", line 940, in convert_pandas_df_to_arrow_table
    return pa.Table.from_pandas(df, preserve_index=preserve_index)
           ~~~~~~~~~~~~~~~~~~~~^^^^^^^^^^^^^^^^^^^^^^^^^^^^^^^^^^^
  File "pyarrow/table.pxi", line 4768, in pyarrow.lib.Table.from_pandas
  File "/workspace/scratch/42ffe4c93098/utilization9_runtime/lib/python3.14/site-packages/pyarrow/pandas_compat.py", line 651, in dataframe_to_arrays
    arrays = [convert_column(c, f)
              ~~~~~~~~~~~~~~^^^^^^
  File "/workspace/scratch/42ffe4c93098/utilization9_runtime/lib/python3.14/site-packages/pyarrow/pandas_compat.py", line 639, in convert_column
    raise e
  File "/workspace/scratch/42ffe4c93098/utilization9_runtime/lib/python3.14/site-packages/pyarrow/pandas_compat.py", line 633, in convert_column
    result = pa.array(col, type=type_, from_pandas=True, safe=safe)
  File "pyarrow/array.pxi", line 390, in pyarrow.lib.array
    result = _ndarray_to_array(values, mask, type, c_from_pandas, safe,
  File "pyarrow/array.pxi", line 91, in pyarrow.lib._ndarray_to_array
    check_status(NdarrayToArrow(pool, values, mask, from_pandas,
  File "pyarrow/error.pxi", line 92, in pyarrow.lib.check_status
pyarrow.lib.ArrowTypeError: ("Expected bytes, got a 'float' object", 'Conversion failed for column Value with type object')
2026-10-08 17:40:10.351 Please replace `use_container_width` with `width`.

`use_container_width` will be removed after 2025-12-31.

For `use_container_width=True`, use `width='stretch'`. For `use_container_width=False`, use `width='content'`.
2026-10-08 17:40:10.352 Serialization of dataframe to Arrow table was unsuccessful. Applying automatic fixes for column types to make the dataframe Arrow-compatible.
Traceback (most recent call last):
  File "/workspace/scratch/42ffe4c93098/utilization9_runtime/lib/python3.14/site-packages/streamlit/dataframe_util.py", line 940, in convert_pandas_df_to_arrow_table
    return pa.Table.from_pandas(df, preserve_index=preserve_index)
           ~~~~~~~~~~~~~~~~~~~~^^^^^^^^^^^^^^^^^^^^^^^^^^^^^^^^^^^
  File "pyarrow/table.pxi", line 4768, in pyarrow.lib.Table.from_pandas
  File "/workspace/scratch/42ffe4c93098/utilization9_runtime/lib/python3.14/site-packages/pyarrow/pandas_compat.py", line 651, in dataframe_to_arrays
    arrays = [convert_column(c, f)
              ~~~~~~~~~~~~~~^^^^^^
  File "/workspace/scratch/42ffe4c93098/utilization9_runtime/lib/python3.14/site-packages/pyarrow/pandas_compat.py", line 639, in convert_column
    raise e
  File "/workspace/scratch/42ffe4c93098/utilization9_runtime/lib/python3.14/site-packages/pyarrow/pandas_compat.py", line 633, in convert_column
    result = pa.array(col, type=type_, from_pandas=True, safe=safe)
  File "pyarrow/array.pxi", line 390, in pyarrow.lib.array
    result = _ndarray_to_array(values, mask, type, c_from_pandas, safe,
  File "pyarrow/array.pxi", line 91, in pyarrow.lib._ndarray_to_array
    check_status(NdarrayToArrow(pool, values, mask, from_pandas,
  File "pyarrow/error.pxi", line 92, in pyarrow.lib.check_status
pyarrow.lib.ArrowInvalid: ("Could not convert 'Wet slab/topping, barrier, wearing surface, SDL/LL, building service loads' with type str: tried to convert to double", 'Conversion failed for column w_kN/m per girder with type object')
2026-10-08 17:40:10.356 Please replace `use_container_width` with `width`.

`use_container_width` will be removed after 2025-12-31.

For `use_container_width=True`, use `width='stretch'`. For `use_container_width=False`, use `width='content'`.
2026-10-08 17:40:10.360 Please replace `use_container_width` with `width`.

`use_container_width` will be removed after 2025-12-31.

For `use_container_width=True`, use `width='stretch'`. For `use_container_width=False`, use `width='content'`.
2026-10-08 17:40:10.362 Please replace `use_container_width` with `width`.

`use_container_width` will be removed after 2025-12-31.

For `use_container_width=True`, use `width='stretch'`. For `use_container_width=False`, use `width='content'`.
2026-10-08 17:40:10.369 Please replace `use_container_width` with `width`.

`use_container_width` will be removed after 2025-12-31.

For `use_container_width=True`, use `width='stretch'`. For `use_container_width=False`, use `width='content'`.
2026-10-08 17:40:10.370 Serialization of dataframe to Arrow table was unsuccessful. Applying automatic fixes for column types to make the dataframe Arrow-compatible.
Traceback (most recent call last):
  File "/workspace/scratch/42ffe4c93098/utilization9_runtime/lib/python3.14/site-packages/streamlit/dataframe_util.py", line 940, in convert_pandas_df_to_arrow_table
    return pa.Table.from_pandas(df, preserve_index=preserve_index)
           ~~~~~~~~~~~~~~~~~~~~^^^^^^^^^^^^^^^^^^^^^^^^^^^^^^^^^^^
  File "pyarrow/table.pxi", line 4768, in pyarrow.lib.Table.from_pandas
  File "/workspace/scratch/42ffe4c93098/utilization9_runtime/lib/python3.14/site-packages/pyarrow/pandas_compat.py", line 651, in dataframe_to_arrays
    arrays = [convert_column(c, f)
              ~~~~~~~~~~~~~~^^^^^^
  File "/workspace/scratch/42ffe4c93098/utilization9_runtime/lib/python3.14/site-packages/pyarrow/pandas_compat.py", line 639, in convert_column
    raise e
  File "/workspace/scratch/42ffe4c93098/utilization9_runtime/lib/python3.14/site-packages/pyarrow/pandas_compat.py", line 633, in convert_column
    result = pa.array(col, type=type_, from_pandas=True, safe=safe)
  File "pyarrow/array.pxi", line 390, in pyarrow.lib.array
    result = _ndarray_to_array(values, mask, type, c_from_pandas, safe,
  File "pyarrow/array.pxi", line 91, in pyarrow.lib._ndarray_to_array
    check_status(NdarrayToArrow(pool, values, mask, from_pandas,
  File "pyarrow/error.pxi", line 92, in pyarrow.lib.check_status
pyarrow.lib.ArrowInvalid: ('Could not convert 0 with type int: tried to convert to boolean', 'Conversion failed for column Value with type object')
2026-10-08 17:40:10.372 Please replace `use_container_width` with `width`.

`use_container_width` will be removed after 2025-12-31.

For `use_container_width=True`, use `width='stretch'`. For `use_container_width=False`, use `width='content'`.
2026-10-08 17:40:10.378 Please replace `use_container_width` with `width`.

`use_container_width` will be removed after 2025-12-31.

For `use_container_width=True`, use `width='stretch'`. For `use_container_width=False`, use `width='content'`.
2026-10-08 17:40:10.856 Please replace `use_container_width` with `width`.

`use_container_width` will be removed after 2025-12-31.

For `use_container_width=True`, use `width='stretch'`. For `use_container_width=False`, use `width='content'`.
2026-10-08 17:40:10.857 Please replace `use_container_width` with `width`.

`use_container_width` will be removed after 2025-12-31.

For `use_container_width=True`, use `width='stretch'`. For `use_container_width=False`, use `width='content'`.
2026-10-08 17:40:10.858 Please replace `use_container_width` with `width`.

`use_container_width` will be removed after 2025-12-31.

For `use_container_width=True`, use `width='stretch'`. For `use_container_width=False`, use `width='content'`.
2026-10-08 17:40:11.122 Please replace `use_container_width` with `width`.

`use_container_width` will be removed after 2025-12-31.

For `use_container_width=True`, use `width='stretch'`. For `use_container_width=False`, use `width='content'`.
2026-10-08 17:40:11.151 Please replace `use_container_width` with `width`.

`use_container_width` will be removed after 2025-12-31.

For `use_container_width=True`, use `width='stretch'`. For `use_container_width=False`, use `width='content'`.
2026-10-08 17:40:11.156 Please replace `use_container_width` with `width`.

`use_container_width` will be removed after 2025-12-31.

For `use_container_width=True`, use `width='stretch'`. For `use_container_width=False`, use `width='content'`.
2026-10-08 17:40:11.172 Please replace `use_container_width` with `width`.

`use_container_width` will be removed after 2025-12-31.

For `use_container_width=True`, use `width='stretch'`. For `use_container_width=False`, use `width='content'`.
2026-10-08 17:40:11.173 Please replace `use_container_width` with `width`.

`use_container_width` will be removed after 2025-12-31.

For `use_container_width=True`, use `width='stretch'`. For `use_container_width=False`, use `width='content'`.
2026-10-08 17:40:11.174 Please replace `use_container_width` with `width`.

`use_container_width` will be removed after 2025-12-31.

For `use_container_width=True`, use `width='stretch'`. For `use_container_width=False`, use `width='content'`.
2026-10-08 17:40:11.187 Please replace `use_container_width` with `width`.

`use_container_width` will be removed after 2025-12-31.

For `use_container_width=True`, use `width='stretch'`. For `use_container_width=False`, use `width='content'`.
2026-10-08 17:40:11.188 Please replace `use_container_width` with `width`.

`use_container_width` will be removed after 2025-12-31.

For `use_container_width=True`, use `width='stretch'`. For `use_container_width=False`, use `width='content'`.
2026-10-08 17:40:11.192 Please replace `use_container_width` with `width`.

`use_container_width` will be removed after 2025-12-31.

For `use_container_width=True`, use `width='stretch'`. For `use_container_width=False`, use `width='content'`.
2026-10-08 17:40:11.197 Please replace `use_container_width` with `width`.

`use_container_width` will be removed after 2025-12-31.

For `use_container_width=True`, use `width='stretch'`. For `use_container_width=False`, use `width='content'`.
2026-10-08 17:40:11.197 Serialization of dataframe to Arrow table was unsuccessful. Applying automatic fixes for column types to make the dataframe Arrow-compatible.
Traceback (most recent call last):
  File "/workspace/scratch/42ffe4c93098/utilization9_runtime/lib/python3.14/site-packages/streamlit/dataframe_util.py", line 940, in convert_pandas_df_to_arrow_table
    return pa.Table.from_pandas(df, preserve_index=preserve_index)
           ~~~~~~~~~~~~~~~~~~~~^^^^^^^^^^^^^^^^^^^^^^^^^^^^^^^^^^^
  File "pyarrow/table.pxi", line 4768, in pyarrow.lib.Table.from_pandas
  File "/workspace/scratch/42ffe4c93098/utilization9_runtime/lib/python3.14/site-packages/pyarrow/pandas_compat.py", line 651, in dataframe_to_arrays
    arrays = [convert_column(c, f)
              ~~~~~~~~~~~~~~^^^^^^
  File "/workspace/scratch/42ffe4c93098/utilization9_runtime/lib/python3.14/site-packages/pyarrow/pandas_compat.py", line 639, in convert_column
    raise e
  File "/workspace/scratch/42ffe4c93098/utilization9_runtime/lib/python3.14/site-packages/pyarrow/pandas_compat.py", line 633, in convert_column
    result = pa.array(col, type=type_, from_pandas=True, safe=safe)
  File "pyarrow/array.pxi", line 390, in pyarrow.lib.array
    result = _ndarray_to_array(values, mask, type, c_from_pandas, safe,
  File "pyarrow/array.pxi", line 91, in pyarrow.lib._ndarray_to_array
    check_status(NdarrayToArrow(pool, values, mask, from_pandas,
  File "pyarrow/error.pxi", line 92, in pyarrow.lib.check_status
pyarrow.lib.ArrowTypeError: ("Expected bytes, got a 'bool' object", 'Conversion failed for column Value with type object')
2026-10-08 17:40:11.200 Please replace `use_container_width` with `width`.

`use_container_width` will be removed after 2025-12-31.

For `use_container_width=True`, use `width='stretch'`. For `use_container_width=False`, use `width='content'`.
2026-10-08 17:40:11.202 Please replace `use_container_width` with `width`.

`use_container_width` will be removed after 2025-12-31.

For `use_container_width=True`, use `width='stretch'`. For `use_container_width=False`, use `width='content'`.
2026-10-08 17:40:11.204 Please replace `use_container_width` with `width`.

`use_container_width` will be removed after 2025-12-31.

For `use_container_width=True`, use `width='stretch'`. For `use_container_width=False`, use `width='content'`.
2026-10-08 17:40:11.206 Please replace `use_container_width` with `width`.

`use_container_width` will be removed after 2025-12-31.

For `use_container_width=True`, use `width='stretch'`. For `use_container_width=False`, use `width='content'`.
2026-10-08 17:40:11.208 Please replace `use_container_width` with `width`.

`use_container_width` will be removed after 2025-12-31.

For `use_container_width=True`, use `width='stretch'`. For `use_container_width=False`, use `width='content'`.
2026-10-08 17:40:11.227 Please replace `use_container_width` with `width`.

`use_container_width` will be removed after 2025-12-31.

For `use_container_width=True`, use `width='stretch'`. For `use_container_width=False`, use `width='content'`.
2026-10-08 17:40:11.230 Please replace `use_container_width` with `width`.

`use_container_width` will be removed after 2025-12-31.

For `use_container_width=True`, use `width='stretch'`. For `use_container_width=False`, use `width='content'`.
2026-10-08 17:40:11.231 Please replace `use_container_width` with `width`.

`use_container_width` will be removed after 2025-12-31.

For `use_container_width=True`, use `width='stretch'`. For `use_container_width=False`, use `width='content'`.
2026-10-08 17:40:11.232 Serialization of dataframe to Arrow table was unsuccessful. Applying automatic fixes for column types to make the dataframe Arrow-compatible.
Traceback (most recent call last):
  File "/workspace/scratch/42ffe4c93098/utilization9_runtime/lib/python3.14/site-packages/streamlit/dataframe_util.py", line 940, in convert_pandas_df_to_arrow_table
    return pa.Table.from_pandas(df, preserve_index=preserve_index)
           ~~~~~~~~~~~~~~~~~~~~^^^^^^^^^^^^^^^^^^^^^^^^^^^^^^^^^^^
  File "pyarrow/table.pxi", line 4768, in pyarrow.lib.Table.from_pandas
  File "/workspace/scratch/42ffe4c93098/utilization9_runtime/lib/python3.14/site-packages/pyarrow/pandas_compat.py", line 651, in dataframe_to_arrays
    arrays = [convert_column(c, f)
              ~~~~~~~~~~~~~~^^^^^^
  File "/workspace/scratch/42ffe4c93098/utilization9_runtime/lib/python3.14/site-packages/pyarrow/pandas_compat.py", line 639, in convert_column
    raise e
  File "/workspace/scratch/42ffe4c93098/utilization9_runtime/lib/python3.14/site-packages/pyarrow/pandas_compat.py", line 633, in convert_column
    result = pa.array(col, type=type_, from_pandas=True, safe=safe)
  File "pyarrow/array.pxi", line 390, in pyarrow.lib.array
    result = _ndarray_to_array(values, mask, type, c_from_pandas, safe,
  File "pyarrow/array.pxi", line 91, in pyarrow.lib._ndarray_to_array
    check_status(NdarrayToArrow(pool, values, mask, from_pandas,
  File "pyarrow/error.pxi", line 92, in pyarrow.lib.check_status
pyarrow.lib.ArrowTypeError: ("Expected bytes, got a 'float' object", 'Conversion failed for column Value with type object')
2026-10-08 17:40:11.235 Please replace `use_container_width` with `width`.

`use_container_width` will be removed after 2025-12-31.

For `use_container_width=True`, use `width='stretch'`. For `use_container_width=False`, use `width='content'`.
2026-10-08 17:40:11.235 Serialization of dataframe to Arrow table was unsuccessful. Applying automatic fixes for column types to make the dataframe Arrow-compatible.
Traceback (most recent call last):
  File "/workspace/scratch/42ffe4c93098/utilization9_runtime/lib/python3.14/site-packages/streamlit/dataframe_util.py", line 940, in convert_pandas_df_to_arrow_table
    return pa.Table.from_pandas(df, preserve_index=preserve_index)
           ~~~~~~~~~~~~~~~~~~~~^^^^^^^^^^^^^^^^^^^^^^^^^^^^^^^^^^^
  File "pyarrow/table.pxi", line 4768, in pyarrow.lib.Table.from_pandas
  File "/workspace/scratch/42ffe4c93098/utilization9_runtime/lib/python3.14/site-packages/pyarrow/pandas_compat.py", line 651, in dataframe_to_arrays
    arrays = [convert_column(c, f)
              ~~~~~~~~~~~~~~^^^^^^
  File "/workspace/scratch/42ffe4c93098/utilization9_runtime/lib/python3.14/site-packages/pyarrow/pandas_compat.py", line 639, in convert_column
    raise e
  File "/workspace/scratch/42ffe4c93098/utilization9_runtime/lib/python3.14/site-packages/pyarrow/pandas_compat.py", line 633, in convert_column
    result = pa.array(col, type=type_, from_pandas=True, safe=safe)
  File "pyarrow/array.pxi", line 390, in pyarrow.lib.array
    result = _ndarray_to_array(values, mask, type, c_from_pandas, safe,
  File "pyarrow/array.pxi", line 91, in pyarrow.lib._ndarray_to_array
    check_status(NdarrayToArrow(pool, values, mask, from_pandas,
  File "pyarrow/error.pxi", line 92, in pyarrow.lib.check_status
pyarrow.lib.ArrowInvalid: ("Could not convert 'Wet slab/topping, barrier, wearing surface, SDL/LL, building service loads' with type str: tried to convert to double", 'Conversion failed for column w_kN/m per girder with type object')
2026-10-08 17:40:11.238 Please replace `use_container_width` with `width`.

`use_container_width` will be removed after 2025-12-31.

For `use_container_width=True`, use `width='stretch'`. For `use_container_width=False`, use `width='content'`.
2026-10-08 17:40:11.241 Please replace `use_container_width` with `width`.

`use_container_width` will be removed after 2025-12-31.

For `use_container_width=True`, use `width='stretch'`. For `use_container_width=False`, use `width='content'`.
2026-10-08 17:40:11.243 Please replace `use_container_width` with `width`.

`use_container_width` will be removed after 2025-12-31.

For `use_container_width=True`, use `width='stretch'`. For `use_container_width=False`, use `width='content'`.
2026-10-08 17:40:11.251 Please replace `use_container_width` with `width`.

`use_container_width` will be removed after 2025-12-31.

For `use_container_width=True`, use `width='stretch'`. For `use_container_width=False`, use `width='content'`.
2026-10-08 17:40:11.252 Serialization of dataframe to Arrow table was unsuccessful. Applying automatic fixes for column types to make the dataframe Arrow-compatible.
Traceback (most recent call last):
  File "/workspace/scratch/42ffe4c93098/utilization9_runtime/lib/python3.14/site-packages/streamlit/dataframe_util.py", line 940, in convert_pandas_df_to_arrow_table
    return pa.Table.from_pandas(df, preserve_index=preserve_index)
           ~~~~~~~~~~~~~~~~~~~~^^^^^^^^^^^^^^^^^^^^^^^^^^^^^^^^^^^
  File "pyarrow/table.pxi", line 4768, in pyarrow.lib.Table.from_pandas
  File "/workspace/scratch/42ffe4c93098/utilization9_runtime/lib/python3.14/site-packages/pyarrow/pandas_compat.py", line 651, in dataframe_to_arrays
    arrays = [convert_column(c, f)
              ~~~~~~~~~~~~~~^^^^^^
  File "/workspace/scratch/42ffe4c93098/utilization9_runtime/lib/python3.14/site-packages/pyarrow/pandas_compat.py", line 639, in convert_column
    raise e
  File "/workspace/scratch/42ffe4c93098/utilization9_runtime/lib/python3.14/site-packages/pyarrow/pandas_compat.py", line 633, in convert_column
    result = pa.array(col, type=type_, from_pandas=True, safe=safe)
  File "pyarrow/array.pxi", line 390, in pyarrow.lib.array
    result = _ndarray_to_array(values, mask, type, c_from_pandas, safe,
  File "pyarrow/array.pxi", line 91, in pyarrow.lib._ndarray_to_array
    check_status(NdarrayToArrow(pool, values, mask, from_pandas,
  File "pyarrow/error.pxi", line 92, in pyarrow.lib.check_status
pyarrow.lib.ArrowInvalid: ('Could not convert 0 with type int: tried to convert to boolean', 'Conversion failed for column Value with type object')
2026-10-08 17:40:11.254 Please replace `use_container_width` with `width`.

`use_container_width` will be removed after 2025-12-31.

For `use_container_width=True`, use `width='stretch'`. For `use_container_width=False`, use `width='content'`.
2026-10-08 17:40:11.260 Please replace `use_container_width` with `width`.

`use_container_width` will be removed after 2025-12-31.

For `use_container_width=True`, use `width='stretch'`. For `use_container_width=False`, use `width='content'`.
2026-10-08 17:40:11.677 Please replace `use_container_width` with `width`.

`use_container_width` will be removed after 2025-12-31.

For `use_container_width=True`, use `width='stretch'`. For `use_container_width=False`, use `width='content'`.
2026-10-08 17:40:11.678 Please replace `use_container_width` with `width`.

`use_container_width` will be removed after 2025-12-31.

For `use_container_width=True`, use `width='stretch'`. For `use_container_width=False`, use `width='content'`.
2026-10-08 17:40:11.680 Please replace `use_container_width` with `width`.

`use_container_width` will be removed after 2025-12-31.

For `use_container_width=True`, use `width='stretch'`. For `use_container_width=False`, use `width='content'`.
2026-10-08 17:40:11.945 Please replace `use_container_width` with `width`.

`use_container_width` will be removed after 2025-12-31.

For `use_container_width=True`, use `width='stretch'`. For `use_container_width=False`, use `width='content'`.
2026-10-08 17:40:11.963 Please replace `use_container_width` with `width`.

`use_container_width` will be removed after 2025-12-31.

For `use_container_width=True`, use `width='stretch'`. For `use_container_width=False`, use `width='content'`.
2026-10-08 17:40:11.969 Please replace `use_container_width` with `width`.

`use_container_width` will be removed after 2025-12-31.

For `use_container_width=True`, use `width='stretch'`. For `use_container_width=False`, use `width='content'`.
2026-10-08 17:40:11.984 Please replace `use_container_width` with `width`.

`use_container_width` will be removed after 2025-12-31.

For `use_container_width=True`, use `width='stretch'`. For `use_container_width=False`, use `width='content'`.
2026-10-08 17:40:11.985 Please replace `use_container_width` with `width`.

`use_container_width` will be removed after 2025-12-31.

For `use_container_width=True`, use `width='stretch'`. For `use_container_width=False`, use `width='content'`.
2026-10-08 17:40:11.987 Please replace `use_container_width` with `width`.

`use_container_width` will be removed after 2025-12-31.

For `use_container_width=True`, use `width='stretch'`. For `use_container_width=False`, use `width='content'`.
2026-10-08 17:40:12.002 Please replace `use_container_width` with `width`.

`use_container_width` will be removed after 2025-12-31.

For `use_container_width=True`, use `width='stretch'`. For `use_container_width=False`, use `width='content'`.
2026-10-08 17:40:12.003 Please replace `use_container_width` with `width`.

`use_container_width` will be removed after 2025-12-31.

For `use_container_width=True`, use `width='stretch'`. For `use_container_width=False`, use `width='content'`.
2026-10-08 17:40:12.010 Please replace `use_container_width` with `width`.

`use_container_width` will be removed after 2025-12-31.

For `use_container_width=True`, use `width='stretch'`. For `use_container_width=False`, use `width='content'`.
2026-10-08 17:40:12.018 Please replace `use_container_width` with `width`.

`use_container_width` will be removed after 2025-12-31.

For `use_container_width=True`, use `width='stretch'`. For `use_container_width=False`, use `width='content'`.
2026-10-08 17:40:12.019 Serialization of dataframe to Arrow table was unsuccessful. Applying automatic fixes for column types to make the dataframe Arrow-compatible.
Traceback (most recent call last):
  File "/workspace/scratch/42ffe4c93098/utilization9_runtime/lib/python3.14/site-packages/streamlit/dataframe_util.py", line 940, in convert_pandas_df_to_arrow_table
    return pa.Table.from_pandas(df, preserve_index=preserve_index)
           ~~~~~~~~~~~~~~~~~~~~^^^^^^^^^^^^^^^^^^^^^^^^^^^^^^^^^^^
  File "pyarrow/table.pxi", line 4768, in pyarrow.lib.Table.from_pandas
  File "/workspace/scratch/42ffe4c93098/utilization9_runtime/lib/python3.14/site-packages/pyarrow/pandas_compat.py", line 651, in dataframe_to_arrays
    arrays = [convert_column(c, f)
              ~~~~~~~~~~~~~~^^^^^^
  File "/workspace/scratch/42ffe4c93098/utilization9_runtime/lib/python3.14/site-packages/pyarrow/pandas_compat.py", line 639, in convert_column
    raise e
  File "/workspace/scratch/42ffe4c93098/utilization9_runtime/lib/python3.14/site-packages/pyarrow/pandas_compat.py", line 633, in convert_column
    result = pa.array(col, type=type_, from_pandas=True, safe=safe)
  File "pyarrow/array.pxi", line 390, in pyarrow.lib.array
    result = _ndarray_to_array(values, mask, type, c_from_pandas, safe,
  File "pyarrow/array.pxi", line 91, in pyarrow.lib._ndarray_to_array
    check_status(NdarrayToArrow(pool, values, mask, from_pandas,
  File "pyarrow/error.pxi", line 92, in pyarrow.lib.check_status
pyarrow.lib.ArrowTypeError: ("Expected bytes, got a 'bool' object", 'Conversion failed for column Value with type object')
2026-10-08 17:40:12.023 Please replace `use_container_width` with `width`.

`use_container_width` will be removed after 2025-12-31.

For `use_container_width=True`, use `width='stretch'`. For `use_container_width=False`, use `width='content'`.
2026-10-08 17:40:12.025 Please replace `use_container_width` with `width`.

`use_container_width` will be removed after 2025-12-31.

For `use_container_width=True`, use `width='stretch'`. For `use_container_width=False`, use `width='content'`.
2026-10-08 17:40:12.026 Please replace `use_container_width` with `width`.

`use_container_width` will be removed after 2025-12-31.

For `use_container_width=True`, use `width='stretch'`. For `use_container_width=False`, use `width='content'`.
2026-10-08 17:40:12.028 Please replace `use_container_width` with `width`.

`use_container_width` will be removed after 2025-12-31.

For `use_container_width=True`, use `width='stretch'`. For `use_container_width=False`, use `width='content'`.
2026-10-08 17:40:12.029 Please replace `use_container_width` with `width`.

`use_container_width` will be removed after 2025-12-31.

For `use_container_width=True`, use `width='stretch'`. For `use_container_width=False`, use `width='content'`.
2026-10-08 17:40:12.045 Please replace `use_container_width` with `width`.

`use_container_width` will be removed after 2025-12-31.

For `use_container_width=True`, use `width='stretch'`. For `use_container_width=False`, use `width='content'`.
2026-10-08 17:40:12.047 Please replace `use_container_width` with `width`.

`use_container_width` will be removed after 2025-12-31.

For `use_container_width=True`, use `width='stretch'`. For `use_container_width=False`, use `width='content'`.
2026-10-08 17:40:12.049 Please replace `use_container_width` with `width`.

`use_container_width` will be removed after 2025-12-31.

For `use_container_width=True`, use `width='stretch'`. For `use_container_width=False`, use `width='content'`.
2026-10-08 17:40:12.049 Serialization of dataframe to Arrow table was unsuccessful. Applying automatic fixes for column types to make the dataframe Arrow-compatible.
Traceback (most recent call last):
  File "/workspace/scratch/42ffe4c93098/utilization9_runtime/lib/python3.14/site-packages/streamlit/dataframe_util.py", line 940, in convert_pandas_df_to_arrow_table
    return pa.Table.from_pandas(df, preserve_index=preserve_index)
           ~~~~~~~~~~~~~~~~~~~~^^^^^^^^^^^^^^^^^^^^^^^^^^^^^^^^^^^
  File "pyarrow/table.pxi", line 4768, in pyarrow.lib.Table.from_pandas
  File "/workspace/scratch/42ffe4c93098/utilization9_runtime/lib/python3.14/site-packages/pyarrow/pandas_compat.py", line 651, in dataframe_to_arrays
    arrays = [convert_column(c, f)
              ~~~~~~~~~~~~~~^^^^^^
  File "/workspace/scratch/42ffe4c93098/utilization9_runtime/lib/python3.14/site-packages/pyarrow/pandas_compat.py", line 639, in convert_column
    raise e
  File "/workspace/scratch/42ffe4c93098/utilization9_runtime/lib/python3.14/site-packages/pyarrow/pandas_compat.py", line 633, in convert_column
    result = pa.array(col, type=type_, from_pandas=True, safe=safe)
  File "pyarrow/array.pxi", line 390, in pyarrow.lib.array
    result = _ndarray_to_array(values, mask, type, c_from_pandas, safe,
  File "pyarrow/array.pxi", line 91, in pyarrow.lib._ndarray_to_array
    check_status(NdarrayToArrow(pool, values, mask, from_pandas,
  File "pyarrow/error.pxi", line 92, in pyarrow.lib.check_status
pyarrow.lib.ArrowTypeError: ("Expected bytes, got a 'float' object", 'Conversion failed for column Value with type object')
2026-10-08 17:40:12.052 Please replace `use_container_width` with `width`.

`use_container_width` will be removed after 2025-12-31.

For `use_container_width=True`, use `width='stretch'`. For `use_container_width=False`, use `width='content'`.
2026-10-08 17:40:12.052 Serialization of dataframe to Arrow table was unsuccessful. Applying automatic fixes for column types to make the dataframe Arrow-compatible.
Traceback (most recent call last):
  File "/workspace/scratch/42ffe4c93098/utilization9_runtime/lib/python3.14/site-packages/streamlit/dataframe_util.py", line 940, in convert_pandas_df_to_arrow_table
    return pa.Table.from_pandas(df, preserve_index=preserve_index)
           ~~~~~~~~~~~~~~~~~~~~^^^^^^^^^^^^^^^^^^^^^^^^^^^^^^^^^^^
  File "pyarrow/table.pxi", line 4768, in pyarrow.lib.Table.from_pandas
  File "/workspace/scratch/42ffe4c93098/utilization9_runtime/lib/python3.14/site-packages/pyarrow/pandas_compat.py", line 651, in dataframe_to_arrays
    arrays = [convert_column(c, f)
              ~~~~~~~~~~~~~~^^^^^^
  File "/workspace/scratch/42ffe4c93098/utilization9_runtime/lib/python3.14/site-packages/pyarrow/pandas_compat.py", line 639, in convert_column
    raise e
  File "/workspace/scratch/42ffe4c93098/utilization9_runtime/lib/python3.14/site-packages/pyarrow/pandas_compat.py", line 633, in convert_column
    result = pa.array(col, type=type_, from_pandas=True, safe=safe)
  File "pyarrow/array.pxi", line 390, in pyarrow.lib.array
    result = _ndarray_to_array(values, mask, type, c_from_pandas, safe,
  File "pyarrow/array.pxi", line 91, in pyarrow.lib._ndarray_to_array
    check_status(NdarrayToArrow(pool, values, mask, from_pandas,
  File "pyarrow/error.pxi", line 92, in pyarrow.lib.check_status
pyarrow.lib.ArrowInvalid: ("Could not convert 'Wet slab/topping, barrier, wearing surface, SDL/LL, building service loads' with type str: tried to convert to double", 'Conversion failed for column w_kN/m per girder with type object')
2026-10-08 17:40:12.055 Please replace `use_container_width` with `width`.

`use_container_width` will be removed after 2025-12-31.

For `use_container_width=True`, use `width='stretch'`. For `use_container_width=False`, use `width='content'`.
2026-10-08 17:40:12.058 Please replace `use_container_width` with `width`.

`use_container_width` will be removed after 2025-12-31.

For `use_container_width=True`, use `width='stretch'`. For `use_container_width=False`, use `width='content'`.
2026-10-08 17:40:12.060 Please replace `use_container_width` with `width`.

`use_container_width` will be removed after 2025-12-31.

For `use_container_width=True`, use `width='stretch'`. For `use_container_width=False`, use `width='content'`.
2026-10-08 17:40:12.067 Please replace `use_container_width` with `width`.

`use_container_width` will be removed after 2025-12-31.

For `use_container_width=True`, use `width='stretch'`. For `use_container_width=False`, use `width='content'`.
2026-10-08 17:40:12.068 Serialization of dataframe to Arrow table was unsuccessful. Applying automatic fixes for column types to make the dataframe Arrow-compatible.
Traceback (most recent call last):
  File "/workspace/scratch/42ffe4c93098/utilization9_runtime/lib/python3.14/site-packages/streamlit/dataframe_util.py", line 940, in convert_pandas_df_to_arrow_table
    return pa.Table.from_pandas(df, preserve_index=preserve_index)
           ~~~~~~~~~~~~~~~~~~~~^^^^^^^^^^^^^^^^^^^^^^^^^^^^^^^^^^^
  File "pyarrow/table.pxi", line 4768, in pyarrow.lib.Table.from_pandas
  File "/workspace/scratch/42ffe4c93098/utilization9_runtime/lib/python3.14/site-packages/pyarrow/pandas_compat.py", line 651, in dataframe_to_arrays
    arrays = [convert_column(c, f)
              ~~~~~~~~~~~~~~^^^^^^
  File "/workspace/scratch/42ffe4c93098/utilization9_runtime/lib/python3.14/site-packages/pyarrow/pandas_compat.py", line 639, in convert_column
    raise e
  File "/workspace/scratch/42ffe4c93098/utilization9_runtime/lib/python3.14/site-packages/pyarrow/pandas_compat.py", line 633, in convert_column
    result = pa.array(col, type=type_, from_pandas=True, safe=safe)
  File "pyarrow/array.pxi", line 390, in pyarrow.lib.array
    result = _ndarray_to_array(values, mask, type, c_from_pandas, safe,
  File "pyarrow/array.pxi", line 91, in pyarrow.lib._ndarray_to_array
    check_status(NdarrayToArrow(pool, values, mask, from_pandas,
  File "pyarrow/error.pxi", line 92, in pyarrow.lib.check_status
pyarrow.lib.ArrowInvalid: ('Could not convert 0 with type int: tried to convert to boolean', 'Conversion failed for column Value with type object')
2026-10-08 17:40:12.073 Please replace `use_container_width` with `width`.

`use_container_width` will be removed after 2025-12-31.

For `use_container_width=True`, use `width='stretch'`. For `use_container_width=False`, use `width='content'`.
2026-10-08 17:40:12.094 Please replace `use_container_width` with `width`.

`use_container_width` will be removed after 2025-12-31.

For `use_container_width=True`, use `width='stretch'`. For `use_container_width=False`, use `width='content'`.
2026-10-08 17:40:12.638 Please replace `use_container_width` with `width`.

`use_container_width` will be removed after 2025-12-31.

For `use_container_width=True`, use `width='stretch'`. For `use_container_width=False`, use `width='content'`.
2026-10-08 17:40:12.640 Please replace `use_container_width` with `width`.

`use_container_width` will be removed after 2025-12-31.

For `use_container_width=True`, use `width='stretch'`. For `use_container_width=False`, use `width='content'`.
2026-10-08 17:40:12.641 Please replace `use_container_width` with `width`.

`use_container_width` will be removed after 2025-12-31.

For `use_container_width=True`, use `width='stretch'`. For `use_container_width=False`, use `width='content'`.
2026-10-08 17:40:12.846 Please replace `use_container_width` with `width`.

`use_container_width` will be removed after 2025-12-31.

For `use_container_width=True`, use `width='stretch'`. For `use_container_width=False`, use `width='content'`.
2026-10-08 17:40:12.869 Please replace `use_container_width` with `width`.

`use_container_width` will be removed after 2025-12-31.

For `use_container_width=True`, use `width='stretch'`. For `use_container_width=False`, use `width='content'`.
2026-10-08 17:40:12.876 Please replace `use_container_width` with `width`.

`use_container_width` will be removed after 2025-12-31.

For `use_container_width=True`, use `width='stretch'`. For `use_container_width=False`, use `width='content'`.
2026-10-08 17:40:12.899 Please replace `use_container_width` with `width`.

`use_container_width` will be removed after 2025-12-31.

For `use_container_width=True`, use `width='stretch'`. For `use_container_width=False`, use `width='content'`.
2026-10-08 17:40:12.900 Please replace `use_container_width` with `width`.

`use_container_width` will be removed after 2025-12-31.

For `use_container_width=True`, use `width='stretch'`. For `use_container_width=False`, use `width='content'`.
2026-10-08 17:40:12.901 Please replace `use_container_width` with `width`.

`use_container_width` will be removed after 2025-12-31.

For `use_container_width=True`, use `width='stretch'`. For `use_container_width=False`, use `width='content'`.
2026-10-08 17:40:12.922 Please replace `use_container_width` with `width`.

`use_container_width` will be removed after 2025-12-31.

For `use_container_width=True`, use `width='stretch'`. For `use_container_width=False`, use `width='content'`.
2026-10-08 17:40:12.923 Please replace `use_container_width` with `width`.

`use_container_width` will be removed after 2025-12-31.

For `use_container_width=True`, use `width='stretch'`. For `use_container_width=False`, use `width='content'`.
2026-10-08 17:40:12.930 Please replace `use_container_width` with `width`.

`use_container_width` will be removed after 2025-12-31.

For `use_container_width=True`, use `width='stretch'`. For `use_container_width=False`, use `width='content'`.
2026-10-08 17:40:12.937 Please replace `use_container_width` with `width`.

`use_container_width` will be removed after 2025-12-31.

For `use_container_width=True`, use `width='stretch'`. For `use_container_width=False`, use `width='content'`.
2026-10-08 17:40:12.937 Serialization of dataframe to Arrow table was unsuccessful. Applying automatic fixes for column types to make the dataframe Arrow-compatible.
Traceback (most recent call last):
  File "/workspace/scratch/42ffe4c93098/utilization9_runtime/lib/python3.14/site-packages/streamlit/dataframe_util.py", line 940, in convert_pandas_df_to_arrow_table
    return pa.Table.from_pandas(df, preserve_index=preserve_index)
           ~~~~~~~~~~~~~~~~~~~~^^^^^^^^^^^^^^^^^^^^^^^^^^^^^^^^^^^
  File "pyarrow/table.pxi", line 4768, in pyarrow.lib.Table.from_pandas
  File "/workspace/scratch/42ffe4c93098/utilization9_runtime/lib/python3.14/site-packages/pyarrow/pandas_compat.py", line 651, in dataframe_to_arrays
    arrays = [convert_column(c, f)
              ~~~~~~~~~~~~~~^^^^^^
  File "/workspace/scratch/42ffe4c93098/utilization9_runtime/lib/python3.14/site-packages/pyarrow/pandas_compat.py", line 639, in convert_column
    raise e
  File "/workspace/scratch/42ffe4c93098/utilization9_runtime/lib/python3.14/site-packages/pyarrow/pandas_compat.py", line 633, in convert_column
    result = pa.array(col, type=type_, from_pandas=True, safe=safe)
  File "pyarrow/array.pxi", line 390, in pyarrow.lib.array
    result = _ndarray_to_array(values, mask, type, c_from_pandas, safe,
  File "pyarrow/array.pxi", line 91, in pyarrow.lib._ndarray_to_array
    check_status(NdarrayToArrow(pool, values, mask, from_pandas,
  File "pyarrow/error.pxi", line 92, in pyarrow.lib.check_status
pyarrow.lib.ArrowTypeError: ("Expected bytes, got a 'bool' object", 'Conversion failed for column Value with type object')
2026-10-08 17:40:12.940 Please replace `use_container_width` with `width`.

`use_container_width` will be removed after 2025-12-31.

For `use_container_width=True`, use `width='stretch'`. For `use_container_width=False`, use `width='content'`.
2026-10-08 17:40:12.942 Please replace `use_container_width` with `width`.

`use_container_width` will be removed after 2025-12-31.

For `use_container_width=True`, use `width='stretch'`. For `use_container_width=False`, use `width='content'`.
2026-10-08 17:40:12.943 Please replace `use_container_width` with `width`.

`use_container_width` will be removed after 2025-12-31.

For `use_container_width=True`, use `width='stretch'`. For `use_container_width=False`, use `width='content'`.
2026-10-08 17:40:12.945 Please replace `use_container_width` with `width`.

`use_container_width` will be removed after 2025-12-31.

For `use_container_width=True`, use `width='stretch'`. For `use_container_width=False`, use `width='content'`.
2026-10-08 17:40:12.947 Please replace `use_container_width` with `width`.

`use_container_width` will be removed after 2025-12-31.

For `use_container_width=True`, use `width='stretch'`. For `use_container_width=False`, use `width='content'`.
2026-10-08 17:40:12.966 Please replace `use_container_width` with `width`.

`use_container_width` will be removed after 2025-12-31.

For `use_container_width=True`, use `width='stretch'`. For `use_container_width=False`, use `width='content'`.
2026-10-08 17:40:12.968 Please replace `use_container_width` with `width`.

`use_container_width` will be removed after 2025-12-31.

For `use_container_width=True`, use `width='stretch'`. For `use_container_width=False`, use `width='content'`.
2026-10-08 17:40:12.970 Please replace `use_container_width` with `width`.

`use_container_width` will be removed after 2025-12-31.

For `use_container_width=True`, use `width='stretch'`. For `use_container_width=False`, use `width='content'`.
2026-10-08 17:40:12.970 Serialization of dataframe to Arrow table was unsuccessful. Applying automatic fixes for column types to make the dataframe Arrow-compatible.
Traceback (most recent call last):
  File "/workspace/scratch/42ffe4c93098/utilization9_runtime/lib/python3.14/site-packages/streamlit/dataframe_util.py", line 940, in convert_pandas_df_to_arrow_table
    return pa.Table.from_pandas(df, preserve_index=preserve_index)
           ~~~~~~~~~~~~~~~~~~~~^^^^^^^^^^^^^^^^^^^^^^^^^^^^^^^^^^^
  File "pyarrow/table.pxi", line 4768, in pyarrow.lib.Table.from_pandas
  File "/workspace/scratch/42ffe4c93098/utilization9_runtime/lib/python3.14/site-packages/pyarrow/pandas_compat.py", line 651, in dataframe_to_arrays
    arrays = [convert_column(c, f)
              ~~~~~~~~~~~~~~^^^^^^
  File "/workspace/scratch/42ffe4c93098/utilization9_runtime/lib/python3.14/site-packages/pyarrow/pandas_compat.py", line 639, in convert_column
    raise e
  File "/workspace/scratch/42ffe4c93098/utilization9_runtime/lib/python3.14/site-packages/pyarrow/pandas_compat.py", line 633, in convert_column
    result = pa.array(col, type=type_, from_pandas=True, safe=safe)
  File "pyarrow/array.pxi", line 390, in pyarrow.lib.array
    result = _ndarray_to_array(values, mask, type, c_from_pandas, safe,
  File "pyarrow/array.pxi", line 91, in pyarrow.lib._ndarray_to_array
    check_status(NdarrayToArrow(pool, values, mask, from_pandas,
  File "pyarrow/error.pxi", line 92, in pyarrow.lib.check_status
pyarrow.lib.ArrowTypeError: ("Expected bytes, got a 'float' object", 'Conversion failed for column Value with type object')
2026-10-08 17:40:12.973 Please replace `use_container_width` with `width`.

`use_container_width` will be removed after 2025-12-31.

For `use_container_width=True`, use `width='stretch'`. For `use_container_width=False`, use `width='content'`.
2026-10-08 17:40:12.974 Serialization of dataframe to Arrow table was unsuccessful. Applying automatic fixes for column types to make the dataframe Arrow-compatible.
Traceback (most recent call last):
  File "/workspace/scratch/42ffe4c93098/utilization9_runtime/lib/python3.14/site-packages/streamlit/dataframe_util.py", line 940, in convert_pandas_df_to_arrow_table
    return pa.Table.from_pandas(df, preserve_index=preserve_index)
           ~~~~~~~~~~~~~~~~~~~~^^^^^^^^^^^^^^^^^^^^^^^^^^^^^^^^^^^
  File "pyarrow/table.pxi", line 4768, in pyarrow.lib.Table.from_pandas
  File "/workspace/scratch/42ffe4c93098/utilization9_runtime/lib/python3.14/site-packages/pyarrow/pandas_compat.py", line 651, in dataframe_to_arrays
    arrays = [convert_column(c, f)
              ~~~~~~~~~~~~~~^^^^^^
  File "/workspace/scratch/42ffe4c93098/utilization9_runtime/lib/python3.14/site-packages/pyarrow/pandas_compat.py", line 639, in convert_column
    raise e
  File "/workspace/scratch/42ffe4c93098/utilization9_runtime/lib/python3.14/site-packages/pyarrow/pandas_compat.py", line 633, in convert_column
    result = pa.array(col, type=type_, from_pandas=True, safe=safe)
  File "pyarrow/array.pxi", line 390, in pyarrow.lib.array
    result = _ndarray_to_array(values, mask, type, c_from_pandas, safe,
  File "pyarrow/array.pxi", line 91, in pyarrow.lib._ndarray_to_array
    check_status(NdarrayToArrow(pool, values, mask, from_pandas,
  File "pyarrow/error.pxi", line 92, in pyarrow.lib.check_status
pyarrow.lib.ArrowInvalid: ("Could not convert 'Wet slab/topping, barrier, wearing surface, SDL/LL, building service loads' with type str: tried to convert to double", 'Conversion failed for column w_kN/m per girder with type object')
2026-10-08 17:40:12.976 Please replace `use_container_width` with `width`.

`use_container_width` will be removed after 2025-12-31.

For `use_container_width=True`, use `width='stretch'`. For `use_container_width=False`, use `width='content'`.
2026-10-08 17:40:12.979 Please replace `use_container_width` with `width`.

`use_container_width` will be removed after 2025-12-31.

For `use_container_width=True`, use `width='stretch'`. For `use_container_width=False`, use `width='content'`.
2026-10-08 17:40:12.981 Please replace `use_container_width` with `width`.

`use_container_width` will be removed after 2025-12-31.

For `use_container_width=True`, use `width='stretch'`. For `use_container_width=False`, use `width='content'`.
2026-10-08 17:40:12.990 Please replace `use_container_width` with `width`.

`use_container_width` will be removed after 2025-12-31.

For `use_container_width=True`, use `width='stretch'`. For `use_container_width=False`, use `width='content'`.
2026-10-08 17:40:12.990 Serialization of dataframe to Arrow table was unsuccessful. Applying automatic fixes for column types to make the dataframe Arrow-compatible.
Traceback (most recent call last):
  File "/workspace/scratch/42ffe4c93098/utilization9_runtime/lib/python3.14/site-packages/streamlit/dataframe_util.py", line 940, in convert_pandas_df_to_arrow_table
    return pa.Table.from_pandas(df, preserve_index=preserve_index)
           ~~~~~~~~~~~~~~~~~~~~^^^^^^^^^^^^^^^^^^^^^^^^^^^^^^^^^^^
  File "pyarrow/table.pxi", line 4768, in pyarrow.lib.Table.from_pandas
  File "/workspace/scratch/42ffe4c93098/utilization9_runtime/lib/python3.14/site-packages/pyarrow/pandas_compat.py", line 651, in dataframe_to_arrays
    arrays = [convert_column(c, f)
              ~~~~~~~~~~~~~~^^^^^^
  File "/workspace/scratch/42ffe4c93098/utilization9_runtime/lib/python3.14/site-packages/pyarrow/pandas_compat.py", line 639, in convert_column
    raise e
  File "/workspace/scratch/42ffe4c93098/utilization9_runtime/lib/python3.14/site-packages/pyarrow/pandas_compat.py", line 633, in convert_column
    result = pa.array(col, type=type_, from_pandas=True, safe=safe)
  File "pyarrow/array.pxi", line 390, in pyarrow.lib.array
    result = _ndarray_to_array(values, mask, type, c_from_pandas, safe,
  File "pyarrow/array.pxi", line 91, in pyarrow.lib._ndarray_to_array
    check_status(NdarrayToArrow(pool, values, mask, from_pandas,
  File "pyarrow/error.pxi", line 92, in pyarrow.lib.check_status
pyarrow.lib.ArrowInvalid: ('Could not convert 0 with type int: tried to convert to boolean', 'Conversion failed for column Value with type object')
2026-10-08 17:40:12.992 Please replace `use_container_width` with `width`.

`use_container_width` will be removed after 2025-12-31.

For `use_container_width=True`, use `width='stretch'`. For `use_container_width=False`, use `width='content'`.
2026-10-08 17:40:12.998 Please replace `use_container_width` with `width`.

`use_container_width` will be removed after 2025-12-31.

For `use_container_width=True`, use `width='stretch'`. For `use_container_width=False`, use `width='content'`.
2026-10-08 17:40:13.524 Please replace `use_container_width` with `width`.

`use_container_width` will be removed after 2025-12-31.

For `use_container_width=True`, use `width='stretch'`. For `use_container_width=False`, use `width='content'`.
2026-10-08 17:40:13.525 Please replace `use_container_width` with `width`.

`use_container_width` will be removed after 2025-12-31.

For `use_container_width=True`, use `width='stretch'`. For `use_container_width=False`, use `width='content'`.
2026-10-08 17:40:13.526 Please replace `use_container_width` with `width`.

`use_container_width` will be removed after 2025-12-31.

For `use_container_width=True`, use `width='stretch'`. For `use_container_width=False`, use `width='content'`.
2026-10-08 17:40:13.710 Please replace `use_container_width` with `width`.

`use_container_width` will be removed after 2025-12-31.

For `use_container_width=True`, use `width='stretch'`. For `use_container_width=False`, use `width='content'`.
2026-10-08 17:40:13.723 Please replace `use_container_width` with `width`.

`use_container_width` will be removed after 2025-12-31.

For `use_container_width=True`, use `width='stretch'`. For `use_container_width=False`, use `width='content'`.
2026-10-08 17:40:13.727 Please replace `use_container_width` with `width`.

`use_container_width` will be removed after 2025-12-31.

For `use_container_width=True`, use `width='stretch'`. For `use_container_width=False`, use `width='content'`.
2026-10-08 17:40:13.744 Please replace `use_container_width` with `width`.

`use_container_width` will be removed after 2025-12-31.

For `use_container_width=True`, use `width='stretch'`. For `use_container_width=False`, use `width='content'`.
2026-10-08 17:40:13.745 Please replace `use_container_width` with `width`.

`use_container_width` will be removed after 2025-12-31.

For `use_container_width=True`, use `width='stretch'`. For `use_container_width=False`, use `width='content'`.
2026-10-08 17:40:13.746 Please replace `use_container_width` with `width`.

`use_container_width` will be removed after 2025-12-31.

For `use_container_width=True`, use `width='stretch'`. For `use_container_width=False`, use `width='content'`.
2026-10-08 17:40:13.758 Please replace `use_container_width` with `width`.

`use_container_width` will be removed after 2025-12-31.

For `use_container_width=True`, use `width='stretch'`. For `use_container_width=False`, use `width='content'`.
2026-10-08 17:40:13.759 Please replace `use_container_width` with `width`.

`use_container_width` will be removed after 2025-12-31.

For `use_container_width=True`, use `width='stretch'`. For `use_container_width=False`, use `width='content'`.
2026-10-08 17:40:13.763 Please replace `use_container_width` with `width`.

`use_container_width` will be removed after 2025-12-31.

For `use_container_width=True`, use `width='stretch'`. For `use_container_width=False`, use `width='content'`.
2026-10-08 17:40:13.767 Please replace `use_container_width` with `width`.

`use_container_width` will be removed after 2025-12-31.

For `use_container_width=True`, use `width='stretch'`. For `use_container_width=False`, use `width='content'`.
2026-10-08 17:40:13.768 Serialization of dataframe to Arrow table was unsuccessful. Applying automatic fixes for column types to make the dataframe Arrow-compatible.
Traceback (most recent call last):
  File "/workspace/scratch/42ffe4c93098/utilization9_runtime/lib/python3.14/site-packages/streamlit/dataframe_util.py", line 940, in convert_pandas_df_to_arrow_table
    return pa.Table.from_pandas(df, preserve_index=preserve_index)
           ~~~~~~~~~~~~~~~~~~~~^^^^^^^^^^^^^^^^^^^^^^^^^^^^^^^^^^^
  File "pyarrow/table.pxi", line 4768, in pyarrow.lib.Table.from_pandas
  File "/workspace/scratch/42ffe4c93098/utilization9_runtime/lib/python3.14/site-packages/pyarrow/pandas_compat.py", line 651, in dataframe_to_arrays
    arrays = [convert_column(c, f)
              ~~~~~~~~~~~~~~^^^^^^
  File "/workspace/scratch/42ffe4c93098/utilization9_runtime/lib/python3.14/site-packages/pyarrow/pandas_compat.py", line 639, in convert_column
    raise e
  File "/workspace/scratch/42ffe4c93098/utilization9_runtime/lib/python3.14/site-packages/pyarrow/pandas_compat.py", line 633, in convert_column
    result = pa.array(col, type=type_, from_pandas=True, safe=safe)
  File "pyarrow/array.pxi", line 390, in pyarrow.lib.array
    result = _ndarray_to_array(values, mask, type, c_from_pandas, safe,
  File "pyarrow/array.pxi", line 91, in pyarrow.lib._ndarray_to_array
    check_status(NdarrayToArrow(pool, values, mask, from_pandas,
  File "pyarrow/error.pxi", line 92, in pyarrow.lib.check_status
pyarrow.lib.ArrowTypeError: ("Expected bytes, got a 'bool' object", 'Conversion failed for column Value with type object')
2026-10-08 17:40:13.770 Please replace `use_container_width` with `width`.

`use_container_width` will be removed after 2025-12-31.

For `use_container_width=True`, use `width='stretch'`. For `use_container_width=False`, use `width='content'`.
2026-10-08 17:40:13.771 Please replace `use_container_width` with `width`.

`use_container_width` will be removed after 2025-12-31.

For `use_container_width=True`, use `width='stretch'`. For `use_container_width=False`, use `width='content'`.
2026-10-08 17:40:13.773 Please replace `use_container_width` with `width`.

`use_container_width` will be removed after 2025-12-31.

For `use_container_width=True`, use `width='stretch'`. For `use_container_width=False`, use `width='content'`.
2026-10-08 17:40:13.774 Please replace `use_container_width` with `width`.

`use_container_width` will be removed after 2025-12-31.

For `use_container_width=True`, use `width='stretch'`. For `use_container_width=False`, use `width='content'`.
2026-10-08 17:40:13.776 Please replace `use_container_width` with `width`.

`use_container_width` will be removed after 2025-12-31.

For `use_container_width=True`, use `width='stretch'`. For `use_container_width=False`, use `width='content'`.
2026-10-08 17:40:13.791 Please replace `use_container_width` with `width`.

`use_container_width` will be removed after 2025-12-31.

For `use_container_width=True`, use `width='stretch'`. For `use_container_width=False`, use `width='content'`.
2026-10-08 17:40:13.793 Please replace `use_container_width` with `width`.

`use_container_width` will be removed after 2025-12-31.

For `use_container_width=True`, use `width='stretch'`. For `use_container_width=False`, use `width='content'`.
2026-10-08 17:40:13.795 Please replace `use_container_width` with `width`.

`use_container_width` will be removed after 2025-12-31.

For `use_container_width=True`, use `width='stretch'`. For `use_container_width=False`, use `width='content'`.
2026-10-08 17:40:13.795 Serialization of dataframe to Arrow table was unsuccessful. Applying automatic fixes for column types to make the dataframe Arrow-compatible.
Traceback (most recent call last):
  File "/workspace/scratch/42ffe4c93098/utilization9_runtime/lib/python3.14/site-packages/streamlit/dataframe_util.py", line 940, in convert_pandas_df_to_arrow_table
    return pa.Table.from_pandas(df, preserve_index=preserve_index)
           ~~~~~~~~~~~~~~~~~~~~^^^^^^^^^^^^^^^^^^^^^^^^^^^^^^^^^^^
  File "pyarrow/table.pxi", line 4768, in pyarrow.lib.Table.from_pandas
  File "/workspace/scratch/42ffe4c93098/utilization9_runtime/lib/python3.14/site-packages/pyarrow/pandas_compat.py", line 651, in dataframe_to_arrays
    arrays = [convert_column(c, f)
              ~~~~~~~~~~~~~~^^^^^^
  File "/workspace/scratch/42ffe4c93098/utilization9_runtime/lib/python3.14/site-packages/pyarrow/pandas_compat.py", line 639, in convert_column
    raise e
  File "/workspace/scratch/42ffe4c93098/utilization9_runtime/lib/python3.14/site-packages/pyarrow/pandas_compat.py", line 633, in convert_column
    result = pa.array(col, type=type_, from_pandas=True, safe=safe)
  File "pyarrow/array.pxi", line 390, in pyarrow.lib.array
    result = _ndarray_to_array(values, mask, type, c_from_pandas, safe,
  File "pyarrow/array.pxi", line 91, in pyarrow.lib._ndarray_to_array
    check_status(NdarrayToArrow(pool, values, mask, from_pandas,
  File "pyarrow/error.pxi", line 92, in pyarrow.lib.check_status
pyarrow.lib.ArrowTypeError: ("Expected bytes, got a 'float' object", 'Conversion failed for column Value with type object')
2026-10-08 17:40:13.797 Please replace `use_container_width` with `width`.

`use_container_width` will be removed after 2025-12-31.

For `use_container_width=True`, use `width='stretch'`. For `use_container_width=False`, use `width='content'`.
2026-10-08 17:40:13.798 Serialization of dataframe to Arrow table was unsuccessful. Applying automatic fixes for column types to make the dataframe Arrow-compatible.
Traceback (most recent call last):
  File "/workspace/scratch/42ffe4c93098/utilization9_runtime/lib/python3.14/site-packages/streamlit/dataframe_util.py", line 940, in convert_pandas_df_to_arrow_table
    return pa.Table.from_pandas(df, preserve_index=preserve_index)
           ~~~~~~~~~~~~~~~~~~~~^^^^^^^^^^^^^^^^^^^^^^^^^^^^^^^^^^^
  File "pyarrow/table.pxi", line 4768, in pyarrow.lib.Table.from_pandas
  File "/workspace/scratch/42ffe4c93098/utilization9_runtime/lib/python3.14/site-packages/pyarrow/pandas_compat.py", line 651, in dataframe_to_arrays
    arrays = [convert_column(c, f)
              ~~~~~~~~~~~~~~^^^^^^
  File "/workspace/scratch/42ffe4c93098/utilization9_runtime/lib/python3.14/site-packages/pyarrow/pandas_compat.py", line 639, in convert_column
    raise e
  File "/workspace/scratch/42ffe4c93098/utilization9_runtime/lib/python3.14/site-packages/pyarrow/pandas_compat.py", line 633, in convert_column
    result = pa.array(col, type=type_, from_pandas=True, safe=safe)
  File "pyarrow/array.pxi", line 390, in pyarrow.lib.array
    result = _ndarray_to_array(values, mask, type, c_from_pandas, safe,
  File "pyarrow/array.pxi", line 91, in pyarrow.lib._ndarray_to_array
    check_status(NdarrayToArrow(pool, values, mask, from_pandas,
  File "pyarrow/error.pxi", line 92, in pyarrow.lib.check_status
pyarrow.lib.ArrowInvalid: ("Could not convert 'Wet slab/topping, barrier, wearing surface, SDL/LL, building service loads' with type str: tried to convert to double", 'Conversion failed for column w_kN/m per girder with type object')
2026-10-08 17:40:13.800 Please replace `use_container_width` with `width`.

`use_container_width` will be removed after 2025-12-31.

For `use_container_width=True`, use `width='stretch'`. For `use_container_width=False`, use `width='content'`.
2026-10-08 17:40:13.803 Please replace `use_container_width` with `width`.

`use_container_width` will be removed after 2025-12-31.

For `use_container_width=True`, use `width='stretch'`. For `use_container_width=False`, use `width='content'`.
2026-10-08 17:40:13.804 Please replace `use_container_width` with `width`.

`use_container_width` will be removed after 2025-12-31.

For `use_container_width=True`, use `width='stretch'`. For `use_container_width=False`, use `width='content'`.
2026-10-08 17:40:13.810 Please replace `use_container_width` with `width`.

`use_container_width` will be removed after 2025-12-31.

For `use_container_width=True`, use `width='stretch'`. For `use_container_width=False`, use `width='content'`.
2026-10-08 17:40:13.810 Serialization of dataframe to Arrow table was unsuccessful. Applying automatic fixes for column types to make the dataframe Arrow-compatible.
Traceback (most recent call last):
  File "/workspace/scratch/42ffe4c93098/utilization9_runtime/lib/python3.14/site-packages/streamlit/dataframe_util.py", line 940, in convert_pandas_df_to_arrow_table
    return pa.Table.from_pandas(df, preserve_index=preserve_index)
           ~~~~~~~~~~~~~~~~~~~~^^^^^^^^^^^^^^^^^^^^^^^^^^^^^^^^^^^
  File "pyarrow/table.pxi", line 4768, in pyarrow.lib.Table.from_pandas
  File "/workspace/scratch/42ffe4c93098/utilization9_runtime/lib/python3.14/site-packages/pyarrow/pandas_compat.py", line 651, in dataframe_to_arrays
    arrays = [convert_column(c, f)
              ~~~~~~~~~~~~~~^^^^^^
  File "/workspace/scratch/42ffe4c93098/utilization9_runtime/lib/python3.14/site-packages/pyarrow/pandas_compat.py", line 639, in convert_column
    raise e
  File "/workspace/scratch/42ffe4c93098/utilization9_runtime/lib/python3.14/site-packages/pyarrow/pandas_compat.py", line 633, in convert_column
    result = pa.array(col, type=type_, from_pandas=True, safe=safe)
  File "pyarrow/array.pxi", line 390, in pyarrow.lib.array
    result = _ndarray_to_array(values, mask, type, c_from_pandas, safe,
  File "pyarrow/array.pxi", line 91, in pyarrow.lib._ndarray_to_array
    check_status(NdarrayToArrow(pool, values, mask, from_pandas,
  File "pyarrow/error.pxi", line 92, in pyarrow.lib.check_status
pyarrow.lib.ArrowInvalid: ('Could not convert 0 with type int: tried to convert to boolean', 'Conversion failed for column Value with type object')
2026-10-08 17:40:13.812 Please replace `use_container_width` with `width`.

`use_container_width` will be removed after 2025-12-31.

For `use_container_width=True`, use `width='stretch'`. For `use_container_width=False`, use `width='content'`.
2026-10-08 17:40:13.816 Please replace `use_container_width` with `width`.

`use_container_width` will be removed after 2025-12-31.

For `use_container_width=True`, use `width='stretch'`. For `use_container_width=False`, use `width='content'`.
2026-10-08 17:40:14.271 Please replace `use_container_width` with `width`.

`use_container_width` will be removed after 2025-12-31.

For `use_container_width=True`, use `width='stretch'`. For `use_container_width=False`, use `width='content'`.
2026-10-08 17:40:14.273 Please replace `use_container_width` with `width`.

`use_container_width` will be removed after 2025-12-31.

For `use_container_width=True`, use `width='stretch'`. For `use_container_width=False`, use `width='content'`.
2026-10-08 17:40:14.274 Please replace `use_container_width` with `width`.

`use_container_width` will be removed after 2025-12-31.

For `use_container_width=True`, use `width='stretch'`. For `use_container_width=False`, use `width='content'`.
2026-10-08 17:40:14.475 Please replace `use_container_width` with `width`.

`use_container_width` will be removed after 2025-12-31.

For `use_container_width=True`, use `width='stretch'`. For `use_container_width=False`, use `width='content'`.
2026-10-08 17:40:14.495 Please replace `use_container_width` with `width`.

`use_container_width` will be removed after 2025-12-31.

For `use_container_width=True`, use `width='stretch'`. For `use_container_width=False`, use `width='content'`.
2026-10-08 17:40:14.501 Please replace `use_container_width` with `width`.

`use_container_width` will be removed after 2025-12-31.

For `use_container_width=True`, use `width='stretch'`. For `use_container_width=False`, use `width='content'`.
2026-10-08 17:40:14.521 Please replace `use_container_width` with `width`.

`use_container_width` will be removed after 2025-12-31.

For `use_container_width=True`, use `width='stretch'`. For `use_container_width=False`, use `width='content'`.
2026-10-08 17:40:14.523 Please replace `use_container_width` with `width`.

`use_container_width` will be removed after 2025-12-31.

For `use_container_width=True`, use `width='stretch'`. For `use_container_width=False`, use `width='content'`.
2026-10-08 17:40:14.524 Please replace `use_container_width` with `width`.

`use_container_width` will be removed after 2025-12-31.

For `use_container_width=True`, use `width='stretch'`. For `use_container_width=False`, use `width='content'`.
2026-10-08 17:40:14.544 Please replace `use_container_width` with `width`.

`use_container_width` will be removed after 2025-12-31.

For `use_container_width=True`, use `width='stretch'`. For `use_container_width=False`, use `width='content'`.
2026-10-08 17:40:14.546 Please replace `use_container_width` with `width`.

`use_container_width` will be removed after 2025-12-31.

For `use_container_width=True`, use `width='stretch'`. For `use_container_width=False`, use `width='content'`.
2026-10-08 17:40:14.554 Please replace `use_container_width` with `width`.

`use_container_width` will be removed after 2025-12-31.

For `use_container_width=True`, use `width='stretch'`. For `use_container_width=False`, use `width='content'`.
2026-10-08 17:40:14.560 Please replace `use_container_width` with `width`.

`use_container_width` will be removed after 2025-12-31.

For `use_container_width=True`, use `width='stretch'`. For `use_container_width=False`, use `width='content'`.
2026-10-08 17:40:14.561 Serialization of dataframe to Arrow table was unsuccessful. Applying automatic fixes for column types to make the dataframe Arrow-compatible.
Traceback (most recent call last):
  File "/workspace/scratch/42ffe4c93098/utilization9_runtime/lib/python3.14/site-packages/streamlit/dataframe_util.py", line 940, in convert_pandas_df_to_arrow_table
    return pa.Table.from_pandas(df, preserve_index=preserve_index)
           ~~~~~~~~~~~~~~~~~~~~^^^^^^^^^^^^^^^^^^^^^^^^^^^^^^^^^^^
  File "pyarrow/table.pxi", line 4768, in pyarrow.lib.Table.from_pandas
  File "/workspace/scratch/42ffe4c93098/utilization9_runtime/lib/python3.14/site-packages/pyarrow/pandas_compat.py", line 651, in dataframe_to_arrays
    arrays = [convert_column(c, f)
              ~~~~~~~~~~~~~~^^^^^^
  File "/workspace/scratch/42ffe4c93098/utilization9_runtime/lib/python3.14/site-packages/pyarrow/pandas_compat.py", line 639, in convert_column
    raise e
  File "/workspace/scratch/42ffe4c93098/utilization9_runtime/lib/python3.14/site-packages/pyarrow/pandas_compat.py", line 633, in convert_column
    result = pa.array(col, type=type_, from_pandas=True, safe=safe)
  File "pyarrow/array.pxi", line 390, in pyarrow.lib.array
    result = _ndarray_to_array(values, mask, type, c_from_pandas, safe,
  File "pyarrow/array.pxi", line 91, in pyarrow.lib._ndarray_to_array
    check_status(NdarrayToArrow(pool, values, mask, from_pandas,
  File "pyarrow/error.pxi", line 92, in pyarrow.lib.check_status
pyarrow.lib.ArrowTypeError: ("Expected bytes, got a 'bool' object", 'Conversion failed for column Value with type object')
2026-10-08 17:40:14.563 Please replace `use_container_width` with `width`.

`use_container_width` will be removed after 2025-12-31.

For `use_container_width=True`, use `width='stretch'`. For `use_container_width=False`, use `width='content'`.
2026-10-08 17:40:14.564 Please replace `use_container_width` with `width`.

`use_container_width` will be removed after 2025-12-31.

For `use_container_width=True`, use `width='stretch'`. For `use_container_width=False`, use `width='content'`.
2026-10-08 17:40:14.566 Please replace `use_container_width` with `width`.

`use_container_width` will be removed after 2025-12-31.

For `use_container_width=True`, use `width='stretch'`. For `use_container_width=False`, use `width='content'`.
2026-10-08 17:40:14.568 Please replace `use_container_width` with `width`.

`use_container_width` will be removed after 2025-12-31.

For `use_container_width=True`, use `width='stretch'`. For `use_container_width=False`, use `width='content'`.
2026-10-08 17:40:14.570 Please replace `use_container_width` with `width`.

`use_container_width` will be removed after 2025-12-31.

For `use_container_width=True`, use `width='stretch'`. For `use_container_width=False`, use `width='content'`.
2026-10-08 17:40:14.584 Please replace `use_container_width` with `width`.

`use_container_width` will be removed after 2025-12-31.

For `use_container_width=True`, use `width='stretch'`. For `use_container_width=False`, use `width='content'`.
2026-10-08 17:40:14.586 Please replace `use_container_width` with `width`.

`use_container_width` will be removed after 2025-12-31.

For `use_container_width=True`, use `width='stretch'`. For `use_container_width=False`, use `width='content'`.
2026-10-08 17:40:14.587 Please replace `use_container_width` with `width`.

`use_container_width` will be removed after 2025-12-31.

For `use_container_width=True`, use `width='stretch'`. For `use_container_width=False`, use `width='content'`.
2026-10-08 17:40:14.588 Serialization of dataframe to Arrow table was unsuccessful. Applying automatic fixes for column types to make the dataframe Arrow-compatible.
Traceback (most recent call last):
  File "/workspace/scratch/42ffe4c93098/utilization9_runtime/lib/python3.14/site-packages/streamlit/dataframe_util.py", line 940, in convert_pandas_df_to_arrow_table
    return pa.Table.from_pandas(df, preserve_index=preserve_index)
           ~~~~~~~~~~~~~~~~~~~~^^^^^^^^^^^^^^^^^^^^^^^^^^^^^^^^^^^
  File "pyarrow/table.pxi", line 4768, in pyarrow.lib.Table.from_pandas
  File "/workspace/scratch/42ffe4c93098/utilization9_runtime/lib/python3.14/site-packages/pyarrow/pandas_compat.py", line 651, in dataframe_to_arrays
    arrays = [convert_column(c, f)
              ~~~~~~~~~~~~~~^^^^^^
  File "/workspace/scratch/42ffe4c93098/utilization9_runtime/lib/python3.14/site-packages/pyarrow/pandas_compat.py", line 639, in convert_column
    raise e
  File "/workspace/scratch/42ffe4c93098/utilization9_runtime/lib/python3.14/site-packages/pyarrow/pandas_compat.py", line 633, in convert_column
    result = pa.array(col, type=type_, from_pandas=True, safe=safe)
  File "pyarrow/array.pxi", line 390, in pyarrow.lib.array
    result = _ndarray_to_array(values, mask, type, c_from_pandas, safe,
  File "pyarrow/array.pxi", line 91, in pyarrow.lib._ndarray_to_array
    check_status(NdarrayToArrow(pool, values, mask, from_pandas,
  File "pyarrow/error.pxi", line 92, in pyarrow.lib.check_status
pyarrow.lib.ArrowTypeError: ("Expected bytes, got a 'float' object", 'Conversion failed for column Value with type object')
2026-10-08 17:40:14.590 Please replace `use_container_width` with `width`.

`use_container_width` will be removed after 2025-12-31.

For `use_container_width=True`, use `width='stretch'`. For `use_container_width=False`, use `width='content'`.
2026-10-08 17:40:14.590 Serialization of dataframe to Arrow table was unsuccessful. Applying automatic fixes for column types to make the dataframe Arrow-compatible.
Traceback (most recent call last):
  File "/workspace/scratch/42ffe4c93098/utilization9_runtime/lib/python3.14/site-packages/streamlit/dataframe_util.py", line 940, in convert_pandas_df_to_arrow_table
    return pa.Table.from_pandas(df, preserve_index=preserve_index)
           ~~~~~~~~~~~~~~~~~~~~^^^^^^^^^^^^^^^^^^^^^^^^^^^^^^^^^^^
  File "pyarrow/table.pxi", line 4768, in pyarrow.lib.Table.from_pandas
  File "/workspace/scratch/42ffe4c93098/utilization9_runtime/lib/python3.14/site-packages/pyarrow/pandas_compat.py", line 651, in dataframe_to_arrays
    arrays = [convert_column(c, f)
              ~~~~~~~~~~~~~~^^^^^^
  File "/workspace/scratch/42ffe4c93098/utilization9_runtime/lib/python3.14/site-packages/pyarrow/pandas_compat.py", line 639, in convert_column
    raise e
  File "/workspace/scratch/42ffe4c93098/utilization9_runtime/lib/python3.14/site-packages/pyarrow/pandas_compat.py", line 633, in convert_column
    result = pa.array(col, type=type_, from_pandas=True, safe=safe)
  File "pyarrow/array.pxi", line 390, in pyarrow.lib.array
    result = _ndarray_to_array(values, mask, type, c_from_pandas, safe,
  File "pyarrow/array.pxi", line 91, in pyarrow.lib._ndarray_to_array
    check_status(NdarrayToArrow(pool, values, mask, from_pandas,
  File "pyarrow/error.pxi", line 92, in pyarrow.lib.check_status
pyarrow.lib.ArrowInvalid: ("Could not convert 'Wet slab/topping, barrier, wearing surface, SDL/LL, building service loads' with type str: tried to convert to double", 'Conversion failed for column w_kN/m per girder with type object')
2026-10-08 17:40:14.592 Please replace `use_container_width` with `width`.

`use_container_width` will be removed after 2025-12-31.

For `use_container_width=True`, use `width='stretch'`. For `use_container_width=False`, use `width='content'`.
2026-10-08 17:40:14.594 Please replace `use_container_width` with `width`.

`use_container_width` will be removed after 2025-12-31.

For `use_container_width=True`, use `width='stretch'`. For `use_container_width=False`, use `width='content'`.
2026-10-08 17:40:14.596 Please replace `use_container_width` with `width`.

`use_container_width` will be removed after 2025-12-31.

For `use_container_width=True`, use `width='stretch'`. For `use_container_width=False`, use `width='content'`.
2026-10-08 17:40:14.601 Please replace `use_container_width` with `width`.

`use_container_width` will be removed after 2025-12-31.

For `use_container_width=True`, use `width='stretch'`. For `use_container_width=False`, use `width='content'`.
2026-10-08 17:40:14.601 Serialization of dataframe to Arrow table was unsuccessful. Applying automatic fixes for column types to make the dataframe Arrow-compatible.
Traceback (most recent call last):
  File "/workspace/scratch/42ffe4c93098/utilization9_runtime/lib/python3.14/site-packages/streamlit/dataframe_util.py", line 940, in convert_pandas_df_to_arrow_table
    return pa.Table.from_pandas(df, preserve_index=preserve_index)
           ~~~~~~~~~~~~~~~~~~~~^^^^^^^^^^^^^^^^^^^^^^^^^^^^^^^^^^^
  File "pyarrow/table.pxi", line 4768, in pyarrow.lib.Table.from_pandas
  File "/workspace/scratch/42ffe4c93098/utilization9_runtime/lib/python3.14/site-packages/pyarrow/pandas_compat.py", line 651, in dataframe_to_arrays
    arrays = [convert_column(c, f)
              ~~~~~~~~~~~~~~^^^^^^
  File "/workspace/scratch/42ffe4c93098/utilization9_runtime/lib/python3.14/site-packages/pyarrow/pandas_compat.py", line 639, in convert_column
    raise e
  File "/workspace/scratch/42ffe4c93098/utilization9_runtime/lib/python3.14/site-packages/pyarrow/pandas_compat.py", line 633, in convert_column
    result = pa.array(col, type=type_, from_pandas=True, safe=safe)
  File "pyarrow/array.pxi", line 390, in pyarrow.lib.array
    result = _ndarray_to_array(values, mask, type, c_from_pandas, safe,
  File "pyarrow/array.pxi", line 91, in pyarrow.lib._ndarray_to_array
    check_status(NdarrayToArrow(pool, values, mask, from_pandas,
  File "pyarrow/error.pxi", line 92, in pyarrow.lib.check_status
pyarrow.lib.ArrowInvalid: ('Could not convert 0 with type int: tried to convert to boolean', 'Conversion failed for column Value with type object')
2026-10-08 17:40:14.603 Please replace `use_container_width` with `width`.

`use_container_width` will be removed after 2025-12-31.

For `use_container_width=True`, use `width='stretch'`. For `use_container_width=False`, use `width='content'`.
2026-10-08 17:40:14.607 Please replace `use_container_width` with `width`.

`use_container_width` will be removed after 2025-12-31.

For `use_container_width=True`, use `width='stretch'`. For `use_container_width=False`, use `width='content'`.
2026-10-08 17:40:15.065 Please replace `use_container_width` with `width`.

`use_container_width` will be removed after 2025-12-31.

For `use_container_width=True`, use `width='stretch'`. For `use_container_width=False`, use `width='content'`.
2026-10-08 17:40:15.066 Please replace `use_container_width` with `width`.

`use_container_width` will be removed after 2025-12-31.

For `use_container_width=True`, use `width='stretch'`. For `use_container_width=False`, use `width='content'`.
2026-10-08 17:40:15.067 Please replace `use_container_width` with `width`.

`use_container_width` will be removed after 2025-12-31.

For `use_container_width=True`, use `width='stretch'`. For `use_container_width=False`, use `width='content'`.
2026-10-08 17:40:15.273 Please replace `use_container_width` with `width`.

`use_container_width` will be removed after 2025-12-31.

For `use_container_width=True`, use `width='stretch'`. For `use_container_width=False`, use `width='content'`.
2026-10-08 17:40:15.296 Please replace `use_container_width` with `width`.

`use_container_width` will be removed after 2025-12-31.

For `use_container_width=True`, use `width='stretch'`. For `use_container_width=False`, use `width='content'`.
2026-10-08 17:40:15.302 Please replace `use_container_width` with `width`.

`use_container_width` will be removed after 2025-12-31.

For `use_container_width=True`, use `width='stretch'`. For `use_container_width=False`, use `width='content'`.
2026-10-08 17:40:15.325 Please replace `use_container_width` with `width`.

`use_container_width` will be removed after 2025-12-31.

For `use_container_width=True`, use `width='stretch'`. For `use_container_width=False`, use `width='content'`.
2026-10-08 17:40:15.327 Please replace `use_container_width` with `width`.

`use_container_width` will be removed after 2025-12-31.

For `use_container_width=True`, use `width='stretch'`. For `use_container_width=False`, use `width='content'`.
2026-10-08 17:40:15.328 Please replace `use_container_width` with `width`.

`use_container_width` will be removed after 2025-12-31.

For `use_container_width=True`, use `width='stretch'`. For `use_container_width=False`, use `width='content'`.
2026-10-08 17:40:15.349 Please replace `use_container_width` with `width`.

`use_container_width` will be removed after 2025-12-31.

For `use_container_width=True`, use `width='stretch'`. For `use_container_width=False`, use `width='content'`.
2026-10-08 17:40:15.350 Please replace `use_container_width` with `width`.

`use_container_width` will be removed after 2025-12-31.

For `use_container_width=True`, use `width='stretch'`. For `use_container_width=False`, use `width='content'`.
2026-10-08 17:40:15.357 Please replace `use_container_width` with `width`.

`use_container_width` will be removed after 2025-12-31.

For `use_container_width=True`, use `width='stretch'`. For `use_container_width=False`, use `width='content'`.
2026-10-08 17:40:15.365 Please replace `use_container_width` with `width`.

`use_container_width` will be removed after 2025-12-31.

For `use_container_width=True`, use `width='stretch'`. For `use_container_width=False`, use `width='content'`.
2026-10-08 17:40:15.365 Serialization of dataframe to Arrow table was unsuccessful. Applying automatic fixes for column types to make the dataframe Arrow-compatible.
Traceback (most recent call last):
  File "/workspace/scratch/42ffe4c93098/utilization9_runtime/lib/python3.14/site-packages/streamlit/dataframe_util.py", line 940, in convert_pandas_df_to_arrow_table
    return pa.Table.from_pandas(df, preserve_index=preserve_index)
           ~~~~~~~~~~~~~~~~~~~~^^^^^^^^^^^^^^^^^^^^^^^^^^^^^^^^^^^
  File "pyarrow/table.pxi", line 4768, in pyarrow.lib.Table.from_pandas
  File "/workspace/scratch/42ffe4c93098/utilization9_runtime/lib/python3.14/site-packages/pyarrow/pandas_compat.py", line 651, in dataframe_to_arrays
    arrays = [convert_column(c, f)
              ~~~~~~~~~~~~~~^^^^^^
  File "/workspace/scratch/42ffe4c93098/utilization9_runtime/lib/python3.14/site-packages/pyarrow/pandas_compat.py", line 639, in convert_column
    raise e
  File "/workspace/scratch/42ffe4c93098/utilization9_runtime/lib/python3.14/site-packages/pyarrow/pandas_compat.py", line 633, in convert_column
    result = pa.array(col, type=type_, from_pandas=True, safe=safe)
  File "pyarrow/array.pxi", line 390, in pyarrow.lib.array
    result = _ndarray_to_array(values, mask, type, c_from_pandas, safe,
  File "pyarrow/array.pxi", line 91, in pyarrow.lib._ndarray_to_array
    check_status(NdarrayToArrow(pool, values, mask, from_pandas,
  File "pyarrow/error.pxi", line 92, in pyarrow.lib.check_status
pyarrow.lib.ArrowTypeError: ("Expected bytes, got a 'bool' object", 'Conversion failed for column Value with type object')
2026-10-08 17:40:15.368 Please replace `use_container_width` with `width`.

`use_container_width` will be removed after 2025-12-31.

For `use_container_width=True`, use `width='stretch'`. For `use_container_width=False`, use `width='content'`.
2026-10-08 17:40:15.370 Please replace `use_container_width` with `width`.

`use_container_width` will be removed after 2025-12-31.

For `use_container_width=True`, use `width='stretch'`. For `use_container_width=False`, use `width='content'`.
2026-10-08 17:40:15.371 Please replace `use_container_width` with `width`.

`use_container_width` will be removed after 2025-12-31.

For `use_container_width=True`, use `width='stretch'`. For `use_container_width=False`, use `width='content'`.
2026-10-08 17:40:15.373 Please replace `use_container_width` with `width`.

`use_container_width` will be removed after 2025-12-31.

For `use_container_width=True`, use `width='stretch'`. For `use_container_width=False`, use `width='content'`.
2026-10-08 17:40:15.375 Please replace `use_container_width` with `width`.

`use_container_width` will be removed after 2025-12-31.

For `use_container_width=True`, use `width='stretch'`. For `use_container_width=False`, use `width='content'`.
2026-10-08 17:40:15.394 Please replace `use_container_width` with `width`.

`use_container_width` will be removed after 2025-12-31.

For `use_container_width=True`, use `width='stretch'`. For `use_container_width=False`, use `width='content'`.
2026-10-08 17:40:15.396 Please replace `use_container_width` with `width`.

`use_container_width` will be removed after 2025-12-31.

For `use_container_width=True`, use `width='stretch'`. For `use_container_width=False`, use `width='content'`.
2026-10-08 17:40:15.398 Please replace `use_container_width` with `width`.

`use_container_width` will be removed after 2025-12-31.

For `use_container_width=True`, use `width='stretch'`. For `use_container_width=False`, use `width='content'`.
2026-10-08 17:40:15.398 Serialization of dataframe to Arrow table was unsuccessful. Applying automatic fixes for column types to make the dataframe Arrow-compatible.
Traceback (most recent call last):
  File "/workspace/scratch/42ffe4c93098/utilization9_runtime/lib/python3.14/site-packages/streamlit/dataframe_util.py", line 940, in convert_pandas_df_to_arrow_table
    return pa.Table.from_pandas(df, preserve_index=preserve_index)
           ~~~~~~~~~~~~~~~~~~~~^^^^^^^^^^^^^^^^^^^^^^^^^^^^^^^^^^^
  File "pyarrow/table.pxi", line 4768, in pyarrow.lib.Table.from_pandas
  File "/workspace/scratch/42ffe4c93098/utilization9_runtime/lib/python3.14/site-packages/pyarrow/pandas_compat.py", line 651, in dataframe_to_arrays
    arrays = [convert_column(c, f)
              ~~~~~~~~~~~~~~^^^^^^
  File "/workspace/scratch/42ffe4c93098/utilization9_runtime/lib/python3.14/site-packages/pyarrow/pandas_compat.py", line 639, in convert_column
    raise e
  File "/workspace/scratch/42ffe4c93098/utilization9_runtime/lib/python3.14/site-packages/pyarrow/pandas_compat.py", line 633, in convert_column
    result = pa.array(col, type=type_, from_pandas=True, safe=safe)
  File "pyarrow/array.pxi", line 390, in pyarrow.lib.array
    result = _ndarray_to_array(values, mask, type, c_from_pandas, safe,
  File "pyarrow/array.pxi", line 91, in pyarrow.lib._ndarray_to_array
    check_status(NdarrayToArrow(pool, values, mask, from_pandas,
  File "pyarrow/error.pxi", line 92, in pyarrow.lib.check_status
pyarrow.lib.ArrowTypeError: ("Expected bytes, got a 'float' object", 'Conversion failed for column Value with type object')
2026-10-08 17:40:15.404 Please replace `use_container_width` with `width`.

`use_container_width` will be removed after 2025-12-31.

For `use_container_width=True`, use `width='stretch'`. For `use_container_width=False`, use `width='content'`.
2026-10-08 17:40:15.404 Serialization of dataframe to Arrow table was unsuccessful. Applying automatic fixes for column types to make the dataframe Arrow-compatible.
Traceback (most recent call last):
  File "/workspace/scratch/42ffe4c93098/utilization9_runtime/lib/python3.14/site-packages/streamlit/dataframe_util.py", line 940, in convert_pandas_df_to_arrow_table
    return pa.Table.from_pandas(df, preserve_index=preserve_index)
           ~~~~~~~~~~~~~~~~~~~~^^^^^^^^^^^^^^^^^^^^^^^^^^^^^^^^^^^
  File "pyarrow/table.pxi", line 4768, in pyarrow.lib.Table.from_pandas
  File "/workspace/scratch/42ffe4c93098/utilization9_runtime/lib/python3.14/site-packages/pyarrow/pandas_compat.py", line 651, in dataframe_to_arrays
    arrays = [convert_column(c, f)
              ~~~~~~~~~~~~~~^^^^^^
  File "/workspace/scratch/42ffe4c93098/utilization9_runtime/lib/python3.14/site-packages/pyarrow/pandas_compat.py", line 639, in convert_column
    raise e
  File "/workspace/scratch/42ffe4c93098/utilization9_runtime/lib/python3.14/site-packages/pyarrow/pandas_compat.py", line 633, in convert_column
    result = pa.array(col, type=type_, from_pandas=True, safe=safe)
  File "pyarrow/array.pxi", line 390, in pyarrow.lib.array
    result = _ndarray_to_array(values, mask, type, c_from_pandas, safe,
  File "pyarrow/array.pxi", line 91, in pyarrow.lib._ndarray_to_array
    check_status(NdarrayToArrow(pool, values, mask, from_pandas,
  File "pyarrow/error.pxi", line 92, in pyarrow.lib.check_status
pyarrow.lib.ArrowInvalid: ("Could not convert 'Wet slab/topping, barrier, wearing surface, SDL/LL, building service loads' with type str: tried to convert to double", 'Conversion failed for column w_kN/m per girder with type object')
2026-10-08 17:40:15.407 Please replace `use_container_width` with `width`.

`use_container_width` will be removed after 2025-12-31.

For `use_container_width=True`, use `width='stretch'`. For `use_container_width=False`, use `width='content'`.
2026-10-08 17:40:15.410 Please replace `use_container_width` with `width`.

`use_container_width` will be removed after 2025-12-31.

For `use_container_width=True`, use `width='stretch'`. For `use_container_width=False`, use `width='content'`.
2026-10-08 17:40:15.411 Please replace `use_container_width` with `width`.

`use_container_width` will be removed after 2025-12-31.

For `use_container_width=True`, use `width='stretch'`. For `use_container_width=False`, use `width='content'`.
2026-10-08 17:40:15.416 Please replace `use_container_width` with `width`.

`use_container_width` will be removed after 2025-12-31.

For `use_container_width=True`, use `width='stretch'`. For `use_container_width=False`, use `width='content'`.
2026-10-08 17:40:15.417 Serialization of dataframe to Arrow table was unsuccessful. Applying automatic fixes for column types to make the dataframe Arrow-compatible.
Traceback (most recent call last):
  File "/workspace/scratch/42ffe4c93098/utilization9_runtime/lib/python3.14/site-packages/streamlit/dataframe_util.py", line 940, in convert_pandas_df_to_arrow_table
    return pa.Table.from_pandas(df, preserve_index=preserve_index)
           ~~~~~~~~~~~~~~~~~~~~^^^^^^^^^^^^^^^^^^^^^^^^^^^^^^^^^^^
  File "pyarrow/table.pxi", line 4768, in pyarrow.lib.Table.from_pandas
  File "/workspace/scratch/42ffe4c93098/utilization9_runtime/lib/python3.14/site-packages/pyarrow/pandas_compat.py", line 651, in dataframe_to_arrays
    arrays = [convert_column(c, f)
              ~~~~~~~~~~~~~~^^^^^^
  File "/workspace/scratch/42ffe4c93098/utilization9_runtime/lib/python3.14/site-packages/pyarrow/pandas_compat.py", line 639, in convert_column
    raise e
  File "/workspace/scratch/42ffe4c93098/utilization9_runtime/lib/python3.14/site-packages/pyarrow/pandas_compat.py", line 633, in convert_column
    result = pa.array(col, type=type_, from_pandas=True, safe=safe)
  File "pyarrow/array.pxi", line 390, in pyarrow.lib.array
    result = _ndarray_to_array(values, mask, type, c_from_pandas, safe,
  File "pyarrow/array.pxi", line 91, in pyarrow.lib._ndarray_to_array
    check_status(NdarrayToArrow(pool, values, mask, from_pandas,
  File "pyarrow/error.pxi", line 92, in pyarrow.lib.check_status
pyarrow.lib.ArrowInvalid: ('Could not convert 0 with type int: tried to convert to boolean', 'Conversion failed for column Value with type object')
2026-10-08 17:40:15.418 Please replace `use_container_width` with `width`.

`use_container_width` will be removed after 2025-12-31.

For `use_container_width=True`, use `width='stretch'`. For `use_container_width=False`, use `width='content'`.
2026-10-08 17:40:15.422 Please replace `use_container_width` with `width`.

`use_container_width` will be removed after 2025-12-31.

For `use_container_width=True`, use `width='stretch'`. For `use_container_width=False`, use `width='content'`.
2026-10-08 17:40:15.999 Please replace `use_container_width` with `width`.

`use_container_width` will be removed after 2025-12-31.

For `use_container_width=True`, use `width='stretch'`. For `use_container_width=False`, use `width='content'`.
2026-10-08 17:40:16.000 Please replace `use_container_width` with `width`.

`use_container_width` will be removed after 2025-12-31.

For `use_container_width=True`, use `width='stretch'`. For `use_container_width=False`, use `width='content'`.
2026-10-08 17:40:16.001 Please replace `use_container_width` with `width`.

`use_container_width` will be removed after 2025-12-31.

For `use_container_width=True`, use `width='stretch'`. For `use_container_width=False`, use `width='content'`.
2026-10-08 17:40:16.223 Please replace `use_container_width` with `width`.

`use_container_width` will be removed after 2025-12-31.

For `use_container_width=True`, use `width='stretch'`. For `use_container_width=False`, use `width='content'`.
2026-10-08 17:40:16.237 Please replace `use_container_width` with `width`.

`use_container_width` will be removed after 2025-12-31.

For `use_container_width=True`, use `width='stretch'`. For `use_container_width=False`, use `width='content'`.
2026-10-08 17:40:16.242 Please replace `use_container_width` with `width`.

`use_container_width` will be removed after 2025-12-31.

For `use_container_width=True`, use `width='stretch'`. For `use_container_width=False`, use `width='content'`.
2026-10-08 17:40:16.258 Please replace `use_container_width` with `width`.

`use_container_width` will be removed after 2025-12-31.

For `use_container_width=True`, use `width='stretch'`. For `use_container_width=False`, use `width='content'`.
2026-10-08 17:40:16.259 Please replace `use_container_width` with `width`.

`use_container_width` will be removed after 2025-12-31.

For `use_container_width=True`, use `width='stretch'`. For `use_container_width=False`, use `width='content'`.
2026-10-08 17:40:16.260 Please replace `use_container_width` with `width`.

`use_container_width` will be removed after 2025-12-31.

For `use_container_width=True`, use `width='stretch'`. For `use_container_width=False`, use `width='content'`.
2026-10-08 17:40:16.275 Please replace `use_container_width` with `width`.

`use_container_width` will be removed after 2025-12-31.

For `use_container_width=True`, use `width='stretch'`. For `use_container_width=False`, use `width='content'`.
2026-10-08 17:40:16.276 Please replace `use_container_width` with `width`.

`use_container_width` will be removed after 2025-12-31.

For `use_container_width=True`, use `width='stretch'`. For `use_container_width=False`, use `width='content'`.
2026-10-08 17:40:16.281 Please replace `use_container_width` with `width`.

`use_container_width` will be removed after 2025-12-31.

For `use_container_width=True`, use `width='stretch'`. For `use_container_width=False`, use `width='content'`.
2026-10-08 17:40:16.286 Please replace `use_container_width` with `width`.

`use_container_width` will be removed after 2025-12-31.

For `use_container_width=True`, use `width='stretch'`. For `use_container_width=False`, use `width='content'`.
2026-10-08 17:40:16.286 Serialization of dataframe to Arrow table was unsuccessful. Applying automatic fixes for column types to make the dataframe Arrow-compatible.
Traceback (most recent call last):
  File "/workspace/scratch/42ffe4c93098/utilization9_runtime/lib/python3.14/site-packages/streamlit/dataframe_util.py", line 940, in convert_pandas_df_to_arrow_table
    return pa.Table.from_pandas(df, preserve_index=preserve_index)
           ~~~~~~~~~~~~~~~~~~~~^^^^^^^^^^^^^^^^^^^^^^^^^^^^^^^^^^^
  File "pyarrow/table.pxi", line 4768, in pyarrow.lib.Table.from_pandas
  File "/workspace/scratch/42ffe4c93098/utilization9_runtime/lib/python3.14/site-packages/pyarrow/pandas_compat.py", line 651, in dataframe_to_arrays
    arrays = [convert_column(c, f)
              ~~~~~~~~~~~~~~^^^^^^
  File "/workspace/scratch/42ffe4c93098/utilization9_runtime/lib/python3.14/site-packages/pyarrow/pandas_compat.py", line 639, in convert_column
    raise e
  File "/workspace/scratch/42ffe4c93098/utilization9_runtime/lib/python3.14/site-packages/pyarrow/pandas_compat.py", line 633, in convert_column
    result = pa.array(col, type=type_, from_pandas=True, safe=safe)
  File "pyarrow/array.pxi", line 390, in pyarrow.lib.array
    result = _ndarray_to_array(values, mask, type, c_from_pandas, safe,
  File "pyarrow/array.pxi", line 91, in pyarrow.lib._ndarray_to_array
    check_status(NdarrayToArrow(pool, values, mask, from_pandas,
  File "pyarrow/error.pxi", line 92, in pyarrow.lib.check_status
pyarrow.lib.ArrowTypeError: ("Expected bytes, got a 'bool' object", 'Conversion failed for column Value with type object')
2026-10-08 17:40:16.289 Please replace `use_container_width` with `width`.

`use_container_width` will be removed after 2025-12-31.

For `use_container_width=True`, use `width='stretch'`. For `use_container_width=False`, use `width='content'`.
2026-10-08 17:40:16.290 Please replace `use_container_width` with `width`.

`use_container_width` will be removed after 2025-12-31.

For `use_container_width=True`, use `width='stretch'`. For `use_container_width=False`, use `width='content'`.
2026-10-08 17:40:16.291 Please replace `use_container_width` with `width`.

`use_container_width` will be removed after 2025-12-31.

For `use_container_width=True`, use `width='stretch'`. For `use_container_width=False`, use `width='content'`.
2026-10-08 17:40:16.293 Please replace `use_container_width` with `width`.

`use_container_width` will be removed after 2025-12-31.

For `use_container_width=True`, use `width='stretch'`. For `use_container_width=False`, use `width='content'`.
2026-10-08 17:40:16.294 Please replace `use_container_width` with `width`.

`use_container_width` will be removed after 2025-12-31.

For `use_container_width=True`, use `width='stretch'`. For `use_container_width=False`, use `width='content'`.
2026-10-08 17:40:16.309 Please replace `use_container_width` with `width`.

`use_container_width` will be removed after 2025-12-31.

For `use_container_width=True`, use `width='stretch'`. For `use_container_width=False`, use `width='content'`.
2026-10-08 17:40:16.310 Please replace `use_container_width` with `width`.

`use_container_width` will be removed after 2025-12-31.

For `use_container_width=True`, use `width='stretch'`. For `use_container_width=False`, use `width='content'`.
2026-10-08 17:40:16.311 Please replace `use_container_width` with `width`.

`use_container_width` will be removed after 2025-12-31.

For `use_container_width=True`, use `width='stretch'`. For `use_container_width=False`, use `width='content'`.
2026-10-08 17:40:16.312 Serialization of dataframe to Arrow table was unsuccessful. Applying automatic fixes for column types to make the dataframe Arrow-compatible.
Traceback (most recent call last):
  File "/workspace/scratch/42ffe4c93098/utilization9_runtime/lib/python3.14/site-packages/streamlit/dataframe_util.py", line 940, in convert_pandas_df_to_arrow_table
    return pa.Table.from_pandas(df, preserve_index=preserve_index)
           ~~~~~~~~~~~~~~~~~~~~^^^^^^^^^^^^^^^^^^^^^^^^^^^^^^^^^^^
  File "pyarrow/table.pxi", line 4768, in pyarrow.lib.Table.from_pandas
  File "/workspace/scratch/42ffe4c93098/utilization9_runtime/lib/python3.14/site-packages/pyarrow/pandas_compat.py", line 651, in dataframe_to_arrays
    arrays = [convert_column(c, f)
              ~~~~~~~~~~~~~~^^^^^^
  File "/workspace/scratch/42ffe4c93098/utilization9_runtime/lib/python3.14/site-packages/pyarrow/pandas_compat.py", line 639, in convert_column
    raise e
  File "/workspace/scratch/42ffe4c93098/utilization9_runtime/lib/python3.14/site-packages/pyarrow/pandas_compat.py", line 633, in convert_column
    result = pa.array(col, type=type_, from_pandas=True, safe=safe)
  File "pyarrow/array.pxi", line 390, in pyarrow.lib.array
    result = _ndarray_to_array(values, mask, type, c_from_pandas, safe,
  File "pyarrow/array.pxi", line 91, in pyarrow.lib._ndarray_to_array
    check_status(NdarrayToArrow(pool, values, mask, from_pandas,
  File "pyarrow/error.pxi", line 92, in pyarrow.lib.check_status
pyarrow.lib.ArrowTypeError: ("Expected bytes, got a 'float' object", 'Conversion failed for column Value with type object')
2026-10-08 17:40:16.314 Please replace `use_container_width` with `width`.

`use_container_width` will be removed after 2025-12-31.

For `use_container_width=True`, use `width='stretch'`. For `use_container_width=False`, use `width='content'`.
2026-10-08 17:40:16.314 Serialization of dataframe to Arrow table was unsuccessful. Applying automatic fixes for column types to make the dataframe Arrow-compatible.
Traceback (most recent call last):
  File "/workspace/scratch/42ffe4c93098/utilization9_runtime/lib/python3.14/site-packages/streamlit/dataframe_util.py", line 940, in convert_pandas_df_to_arrow_table
    return pa.Table.from_pandas(df, preserve_index=preserve_index)
           ~~~~~~~~~~~~~~~~~~~~^^^^^^^^^^^^^^^^^^^^^^^^^^^^^^^^^^^
  File "pyarrow/table.pxi", line 4768, in pyarrow.lib.Table.from_pandas
  File "/workspace/scratch/42ffe4c93098/utilization9_runtime/lib/python3.14/site-packages/pyarrow/pandas_compat.py", line 651, in dataframe_to_arrays
    arrays = [convert_column(c, f)
              ~~~~~~~~~~~~~~^^^^^^
  File "/workspace/scratch/42ffe4c93098/utilization9_runtime/lib/python3.14/site-packages/pyarrow/pandas_compat.py", line 639, in convert_column
    raise e
  File "/workspace/scratch/42ffe4c93098/utilization9_runtime/lib/python3.14/site-packages/pyarrow/pandas_compat.py", line 633, in convert_column
    result = pa.array(col, type=type_, from_pandas=True, safe=safe)
  File "pyarrow/array.pxi", line 390, in pyarrow.lib.array
    result = _ndarray_to_array(values, mask, type, c_from_pandas, safe,
  File "pyarrow/array.pxi", line 91, in pyarrow.lib._ndarray_to_array
    check_status(NdarrayToArrow(pool, values, mask, from_pandas,
  File "pyarrow/error.pxi", line 92, in pyarrow.lib.check_status
pyarrow.lib.ArrowInvalid: ("Could not convert 'Wet slab/topping, barrier, wearing surface, SDL/LL, building service loads' with type str: tried to convert to double", 'Conversion failed for column w_kN/m per girder with type object')
2026-10-08 17:40:16.316 Please replace `use_container_width` with `width`.

`use_container_width` will be removed after 2025-12-31.

For `use_container_width=True`, use `width='stretch'`. For `use_container_width=False`, use `width='content'`.
2026-10-08 17:40:16.319 Please replace `use_container_width` with `width`.

`use_container_width` will be removed after 2025-12-31.

For `use_container_width=True`, use `width='stretch'`. For `use_container_width=False`, use `width='content'`.
2026-10-08 17:40:16.320 Please replace `use_container_width` with `width`.

`use_container_width` will be removed after 2025-12-31.

For `use_container_width=True`, use `width='stretch'`. For `use_container_width=False`, use `width='content'`.
2026-10-08 17:40:16.326 Please replace `use_container_width` with `width`.

`use_container_width` will be removed after 2025-12-31.

For `use_container_width=True`, use `width='stretch'`. For `use_container_width=False`, use `width='content'`.
2026-10-08 17:40:16.327 Serialization of dataframe to Arrow table was unsuccessful. Applying automatic fixes for column types to make the dataframe Arrow-compatible.
Traceback (most recent call last):
  File "/workspace/scratch/42ffe4c93098/utilization9_runtime/lib/python3.14/site-packages/streamlit/dataframe_util.py", line 940, in convert_pandas_df_to_arrow_table
    return pa.Table.from_pandas(df, preserve_index=preserve_index)
           ~~~~~~~~~~~~~~~~~~~~^^^^^^^^^^^^^^^^^^^^^^^^^^^^^^^^^^^
  File "pyarrow/table.pxi", line 4768, in pyarrow.lib.Table.from_pandas
  File "/workspace/scratch/42ffe4c93098/utilization9_runtime/lib/python3.14/site-packages/pyarrow/pandas_compat.py", line 651, in dataframe_to_arrays
    arrays = [convert_column(c, f)
              ~~~~~~~~~~~~~~^^^^^^
  File "/workspace/scratch/42ffe4c93098/utilization9_runtime/lib/python3.14/site-packages/pyarrow/pandas_compat.py", line 639, in convert_column
    raise e
  File "/workspace/scratch/42ffe4c93098/utilization9_runtime/lib/python3.14/site-packages/pyarrow/pandas_compat.py", line 633, in convert_column
    result = pa.array(col, type=type_, from_pandas=True, safe=safe)
  File "pyarrow/array.pxi", line 390, in pyarrow.lib.array
    result = _ndarray_to_array(values, mask, type, c_from_pandas, safe,
  File "pyarrow/array.pxi", line 91, in pyarrow.lib._ndarray_to_array
    check_status(NdarrayToArrow(pool, values, mask, from_pandas,
  File "pyarrow/error.pxi", line 92, in pyarrow.lib.check_status
pyarrow.lib.ArrowInvalid: ('Could not convert 0 with type int: tried to convert to boolean', 'Conversion failed for column Value with type object')
2026-10-08 17:40:16.328 Please replace `use_container_width` with `width`.

`use_container_width` will be removed after 2025-12-31.

For `use_container_width=True`, use `width='stretch'`. For `use_container_width=False`, use `width='content'`.
2026-10-08 17:40:16.333 Please replace `use_container_width` with `width`.

`use_container_width` will be removed after 2025-12-31.

For `use_container_width=True`, use `width='stretch'`. For `use_container_width=False`, use `width='content'`.
2026-10-08 17:40:16.862 Please replace `use_container_width` with `width`.

`use_container_width` will be removed after 2025-12-31.

For `use_container_width=True`, use `width='stretch'`. For `use_container_width=False`, use `width='content'`.
2026-10-08 17:40:16.864 Please replace `use_container_width` with `width`.

`use_container_width` will be removed after 2025-12-31.

For `use_container_width=True`, use `width='stretch'`. For `use_container_width=False`, use `width='content'`.
2026-10-08 17:40:16.865 Please replace `use_container_width` with `width`.

`use_container_width` will be removed after 2025-12-31.

For `use_container_width=True`, use `width='stretch'`. For `use_container_width=False`, use `width='content'`.
2026-10-08 17:40:17.082 Please replace `use_container_width` with `width`.

`use_container_width` will be removed after 2025-12-31.

For `use_container_width=True`, use `width='stretch'`. For `use_container_width=False`, use `width='content'`.
2026-10-08 17:40:17.097 Please replace `use_container_width` with `width`.

`use_container_width` will be removed after 2025-12-31.

For `use_container_width=True`, use `width='stretch'`. For `use_container_width=False`, use `width='content'`.
2026-10-08 17:40:17.101 Please replace `use_container_width` with `width`.

`use_container_width` will be removed after 2025-12-31.

For `use_container_width=True`, use `width='stretch'`. For `use_container_width=False`, use `width='content'`.
2026-10-08 17:40:17.209 Please replace `use_container_width` with `width`.

`use_container_width` will be removed after 2025-12-31.

For `use_container_width=True`, use `width='stretch'`. For `use_container_width=False`, use `width='content'`.
2026-10-08 17:40:17.210 Please replace `use_container_width` with `width`.

`use_container_width` will be removed after 2025-12-31.

For `use_container_width=True`, use `width='stretch'`. For `use_container_width=False`, use `width='content'`.
2026-10-08 17:40:17.211 Please replace `use_container_width` with `width`.

`use_container_width` will be removed after 2025-12-31.

For `use_container_width=True`, use `width='stretch'`. For `use_container_width=False`, use `width='content'`.
2026-10-08 17:40:17.226 Please replace `use_container_width` with `width`.

`use_container_width` will be removed after 2025-12-31.

For `use_container_width=True`, use `width='stretch'`. For `use_container_width=False`, use `width='content'`.
2026-10-08 17:40:17.227 Please replace `use_container_width` with `width`.

`use_container_width` will be removed after 2025-12-31.

For `use_container_width=True`, use `width='stretch'`. For `use_container_width=False`, use `width='content'`.
2026-10-08 17:40:17.232 Please replace `use_container_width` with `width`.

`use_container_width` will be removed after 2025-12-31.

For `use_container_width=True`, use `width='stretch'`. For `use_container_width=False`, use `width='content'`.
2026-10-08 17:40:17.238 Please replace `use_container_width` with `width`.

`use_container_width` will be removed after 2025-12-31.

For `use_container_width=True`, use `width='stretch'`. For `use_container_width=False`, use `width='content'`.
2026-10-08 17:40:17.238 Serialization of dataframe to Arrow table was unsuccessful. Applying automatic fixes for column types to make the dataframe Arrow-compatible.
Traceback (most recent call last):
  File "/workspace/scratch/42ffe4c93098/utilization9_runtime/lib/python3.14/site-packages/streamlit/dataframe_util.py", line 940, in convert_pandas_df_to_arrow_table
    return pa.Table.from_pandas(df, preserve_index=preserve_index)
           ~~~~~~~~~~~~~~~~~~~~^^^^^^^^^^^^^^^^^^^^^^^^^^^^^^^^^^^
  File "pyarrow/table.pxi", line 4768, in pyarrow.lib.Table.from_pandas
  File "/workspace/scratch/42ffe4c93098/utilization9_runtime/lib/python3.14/site-packages/pyarrow/pandas_compat.py", line 651, in dataframe_to_arrays
    arrays = [convert_column(c, f)
              ~~~~~~~~~~~~~~^^^^^^
  File "/workspace/scratch/42ffe4c93098/utilization9_runtime/lib/python3.14/site-packages/pyarrow/pandas_compat.py", line 639, in convert_column
    raise e
  File "/workspace/scratch/42ffe4c93098/utilization9_runtime/lib/python3.14/site-packages/pyarrow/pandas_compat.py", line 633, in convert_column
    result = pa.array(col, type=type_, from_pandas=True, safe=safe)
  File "pyarrow/array.pxi", line 390, in pyarrow.lib.array
    result = _ndarray_to_array(values, mask, type, c_from_pandas, safe,
  File "pyarrow/array.pxi", line 91, in pyarrow.lib._ndarray_to_array
    check_status(NdarrayToArrow(pool, values, mask, from_pandas,
  File "pyarrow/error.pxi", line 92, in pyarrow.lib.check_status
pyarrow.lib.ArrowTypeError: ("Expected bytes, got a 'bool' object", 'Conversion failed for column Value with type object')
2026-10-08 17:40:17.241 Please replace `use_container_width` with `width`.

`use_container_width` will be removed after 2025-12-31.

For `use_container_width=True`, use `width='stretch'`. For `use_container_width=False`, use `width='content'`.
2026-10-08 17:40:17.243 Please replace `use_container_width` with `width`.

`use_container_width` will be removed after 2025-12-31.

For `use_container_width=True`, use `width='stretch'`. For `use_container_width=False`, use `width='content'`.
2026-10-08 17:40:17.244 Please replace `use_container_width` with `width`.

`use_container_width` will be removed after 2025-12-31.

For `use_container_width=True`, use `width='stretch'`. For `use_container_width=False`, use `width='content'`.
2026-10-08 17:40:17.246 Please replace `use_container_width` with `width`.

`use_container_width` will be removed after 2025-12-31.

For `use_container_width=True`, use `width='stretch'`. For `use_container_width=False`, use `width='content'`.
2026-10-08 17:40:17.247 Please replace `use_container_width` with `width`.

`use_container_width` will be removed after 2025-12-31.

For `use_container_width=True`, use `width='stretch'`. For `use_container_width=False`, use `width='content'`.
2026-10-08 17:40:17.263 Please replace `use_container_width` with `width`.

`use_container_width` will be removed after 2025-12-31.

For `use_container_width=True`, use `width='stretch'`. For `use_container_width=False`, use `width='content'`.
2026-10-08 17:40:17.265 Please replace `use_container_width` with `width`.

`use_container_width` will be removed after 2025-12-31.

For `use_container_width=True`, use `width='stretch'`. For `use_container_width=False`, use `width='content'`.
2026-10-08 17:40:17.266 Please replace `use_container_width` with `width`.

`use_container_width` will be removed after 2025-12-31.

For `use_container_width=True`, use `width='stretch'`. For `use_container_width=False`, use `width='content'`.
2026-10-08 17:40:17.267 Serialization of dataframe to Arrow table was unsuccessful. Applying automatic fixes for column types to make the dataframe Arrow-compatible.
Traceback (most recent call last):
  File "/workspace/scratch/42ffe4c93098/utilization9_runtime/lib/python3.14/site-packages/streamlit/dataframe_util.py", line 940, in convert_pandas_df_to_arrow_table
    return pa.Table.from_pandas(df, preserve_index=preserve_index)
           ~~~~~~~~~~~~~~~~~~~~^^^^^^^^^^^^^^^^^^^^^^^^^^^^^^^^^^^
  File "pyarrow/table.pxi", line 4768, in pyarrow.lib.Table.from_pandas
  File "/workspace/scratch/42ffe4c93098/utilization9_runtime/lib/python3.14/site-packages/pyarrow/pandas_compat.py", line 651, in dataframe_to_arrays
    arrays = [convert_column(c, f)
              ~~~~~~~~~~~~~~^^^^^^
  File "/workspace/scratch/42ffe4c93098/utilization9_runtime/lib/python3.14/site-packages/pyarrow/pandas_compat.py", line 639, in convert_column
    raise e
  File "/workspace/scratch/42ffe4c93098/utilization9_runtime/lib/python3.14/site-packages/pyarrow/pandas_compat.py", line 633, in convert_column
    result = pa.array(col, type=type_, from_pandas=True, safe=safe)
  File "pyarrow/array.pxi", line 390, in pyarrow.lib.array
    result = _ndarray_to_array(values, mask, type, c_from_pandas, safe,
  File "pyarrow/array.pxi", line 91, in pyarrow.lib._ndarray_to_array
    check_status(NdarrayToArrow(pool, values, mask, from_pandas,
  File "pyarrow/error.pxi", line 92, in pyarrow.lib.check_status
pyarrow.lib.ArrowTypeError: ("Expected bytes, got a 'float' object", 'Conversion failed for column Value with type object')
2026-10-08 17:40:17.269 Please replace `use_container_width` with `width`.

`use_container_width` will be removed after 2025-12-31.

For `use_container_width=True`, use `width='stretch'`. For `use_container_width=False`, use `width='content'`.
2026-10-08 17:40:17.269 Serialization of dataframe to Arrow table was unsuccessful. Applying automatic fixes for column types to make the dataframe Arrow-compatible.
Traceback (most recent call last):
  File "/workspace/scratch/42ffe4c93098/utilization9_runtime/lib/python3.14/site-packages/streamlit/dataframe_util.py", line 940, in convert_pandas_df_to_arrow_table
    return pa.Table.from_pandas(df, preserve_index=preserve_index)
           ~~~~~~~~~~~~~~~~~~~~^^^^^^^^^^^^^^^^^^^^^^^^^^^^^^^^^^^
  File "pyarrow/table.pxi", line 4768, in pyarrow.lib.Table.from_pandas
  File "/workspace/scratch/42ffe4c93098/utilization9_runtime/lib/python3.14/site-packages/pyarrow/pandas_compat.py", line 651, in dataframe_to_arrays
    arrays = [convert_column(c, f)
              ~~~~~~~~~~~~~~^^^^^^
  File "/workspace/scratch/42ffe4c93098/utilization9_runtime/lib/python3.14/site-packages/pyarrow/pandas_compat.py", line 639, in convert_column
    raise e
  File "/workspace/scratch/42ffe4c93098/utilization9_runtime/lib/python3.14/site-packages/pyarrow/pandas_compat.py", line 633, in convert_column
    result = pa.array(col, type=type_, from_pandas=True, safe=safe)
  File "pyarrow/array.pxi", line 390, in pyarrow.lib.array
    result = _ndarray_to_array(values, mask, type, c_from_pandas, safe,
  File "pyarrow/array.pxi", line 91, in pyarrow.lib._ndarray_to_array
    check_status(NdarrayToArrow(pool, values, mask, from_pandas,
  File "pyarrow/error.pxi", line 92, in pyarrow.lib.check_status
pyarrow.lib.ArrowInvalid: ("Could not convert 'Wet slab/topping, barrier, wearing surface, SDL/LL, building service loads' with type str: tried to convert to double", 'Conversion failed for column w_kN/m per girder with type object')
2026-10-08 17:40:17.272 Please replace `use_container_width` with `width`.

`use_container_width` will be removed after 2025-12-31.

For `use_container_width=True`, use `width='stretch'`. For `use_container_width=False`, use `width='content'`.
2026-10-08 17:40:17.274 Please replace `use_container_width` with `width`.

`use_container_width` will be removed after 2025-12-31.

For `use_container_width=True`, use `width='stretch'`. For `use_container_width=False`, use `width='content'`.
2026-10-08 17:40:17.275 Please replace `use_container_width` with `width`.

`use_container_width` will be removed after 2025-12-31.

For `use_container_width=True`, use `width='stretch'`. For `use_container_width=False`, use `width='content'`.
2026-10-08 17:40:17.283 Please replace `use_container_width` with `width`.

`use_container_width` will be removed after 2025-12-31.

For `use_container_width=True`, use `width='stretch'`. For `use_container_width=False`, use `width='content'`.
2026-10-08 17:40:17.284 Serialization of dataframe to Arrow table was unsuccessful. Applying automatic fixes for column types to make the dataframe Arrow-compatible.
Traceback (most recent call last):
  File "/workspace/scratch/42ffe4c93098/utilization9_runtime/lib/python3.14/site-packages/streamlit/dataframe_util.py", line 940, in convert_pandas_df_to_arrow_table
    return pa.Table.from_pandas(df, preserve_index=preserve_index)
           ~~~~~~~~~~~~~~~~~~~~^^^^^^^^^^^^^^^^^^^^^^^^^^^^^^^^^^^
  File "pyarrow/table.pxi", line 4768, in pyarrow.lib.Table.from_pandas
  File "/workspace/scratch/42ffe4c93098/utilization9_runtime/lib/python3.14/site-packages/pyarrow/pandas_compat.py", line 651, in dataframe_to_arrays
    arrays = [convert_column(c, f)
              ~~~~~~~~~~~~~~^^^^^^
  File "/workspace/scratch/42ffe4c93098/utilization9_runtime/lib/python3.14/site-packages/pyarrow/pandas_compat.py", line 639, in convert_column
    raise e
  File "/workspace/scratch/42ffe4c93098/utilization9_runtime/lib/python3.14/site-packages/pyarrow/pandas_compat.py", line 633, in convert_column
    result = pa.array(col, type=type_, from_pandas=True, safe=safe)
  File "pyarrow/array.pxi", line 390, in pyarrow.lib.array
    result = _ndarray_to_array(values, mask, type, c_from_pandas, safe,
  File "pyarrow/array.pxi", line 91, in pyarrow.lib._ndarray_to_array
    check_status(NdarrayToArrow(pool, values, mask, from_pandas,
  File "pyarrow/error.pxi", line 92, in pyarrow.lib.check_status
pyarrow.lib.ArrowInvalid: ('Could not convert 0 with type int: tried to convert to boolean', 'Conversion failed for column Value with type object')
2026-10-08 17:40:17.286 Please replace `use_container_width` with `width`.

`use_container_width` will be removed after 2025-12-31.

For `use_container_width=True`, use `width='stretch'`. For `use_container_width=False`, use `width='content'`.
2026-10-08 17:40:17.296 Please replace `use_container_width` with `width`.

`use_container_width` will be removed after 2025-12-31.

For `use_container_width=True`, use `width='stretch'`. For `use_container_width=False`, use `width='content'`.
2026-10-08 17:40:17.684 Please replace `use_container_width` with `width`.

`use_container_width` will be removed after 2025-12-31.

For `use_container_width=True`, use `width='stretch'`. For `use_container_width=False`, use `width='content'`.
2026-10-08 17:40:17.685 Please replace `use_container_width` with `width`.

`use_container_width` will be removed after 2025-12-31.

For `use_container_width=True`, use `width='stretch'`. For `use_container_width=False`, use `width='content'`.
2026-10-08 17:40:17.686 Please replace `use_container_width` with `width`.

`use_container_width` will be removed after 2025-12-31.

For `use_container_width=True`, use `width='stretch'`. For `use_container_width=False`, use `width='content'`.
2026-10-08 17:40:17.923 Please replace `use_container_width` with `width`.

`use_container_width` will be removed after 2025-12-31.

For `use_container_width=True`, use `width='stretch'`. For `use_container_width=False`, use `width='content'`.
2026-10-08 17:40:17.930 Please replace `use_container_width` with `width`.

`use_container_width` will be removed after 2025-12-31.

For `use_container_width=True`, use `width='stretch'`. For `use_container_width=False`, use `width='content'`.
2026-10-08 17:40:17.935 Please replace `use_container_width` with `width`.

`use_container_width` will be removed after 2025-12-31.

For `use_container_width=True`, use `width='stretch'`. For `use_container_width=False`, use `width='content'`.
2026-10-08 17:40:17.952 Please replace `use_container_width` with `width`.

`use_container_width` will be removed after 2025-12-31.

For `use_container_width=True`, use `width='stretch'`. For `use_container_width=False`, use `width='content'`.
2026-10-08 17:40:17.953 Please replace `use_container_width` with `width`.

`use_container_width` will be removed after 2025-12-31.

For `use_container_width=True`, use `width='stretch'`. For `use_container_width=False`, use `width='content'`.
2026-10-08 17:40:17.954 Please replace `use_container_width` with `width`.

`use_container_width` will be removed after 2025-12-31.

For `use_container_width=True`, use `width='stretch'`. For `use_container_width=False`, use `width='content'`.
2026-10-08 17:40:17.969 Please replace `use_container_width` with `width`.

`use_container_width` will be removed after 2025-12-31.

For `use_container_width=True`, use `width='stretch'`. For `use_container_width=False`, use `width='content'`.
2026-10-08 17:40:17.970 Please replace `use_container_width` with `width`.

`use_container_width` will be removed after 2025-12-31.

For `use_container_width=True`, use `width='stretch'`. For `use_container_width=False`, use `width='content'`.
2026-10-08 17:40:17.974 Please replace `use_container_width` with `width`.

`use_container_width` will be removed after 2025-12-31.

For `use_container_width=True`, use `width='stretch'`. For `use_container_width=False`, use `width='content'`.
2026-10-08 17:40:17.978 Please replace `use_container_width` with `width`.

`use_container_width` will be removed after 2025-12-31.

For `use_container_width=True`, use `width='stretch'`. For `use_container_width=False`, use `width='content'`.
2026-10-08 17:40:17.979 Serialization of dataframe to Arrow table was unsuccessful. Applying automatic fixes for column types to make the dataframe Arrow-compatible.
Traceback (most recent call last):
  File "/workspace/scratch/42ffe4c93098/utilization9_runtime/lib/python3.14/site-packages/streamlit/dataframe_util.py", line 940, in convert_pandas_df_to_arrow_table
    return pa.Table.from_pandas(df, preserve_index=preserve_index)
           ~~~~~~~~~~~~~~~~~~~~^^^^^^^^^^^^^^^^^^^^^^^^^^^^^^^^^^^
  File "pyarrow/table.pxi", line 4768, in pyarrow.lib.Table.from_pandas
  File "/workspace/scratch/42ffe4c93098/utilization9_runtime/lib/python3.14/site-packages/pyarrow/pandas_compat.py", line 651, in dataframe_to_arrays
    arrays = [convert_column(c, f)
              ~~~~~~~~~~~~~~^^^^^^
  File "/workspace/scratch/42ffe4c93098/utilization9_runtime/lib/python3.14/site-packages/pyarrow/pandas_compat.py", line 639, in convert_column
    raise e
  File "/workspace/scratch/42ffe4c93098/utilization9_runtime/lib/python3.14/site-packages/pyarrow/pandas_compat.py", line 633, in convert_column
    result = pa.array(col, type=type_, from_pandas=True, safe=safe)
  File "pyarrow/array.pxi", line 390, in pyarrow.lib.array
    result = _ndarray_to_array(values, mask, type, c_from_pandas, safe,
  File "pyarrow/array.pxi", line 91, in pyarrow.lib._ndarray_to_array
    check_status(NdarrayToArrow(pool, values, mask, from_pandas,
  File "pyarrow/error.pxi", line 92, in pyarrow.lib.check_status
pyarrow.lib.ArrowTypeError: ("Expected bytes, got a 'bool' object", 'Conversion failed for column Value with type object')
2026-10-08 17:40:17.981 Please replace `use_container_width` with `width`.

`use_container_width` will be removed after 2025-12-31.

For `use_container_width=True`, use `width='stretch'`. For `use_container_width=False`, use `width='content'`.
2026-10-08 17:40:17.982 Please replace `use_container_width` with `width`.

`use_container_width` will be removed after 2025-12-31.

For `use_container_width=True`, use `width='stretch'`. For `use_container_width=False`, use `width='content'`.
2026-10-08 17:40:17.984 Please replace `use_container_width` with `width`.

`use_container_width` will be removed after 2025-12-31.

For `use_container_width=True`, use `width='stretch'`. For `use_container_width=False`, use `width='content'`.
2026-10-08 17:40:17.985 Please replace `use_container_width` with `width`.

`use_container_width` will be removed after 2025-12-31.

For `use_container_width=True`, use `width='stretch'`. For `use_container_width=False`, use `width='content'`.
2026-10-08 17:40:17.987 Please replace `use_container_width` with `width`.

`use_container_width` will be removed after 2025-12-31.

For `use_container_width=True`, use `width='stretch'`. For `use_container_width=False`, use `width='content'`.
2026-10-08 17:40:18.001 Please replace `use_container_width` with `width`.

`use_container_width` will be removed after 2025-12-31.

For `use_container_width=True`, use `width='stretch'`. For `use_container_width=False`, use `width='content'`.
2026-10-08 17:40:18.002 Please replace `use_container_width` with `width`.

`use_container_width` will be removed after 2025-12-31.

For `use_container_width=True`, use `width='stretch'`. For `use_container_width=False`, use `width='content'`.
2026-10-08 17:40:18.003 Please replace `use_container_width` with `width`.

`use_container_width` will be removed after 2025-12-31.

For `use_container_width=True`, use `width='stretch'`. For `use_container_width=False`, use `width='content'`.
2026-10-08 17:40:18.004 Serialization of dataframe to Arrow table was unsuccessful. Applying automatic fixes for column types to make the dataframe Arrow-compatible.
Traceback (most recent call last):
  File "/workspace/scratch/42ffe4c93098/utilization9_runtime/lib/python3.14/site-packages/streamlit/dataframe_util.py", line 940, in convert_pandas_df_to_arrow_table
    return pa.Table.from_pandas(df, preserve_index=preserve_index)
           ~~~~~~~~~~~~~~~~~~~~^^^^^^^^^^^^^^^^^^^^^^^^^^^^^^^^^^^
  File "pyarrow/table.pxi", line 4768, in pyarrow.lib.Table.from_pandas
  File "/workspace/scratch/42ffe4c93098/utilization9_runtime/lib/python3.14/site-packages/pyarrow/pandas_compat.py", line 651, in dataframe_to_arrays
    arrays = [convert_column(c, f)
              ~~~~~~~~~~~~~~^^^^^^
  File "/workspace/scratch/42ffe4c93098/utilization9_runtime/lib/python3.14/site-packages/pyarrow/pandas_compat.py", line 639, in convert_column
    raise e
  File "/workspace/scratch/42ffe4c93098/utilization9_runtime/lib/python3.14/site-packages/pyarrow/pandas_compat.py", line 633, in convert_column
    result = pa.array(col, type=type_, from_pandas=True, safe=safe)
  File "pyarrow/array.pxi", line 390, in pyarrow.lib.array
    result = _ndarray_to_array(values, mask, type, c_from_pandas, safe,
  File "pyarrow/array.pxi", line 91, in pyarrow.lib._ndarray_to_array
    check_status(NdarrayToArrow(pool, values, mask, from_pandas,
  File "pyarrow/error.pxi", line 92, in pyarrow.lib.check_status
pyarrow.lib.ArrowTypeError: ("Expected bytes, got a 'float' object", 'Conversion failed for column Value with type object')
2026-10-08 17:40:18.006 Please replace `use_container_width` with `width`.

`use_container_width` will be removed after 2025-12-31.

For `use_container_width=True`, use `width='stretch'`. For `use_container_width=False`, use `width='content'`.
2026-10-08 17:40:18.006 Serialization of dataframe to Arrow table was unsuccessful. Applying automatic fixes for column types to make the dataframe Arrow-compatible.
Traceback (most recent call last):
  File "/workspace/scratch/42ffe4c93098/utilization9_runtime/lib/python3.14/site-packages/streamlit/dataframe_util.py", line 940, in convert_pandas_df_to_arrow_table
    return pa.Table.from_pandas(df, preserve_index=preserve_index)
           ~~~~~~~~~~~~~~~~~~~~^^^^^^^^^^^^^^^^^^^^^^^^^^^^^^^^^^^
  File "pyarrow/table.pxi", line 4768, in pyarrow.lib.Table.from_pandas
  File "/workspace/scratch/42ffe4c93098/utilization9_runtime/lib/python3.14/site-packages/pyarrow/pandas_compat.py", line 651, in dataframe_to_arrays
    arrays = [convert_column(c, f)
              ~~~~~~~~~~~~~~^^^^^^
  File "/workspace/scratch/42ffe4c93098/utilization9_runtime/lib/python3.14/site-packages/pyarrow/pandas_compat.py", line 639, in convert_column
    raise e
  File "/workspace/scratch/42ffe4c93098/utilization9_runtime/lib/python3.14/site-packages/pyarrow/pandas_compat.py", line 633, in convert_column
    result = pa.array(col, type=type_, from_pandas=True, safe=safe)
  File "pyarrow/array.pxi", line 390, in pyarrow.lib.array
    result = _ndarray_to_array(values, mask, type, c_from_pandas, safe,
  File "pyarrow/array.pxi", line 91, in pyarrow.lib._ndarray_to_array
    check_status(NdarrayToArrow(pool, values, mask, from_pandas,
  File "pyarrow/error.pxi", line 92, in pyarrow.lib.check_status
pyarrow.lib.ArrowInvalid: ("Could not convert 'Wet slab/topping, barrier, wearing surface, SDL/LL, building service loads' with type str: tried to convert to double", 'Conversion failed for column w_kN/m per girder with type object')
2026-10-08 17:40:18.009 Please replace `use_container_width` with `width`.

`use_container_width` will be removed after 2025-12-31.

For `use_container_width=True`, use `width='stretch'`. For `use_container_width=False`, use `width='content'`.
2026-10-08 17:40:18.011 Please replace `use_container_width` with `width`.

`use_container_width` will be removed after 2025-12-31.

For `use_container_width=True`, use `width='stretch'`. For `use_container_width=False`, use `width='content'`.
2026-10-08 17:40:18.012 Please replace `use_container_width` with `width`.

`use_container_width` will be removed after 2025-12-31.

For `use_container_width=True`, use `width='stretch'`. For `use_container_width=False`, use `width='content'`.
2026-10-08 17:40:18.018 Please replace `use_container_width` with `width`.

`use_container_width` will be removed after 2025-12-31.

For `use_container_width=True`, use `width='stretch'`. For `use_container_width=False`, use `width='content'`.
2026-10-08 17:40:18.018 Serialization of dataframe to Arrow table was unsuccessful. Applying automatic fixes for column types to make the dataframe Arrow-compatible.
Traceback (most recent call last):
  File "/workspace/scratch/42ffe4c93098/utilization9_runtime/lib/python3.14/site-packages/streamlit/dataframe_util.py", line 940, in convert_pandas_df_to_arrow_table
    return pa.Table.from_pandas(df, preserve_index=preserve_index)
           ~~~~~~~~~~~~~~~~~~~~^^^^^^^^^^^^^^^^^^^^^^^^^^^^^^^^^^^
  File "pyarrow/table.pxi", line 4768, in pyarrow.lib.Table.from_pandas
  File "/workspace/scratch/42ffe4c93098/utilization9_runtime/lib/python3.14/site-packages/pyarrow/pandas_compat.py", line 651, in dataframe_to_arrays
    arrays = [convert_column(c, f)
              ~~~~~~~~~~~~~~^^^^^^
  File "/workspace/scratch/42ffe4c93098/utilization9_runtime/lib/python3.14/site-packages/pyarrow/pandas_compat.py", line 639, in convert_column
    raise e
  File "/workspace/scratch/42ffe4c93098/utilization9_runtime/lib/python3.14/site-packages/pyarrow/pandas_compat.py", line 633, in convert_column
    result = pa.array(col, type=type_, from_pandas=True, safe=safe)
  File "pyarrow/array.pxi", line 390, in pyarrow.lib.array
    result = _ndarray_to_array(values, mask, type, c_from_pandas, safe,
  File "pyarrow/array.pxi", line 91, in pyarrow.lib._ndarray_to_array
    check_status(NdarrayToArrow(pool, values, mask, from_pandas,
  File "pyarrow/error.pxi", line 92, in pyarrow.lib.check_status
pyarrow.lib.ArrowInvalid: ('Could not convert 0 with type int: tried to convert to boolean', 'Conversion failed for column Value with type object')
2026-10-08 17:40:18.020 Please replace `use_container_width` with `width`.

`use_container_width` will be removed after 2025-12-31.

For `use_container_width=True`, use `width='stretch'`. For `use_container_width=False`, use `width='content'`.
2026-10-08 17:40:18.024 Please replace `use_container_width` with `width`.

`use_container_width` will be removed after 2025-12-31.

For `use_container_width=True`, use `width='stretch'`. For `use_container_width=False`, use `width='content'`.
2026-10-08 17:40:18.461 Please replace `use_container_width` with `width`.

`use_container_width` will be removed after 2025-12-31.

For `use_container_width=True`, use `width='stretch'`. For `use_container_width=False`, use `width='content'`.
2026-10-08 17:40:18.463 Please replace `use_container_width` with `width`.

`use_container_width` will be removed after 2025-12-31.

For `use_container_width=True`, use `width='stretch'`. For `use_container_width=False`, use `width='content'`.
2026-10-08 17:40:18.464 Please replace `use_container_width` with `width`.

`use_container_width` will be removed after 2025-12-31.

For `use_container_width=True`, use `width='stretch'`. For `use_container_width=False`, use `width='content'`.
2026-10-08 17:40:18.928 Please replace `use_container_width` with `width`.

`use_container_width` will be removed after 2025-12-31.

For `use_container_width=True`, use `width='stretch'`. For `use_container_width=False`, use `width='content'`.
2026-10-08 17:40:18.936 Please replace `use_container_width` with `width`.

`use_container_width` will be removed after 2025-12-31.

For `use_container_width=True`, use `width='stretch'`. For `use_container_width=False`, use `width='content'`.
2026-10-08 17:40:18.943 Please replace `use_container_width` with `width`.

`use_container_width` will be removed after 2025-12-31.

For `use_container_width=True`, use `width='stretch'`. For `use_container_width=False`, use `width='content'`.
2026-10-08 17:40:18.961 Please replace `use_container_width` with `width`.

`use_container_width` will be removed after 2025-12-31.

For `use_container_width=True`, use `width='stretch'`. For `use_container_width=False`, use `width='content'`.
2026-10-08 17:40:18.962 Please replace `use_container_width` with `width`.

`use_container_width` will be removed after 2025-12-31.

For `use_container_width=True`, use `width='stretch'`. For `use_container_width=False`, use `width='content'`.
2026-10-08 17:40:18.963 Please replace `use_container_width` with `width`.

`use_container_width` will be removed after 2025-12-31.

For `use_container_width=True`, use `width='stretch'`. For `use_container_width=False`, use `width='content'`.
2026-10-08 17:40:18.977 Please replace `use_container_width` with `width`.

`use_container_width` will be removed after 2025-12-31.

For `use_container_width=True`, use `width='stretch'`. For `use_container_width=False`, use `width='content'`.
2026-10-08 17:40:18.978 Please replace `use_container_width` with `width`.

`use_container_width` will be removed after 2025-12-31.

For `use_container_width=True`, use `width='stretch'`. For `use_container_width=False`, use `width='content'`.
2026-10-08 17:40:18.982 Please replace `use_container_width` with `width`.

`use_container_width` will be removed after 2025-12-31.

For `use_container_width=True`, use `width='stretch'`. For `use_container_width=False`, use `width='content'`.
2026-10-08 17:40:18.987 Please replace `use_container_width` with `width`.

`use_container_width` will be removed after 2025-12-31.

For `use_container_width=True`, use `width='stretch'`. For `use_container_width=False`, use `width='content'`.
2026-10-08 17:40:18.987 Serialization of dataframe to Arrow table was unsuccessful. Applying automatic fixes for column types to make the dataframe Arrow-compatible.
Traceback (most recent call last):
  File "/workspace/scratch/42ffe4c93098/utilization9_runtime/lib/python3.14/site-packages/streamlit/dataframe_util.py", line 940, in convert_pandas_df_to_arrow_table
    return pa.Table.from_pandas(df, preserve_index=preserve_index)
           ~~~~~~~~~~~~~~~~~~~~^^^^^^^^^^^^^^^^^^^^^^^^^^^^^^^^^^^
  File "pyarrow/table.pxi", line 4768, in pyarrow.lib.Table.from_pandas
  File "/workspace/scratch/42ffe4c93098/utilization9_runtime/lib/python3.14/site-packages/pyarrow/pandas_compat.py", line 651, in dataframe_to_arrays
    arrays = [convert_column(c, f)
              ~~~~~~~~~~~~~~^^^^^^
  File "/workspace/scratch/42ffe4c93098/utilization9_runtime/lib/python3.14/site-packages/pyarrow/pandas_compat.py", line 639, in convert_column
    raise e
  File "/workspace/scratch/42ffe4c93098/utilization9_runtime/lib/python3.14/site-packages/pyarrow/pandas_compat.py", line 633, in convert_column
    result = pa.array(col, type=type_, from_pandas=True, safe=safe)
  File "pyarrow/array.pxi", line 390, in pyarrow.lib.array
    result = _ndarray_to_array(values, mask, type, c_from_pandas, safe,
  File "pyarrow/array.pxi", line 91, in pyarrow.lib._ndarray_to_array
    check_status(NdarrayToArrow(pool, values, mask, from_pandas,
  File "pyarrow/error.pxi", line 92, in pyarrow.lib.check_status
pyarrow.lib.ArrowTypeError: ("Expected bytes, got a 'bool' object", 'Conversion failed for column Value with type object')
2026-10-08 17:40:18.989 Please replace `use_container_width` with `width`.

`use_container_width` will be removed after 2025-12-31.

For `use_container_width=True`, use `width='stretch'`. For `use_container_width=False`, use `width='content'`.
2026-10-08 17:40:18.990 Please replace `use_container_width` with `width`.

`use_container_width` will be removed after 2025-12-31.

For `use_container_width=True`, use `width='stretch'`. For `use_container_width=False`, use `width='content'`.
2026-10-08 17:40:18.993 Please replace `use_container_width` with `width`.

`use_container_width` will be removed after 2025-12-31.

For `use_container_width=True`, use `width='stretch'`. For `use_container_width=False`, use `width='content'`.
2026-10-08 17:40:18.995 Please replace `use_container_width` with `width`.

`use_container_width` will be removed after 2025-12-31.

For `use_container_width=True`, use `width='stretch'`. For `use_container_width=False`, use `width='content'`.
2026-10-08 17:40:18.997 Please replace `use_container_width` with `width`.

`use_container_width` will be removed after 2025-12-31.

For `use_container_width=True`, use `width='stretch'`. For `use_container_width=False`, use `width='content'`.
2026-10-08 17:40:19.009 Please replace `use_container_width` with `width`.

`use_container_width` will be removed after 2025-12-31.

For `use_container_width=True`, use `width='stretch'`. For `use_container_width=False`, use `width='content'`.
2026-10-08 17:40:19.011 Please replace `use_container_width` with `width`.

`use_container_width` will be removed after 2025-12-31.

For `use_container_width=True`, use `width='stretch'`. For `use_container_width=False`, use `width='content'`.
2026-10-08 17:40:19.013 Please replace `use_container_width` with `width`.

`use_container_width` will be removed after 2025-12-31.

For `use_container_width=True`, use `width='stretch'`. For `use_container_width=False`, use `width='content'`.
2026-10-08 17:40:19.013 Serialization of dataframe to Arrow table was unsuccessful. Applying automatic fixes for column types to make the dataframe Arrow-compatible.
Traceback (most recent call last):
  File "/workspace/scratch/42ffe4c93098/utilization9_runtime/lib/python3.14/site-packages/streamlit/dataframe_util.py", line 940, in convert_pandas_df_to_arrow_table
    return pa.Table.from_pandas(df, preserve_index=preserve_index)
           ~~~~~~~~~~~~~~~~~~~~^^^^^^^^^^^^^^^^^^^^^^^^^^^^^^^^^^^
  File "pyarrow/table.pxi", line 4768, in pyarrow.lib.Table.from_pandas
  File "/workspace/scratch/42ffe4c93098/utilization9_runtime/lib/python3.14/site-packages/pyarrow/pandas_compat.py", line 651, in dataframe_to_arrays
    arrays = [convert_column(c, f)
              ~~~~~~~~~~~~~~^^^^^^
  File "/workspace/scratch/42ffe4c93098/utilization9_runtime/lib/python3.14/site-packages/pyarrow/pandas_compat.py", line 639, in convert_column
    raise e
  File "/workspace/scratch/42ffe4c93098/utilization9_runtime/lib/python3.14/site-packages/pyarrow/pandas_compat.py", line 633, in convert_column
    result = pa.array(col, type=type_, from_pandas=True, safe=safe)
  File "pyarrow/array.pxi", line 390, in pyarrow.lib.array
    result = _ndarray_to_array(values, mask, type, c_from_pandas, safe,
  File "pyarrow/array.pxi", line 91, in pyarrow.lib._ndarray_to_array
    check_status(NdarrayToArrow(pool, values, mask, from_pandas,
  File "pyarrow/error.pxi", line 92, in pyarrow.lib.check_status
pyarrow.lib.ArrowTypeError: ("Expected bytes, got a 'float' object", 'Conversion failed for column Value with type object')
2026-10-08 17:40:19.015 Please replace `use_container_width` with `width`.

`use_container_width` will be removed after 2025-12-31.

For `use_container_width=True`, use `width='stretch'`. For `use_container_width=False`, use `width='content'`.
2026-10-08 17:40:19.016 Serialization of dataframe to Arrow table was unsuccessful. Applying automatic fixes for column types to make the dataframe Arrow-compatible.
Traceback (most recent call last):
  File "/workspace/scratch/42ffe4c93098/utilization9_runtime/lib/python3.14/site-packages/streamlit/dataframe_util.py", line 940, in convert_pandas_df_to_arrow_table
    return pa.Table.from_pandas(df, preserve_index=preserve_index)
           ~~~~~~~~~~~~~~~~~~~~^^^^^^^^^^^^^^^^^^^^^^^^^^^^^^^^^^^
  File "pyarrow/table.pxi", line 4768, in pyarrow.lib.Table.from_pandas
  File "/workspace/scratch/42ffe4c93098/utilization9_runtime/lib/python3.14/site-packages/pyarrow/pandas_compat.py", line 651, in dataframe_to_arrays
    arrays = [convert_column(c, f)
              ~~~~~~~~~~~~~~^^^^^^
  File "/workspace/scratch/42ffe4c93098/utilization9_runtime/lib/python3.14/site-packages/pyarrow/pandas_compat.py", line 639, in convert_column
    raise e
  File "/workspace/scratch/42ffe4c93098/utilization9_runtime/lib/python3.14/site-packages/pyarrow/pandas_compat.py", line 633, in convert_column
    result = pa.array(col, type=type_, from_pandas=True, safe=safe)
  File "pyarrow/array.pxi", line 390, in pyarrow.lib.array
    result = _ndarray_to_array(values, mask, type, c_from_pandas, safe,
  File "pyarrow/array.pxi", line 91, in pyarrow.lib._ndarray_to_array
    check_status(NdarrayToArrow(pool, values, mask, from_pandas,
  File "pyarrow/error.pxi", line 92, in pyarrow.lib.check_status
pyarrow.lib.ArrowInvalid: ("Could not convert 'Wet slab/topping, barrier, wearing surface, SDL/LL, building service loads' with type str: tried to convert to double", 'Conversion failed for column w_kN/m per girder with type object')
2026-10-08 17:40:19.018 Please replace `use_container_width` with `width`.

`use_container_width` will be removed after 2025-12-31.

For `use_container_width=True`, use `width='stretch'`. For `use_container_width=False`, use `width='content'`.
2026-10-08 17:40:19.020 Please replace `use_container_width` with `width`.

`use_container_width` will be removed after 2025-12-31.

For `use_container_width=True`, use `width='stretch'`. For `use_container_width=False`, use `width='content'`.
2026-10-08 17:40:19.021 Please replace `use_container_width` with `width`.

`use_container_width` will be removed after 2025-12-31.

For `use_container_width=True`, use `width='stretch'`. For `use_container_width=False`, use `width='content'`.
2026-10-08 17:40:19.027 Please replace `use_container_width` with `width`.

`use_container_width` will be removed after 2025-12-31.

For `use_container_width=True`, use `width='stretch'`. For `use_container_width=False`, use `width='content'`.
2026-10-08 17:40:19.027 Serialization of dataframe to Arrow table was unsuccessful. Applying automatic fixes for column types to make the dataframe Arrow-compatible.
Traceback (most recent call last):
  File "/workspace/scratch/42ffe4c93098/utilization9_runtime/lib/python3.14/site-packages/streamlit/dataframe_util.py", line 940, in convert_pandas_df_to_arrow_table
    return pa.Table.from_pandas(df, preserve_index=preserve_index)
           ~~~~~~~~~~~~~~~~~~~~^^^^^^^^^^^^^^^^^^^^^^^^^^^^^^^^^^^
  File "pyarrow/table.pxi", line 4768, in pyarrow.lib.Table.from_pandas
  File "/workspace/scratch/42ffe4c93098/utilization9_runtime/lib/python3.14/site-packages/pyarrow/pandas_compat.py", line 651, in dataframe_to_arrays
    arrays = [convert_column(c, f)
              ~~~~~~~~~~~~~~^^^^^^
  File "/workspace/scratch/42ffe4c93098/utilization9_runtime/lib/python3.14/site-packages/pyarrow/pandas_compat.py", line 639, in convert_column
    raise e
  File "/workspace/scratch/42ffe4c93098/utilization9_runtime/lib/python3.14/site-packages/pyarrow/pandas_compat.py", line 633, in convert_column
    result = pa.array(col, type=type_, from_pandas=True, safe=safe)
  File "pyarrow/array.pxi", line 390, in pyarrow.lib.array
    result = _ndarray_to_array(values, mask, type, c_from_pandas, safe,
  File "pyarrow/array.pxi", line 91, in pyarrow.lib._ndarray_to_array
    check_status(NdarrayToArrow(pool, values, mask, from_pandas,
  File "pyarrow/error.pxi", line 92, in pyarrow.lib.check_status
pyarrow.lib.ArrowInvalid: ('Could not convert 0 with type int: tried to convert to boolean', 'Conversion failed for column Value with type object')
2026-10-08 17:40:19.028 Please replace `use_container_width` with `width`.

`use_container_width` will be removed after 2025-12-31.

For `use_container_width=True`, use `width='stretch'`. For `use_container_width=False`, use `width='content'`.
2026-10-08 17:40:19.033 Please replace `use_container_width` with `width`.

`use_container_width` will be removed after 2025-12-31.

For `use_container_width=True`, use `width='stretch'`. For `use_container_width=False`, use `width='content'`.
2026-10-08 17:40:19.423 Please replace `use_container_width` with `width`.

`use_container_width` will be removed after 2025-12-31.

For `use_container_width=True`, use `width='stretch'`. For `use_container_width=False`, use `width='content'`.
2026-10-08 17:40:19.424 Please replace `use_container_width` with `width`.

`use_container_width` will be removed after 2025-12-31.

For `use_container_width=True`, use `width='stretch'`. For `use_container_width=False`, use `width='content'`.
2026-10-08 17:40:19.425 Please replace `use_container_width` with `width`.

`use_container_width` will be removed after 2025-12-31.

For `use_container_width=True`, use `width='stretch'`. For `use_container_width=False`, use `width='content'`.
2026-10-08 17:40:19.652 Please replace `use_container_width` with `width`.

`use_container_width` will be removed after 2025-12-31.

For `use_container_width=True`, use `width='stretch'`. For `use_container_width=False`, use `width='content'`.
2026-10-08 17:40:19.658 Please replace `use_container_width` with `width`.

`use_container_width` will be removed after 2025-12-31.

For `use_container_width=True`, use `width='stretch'`. For `use_container_width=False`, use `width='content'`.
2026-10-08 17:40:19.663 Please replace `use_container_width` with `width`.

`use_container_width` will be removed after 2025-12-31.

For `use_container_width=True`, use `width='stretch'`. For `use_container_width=False`, use `width='content'`.
2026-10-08 17:40:19.677 Please replace `use_container_width` with `width`.

`use_container_width` will be removed after 2025-12-31.

For `use_container_width=True`, use `width='stretch'`. For `use_container_width=False`, use `width='content'`.
2026-10-08 17:40:19.678 Please replace `use_container_width` with `width`.

`use_container_width` will be removed after 2025-12-31.

For `use_container_width=True`, use `width='stretch'`. For `use_container_width=False`, use `width='content'`.
2026-10-08 17:40:19.679 Please replace `use_container_width` with `width`.

`use_container_width` will be removed after 2025-12-31.

For `use_container_width=True`, use `width='stretch'`. For `use_container_width=False`, use `width='content'`.
2026-10-08 17:40:19.692 Please replace `use_container_width` with `width`.

`use_container_width` will be removed after 2025-12-31.

For `use_container_width=True`, use `width='stretch'`. For `use_container_width=False`, use `width='content'`.
2026-10-08 17:40:19.693 Please replace `use_container_width` with `width`.

`use_container_width` will be removed after 2025-12-31.

For `use_container_width=True`, use `width='stretch'`. For `use_container_width=False`, use `width='content'`.
2026-10-08 17:40:19.698 Please replace `use_container_width` with `width`.

`use_container_width` will be removed after 2025-12-31.

For `use_container_width=True`, use `width='stretch'`. For `use_container_width=False`, use `width='content'`.
2026-10-08 17:40:19.702 Please replace `use_container_width` with `width`.

`use_container_width` will be removed after 2025-12-31.

For `use_container_width=True`, use `width='stretch'`. For `use_container_width=False`, use `width='content'`.
2026-10-08 17:40:19.702 Serialization of dataframe to Arrow table was unsuccessful. Applying automatic fixes for column types to make the dataframe Arrow-compatible.
Traceback (most recent call last):
  File "/workspace/scratch/42ffe4c93098/utilization9_runtime/lib/python3.14/site-packages/streamlit/dataframe_util.py", line 940, in convert_pandas_df_to_arrow_table
    return pa.Table.from_pandas(df, preserve_index=preserve_index)
           ~~~~~~~~~~~~~~~~~~~~^^^^^^^^^^^^^^^^^^^^^^^^^^^^^^^^^^^
  File "pyarrow/table.pxi", line 4768, in pyarrow.lib.Table.from_pandas
  File "/workspace/scratch/42ffe4c93098/utilization9_runtime/lib/python3.14/site-packages/pyarrow/pandas_compat.py", line 651, in dataframe_to_arrays
    arrays = [convert_column(c, f)
              ~~~~~~~~~~~~~~^^^^^^
  File "/workspace/scratch/42ffe4c93098/utilization9_runtime/lib/python3.14/site-packages/pyarrow/pandas_compat.py", line 639, in convert_column
    raise e
  File "/workspace/scratch/42ffe4c93098/utilization9_runtime/lib/python3.14/site-packages/pyarrow/pandas_compat.py", line 633, in convert_column
    result = pa.array(col, type=type_, from_pandas=True, safe=safe)
  File "pyarrow/array.pxi", line 390, in pyarrow.lib.array
    result = _ndarray_to_array(values, mask, type, c_from_pandas, safe,
  File "pyarrow/array.pxi", line 91, in pyarrow.lib._ndarray_to_array
    check_status(NdarrayToArrow(pool, values, mask, from_pandas,
  File "pyarrow/error.pxi", line 92, in pyarrow.lib.check_status
pyarrow.lib.ArrowTypeError: ("Expected bytes, got a 'bool' object", 'Conversion failed for column Value with type object')
2026-10-08 17:40:19.704 Please replace `use_container_width` with `width`.

`use_container_width` will be removed after 2025-12-31.

For `use_container_width=True`, use `width='stretch'`. For `use_container_width=False`, use `width='content'`.
2026-10-08 17:40:19.705 Please replace `use_container_width` with `width`.

`use_container_width` will be removed after 2025-12-31.

For `use_container_width=True`, use `width='stretch'`. For `use_container_width=False`, use `width='content'`.
2026-10-08 17:40:19.706 Please replace `use_container_width` with `width`.

`use_container_width` will be removed after 2025-12-31.

For `use_container_width=True`, use `width='stretch'`. For `use_container_width=False`, use `width='content'`.
2026-10-08 17:40:19.708 Please replace `use_container_width` with `width`.

`use_container_width` will be removed after 2025-12-31.

For `use_container_width=True`, use `width='stretch'`. For `use_container_width=False`, use `width='content'`.
2026-10-08 17:40:19.709 Please replace `use_container_width` with `width`.

`use_container_width` will be removed after 2025-12-31.

For `use_container_width=True`, use `width='stretch'`. For `use_container_width=False`, use `width='content'`.
2026-10-08 17:40:19.722 Please replace `use_container_width` with `width`.

`use_container_width` will be removed after 2025-12-31.

For `use_container_width=True`, use `width='stretch'`. For `use_container_width=False`, use `width='content'`.
2026-10-08 17:40:19.725 Please replace `use_container_width` with `width`.

`use_container_width` will be removed after 2025-12-31.

For `use_container_width=True`, use `width='stretch'`. For `use_container_width=False`, use `width='content'`.
2026-10-08 17:40:19.726 Please replace `use_container_width` with `width`.

`use_container_width` will be removed after 2025-12-31.

For `use_container_width=True`, use `width='stretch'`. For `use_container_width=False`, use `width='content'`.
2026-10-08 17:40:19.726 Serialization of dataframe to Arrow table was unsuccessful. Applying automatic fixes for column types to make the dataframe Arrow-compatible.
Traceback (most recent call last):
  File "/workspace/scratch/42ffe4c93098/utilization9_runtime/lib/python3.14/site-packages/streamlit/dataframe_util.py", line 940, in convert_pandas_df_to_arrow_table
    return pa.Table.from_pandas(df, preserve_index=preserve_index)
           ~~~~~~~~~~~~~~~~~~~~^^^^^^^^^^^^^^^^^^^^^^^^^^^^^^^^^^^
  File "pyarrow/table.pxi", line 4768, in pyarrow.lib.Table.from_pandas
  File "/workspace/scratch/42ffe4c93098/utilization9_runtime/lib/python3.14/site-packages/pyarrow/pandas_compat.py", line 651, in dataframe_to_arrays
    arrays = [convert_column(c, f)
              ~~~~~~~~~~~~~~^^^^^^
  File "/workspace/scratch/42ffe4c93098/utilization9_runtime/lib/python3.14/site-packages/pyarrow/pandas_compat.py", line 639, in convert_column
    raise e
  File "/workspace/scratch/42ffe4c93098/utilization9_runtime/lib/python3.14/site-packages/pyarrow/pandas_compat.py", line 633, in convert_column
    result = pa.array(col, type=type_, from_pandas=True, safe=safe)
  File "pyarrow/array.pxi", line 390, in pyarrow.lib.array
    result = _ndarray_to_array(values, mask, type, c_from_pandas, safe,
  File "pyarrow/array.pxi", line 91, in pyarrow.lib._ndarray_to_array
    check_status(NdarrayToArrow(pool, values, mask, from_pandas,
  File "pyarrow/error.pxi", line 92, in pyarrow.lib.check_status
pyarrow.lib.ArrowTypeError: ("Expected bytes, got a 'float' object", 'Conversion failed for column Value with type object')
2026-10-08 17:40:19.728 Please replace `use_container_width` with `width`.

`use_container_width` will be removed after 2025-12-31.

For `use_container_width=True`, use `width='stretch'`. For `use_container_width=False`, use `width='content'`.
2026-10-08 17:40:19.728 Serialization of dataframe to Arrow table was unsuccessful. Applying automatic fixes for column types to make the dataframe Arrow-compatible.
Traceback (most recent call last):
  File "/workspace/scratch/42ffe4c93098/utilization9_runtime/lib/python3.14/site-packages/streamlit/dataframe_util.py", line 940, in convert_pandas_df_to_arrow_table
    return pa.Table.from_pandas(df, preserve_index=preserve_index)
           ~~~~~~~~~~~~~~~~~~~~^^^^^^^^^^^^^^^^^^^^^^^^^^^^^^^^^^^
  File "pyarrow/table.pxi", line 4768, in pyarrow.lib.Table.from_pandas
  File "/workspace/scratch/42ffe4c93098/utilization9_runtime/lib/python3.14/site-packages/pyarrow/pandas_compat.py", line 651, in dataframe_to_arrays
    arrays = [convert_column(c, f)
              ~~~~~~~~~~~~~~^^^^^^
  File "/workspace/scratch/42ffe4c93098/utilization9_runtime/lib/python3.14/site-packages/pyarrow/pandas_compat.py", line 639, in convert_column
    raise e
  File "/workspace/scratch/42ffe4c93098/utilization9_runtime/lib/python3.14/site-packages/pyarrow/pandas_compat.py", line 633, in convert_column
    result = pa.array(col, type=type_, from_pandas=True, safe=safe)
  File "pyarrow/array.pxi", line 390, in pyarrow.lib.array
    result = _ndarray_to_array(values, mask, type, c_from_pandas, safe,
  File "pyarrow/array.pxi", line 91, in pyarrow.lib._ndarray_to_array
    check_status(NdarrayToArrow(pool, values, mask, from_pandas,
  File "pyarrow/error.pxi", line 92, in pyarrow.lib.check_status
pyarrow.lib.ArrowInvalid: ("Could not convert 'Wet slab/topping, barrier, wearing surface, SDL/LL, building service loads' with type str: tried to convert to double", 'Conversion failed for column w_kN/m per girder with type object')
2026-10-08 17:40:19.730 Please replace `use_container_width` with `width`.

`use_container_width` will be removed after 2025-12-31.

For `use_container_width=True`, use `width='stretch'`. For `use_container_width=False`, use `width='content'`.
2026-10-08 17:40:19.732 Please replace `use_container_width` with `width`.

`use_container_width` will be removed after 2025-12-31.

For `use_container_width=True`, use `width='stretch'`. For `use_container_width=False`, use `width='content'`.
2026-10-08 17:40:19.734 Please replace `use_container_width` with `width`.

`use_container_width` will be removed after 2025-12-31.

For `use_container_width=True`, use `width='stretch'`. For `use_container_width=False`, use `width='content'`.
2026-10-08 17:40:19.739 Please replace `use_container_width` with `width`.

`use_container_width` will be removed after 2025-12-31.

For `use_container_width=True`, use `width='stretch'`. For `use_container_width=False`, use `width='content'`.
2026-10-08 17:40:19.739 Serialization of dataframe to Arrow table was unsuccessful. Applying automatic fixes for column types to make the dataframe Arrow-compatible.
Traceback (most recent call last):
  File "/workspace/scratch/42ffe4c93098/utilization9_runtime/lib/python3.14/site-packages/streamlit/dataframe_util.py", line 940, in convert_pandas_df_to_arrow_table
    return pa.Table.from_pandas(df, preserve_index=preserve_index)
           ~~~~~~~~~~~~~~~~~~~~^^^^^^^^^^^^^^^^^^^^^^^^^^^^^^^^^^^
  File "pyarrow/table.pxi", line 4768, in pyarrow.lib.Table.from_pandas
  File "/workspace/scratch/42ffe4c93098/utilization9_runtime/lib/python3.14/site-packages/pyarrow/pandas_compat.py", line 651, in dataframe_to_arrays
    arrays = [convert_column(c, f)
              ~~~~~~~~~~~~~~^^^^^^
  File "/workspace/scratch/42ffe4c93098/utilization9_runtime/lib/python3.14/site-packages/pyarrow/pandas_compat.py", line 639, in convert_column
    raise e
  File "/workspace/scratch/42ffe4c93098/utilization9_runtime/lib/python3.14/site-packages/pyarrow/pandas_compat.py", line 633, in convert_column
    result = pa.array(col, type=type_, from_pandas=True, safe=safe)
  File "pyarrow/array.pxi", line 390, in pyarrow.lib.array
    result = _ndarray_to_array(values, mask, type, c_from_pandas, safe,
  File "pyarrow/array.pxi", line 91, in pyarrow.lib._ndarray_to_array
    check_status(NdarrayToArrow(pool, values, mask, from_pandas,
  File "pyarrow/error.pxi", line 92, in pyarrow.lib.check_status
pyarrow.lib.ArrowInvalid: ('Could not convert 0 with type int: tried to convert to boolean', 'Conversion failed for column Value with type object')
2026-10-08 17:40:19.742 Please replace `use_container_width` with `width`.

`use_container_width` will be removed after 2025-12-31.

For `use_container_width=True`, use `width='stretch'`. For `use_container_width=False`, use `width='content'`.
2026-10-08 17:40:19.748 Please replace `use_container_width` with `width`.

`use_container_width` will be removed after 2025-12-31.

For `use_container_width=True`, use `width='stretch'`. For `use_container_width=False`, use `width='content'`.
2026-10-08 17:40:20.173 Please replace `use_container_width` with `width`.

`use_container_width` will be removed after 2025-12-31.

For `use_container_width=True`, use `width='stretch'`. For `use_container_width=False`, use `width='content'`.
2026-10-08 17:40:20.176 Please replace `use_container_width` with `width`.

`use_container_width` will be removed after 2025-12-31.

For `use_container_width=True`, use `width='stretch'`. For `use_container_width=False`, use `width='content'`.
2026-10-08 17:40:20.177 Please replace `use_container_width` with `width`.

`use_container_width` will be removed after 2025-12-31.

For `use_container_width=True`, use `width='stretch'`. For `use_container_width=False`, use `width='content'`.
2026-10-08 17:40:20.448 Please replace `use_container_width` with `width`.

`use_container_width` will be removed after 2025-12-31.

For `use_container_width=True`, use `width='stretch'`. For `use_container_width=False`, use `width='content'`.
2026-10-08 17:40:20.456 Please replace `use_container_width` with `width`.

`use_container_width` will be removed after 2025-12-31.

For `use_container_width=True`, use `width='stretch'`. For `use_container_width=False`, use `width='content'`.
2026-10-08 17:40:20.462 Please replace `use_container_width` with `width`.

`use_container_width` will be removed after 2025-12-31.

For `use_container_width=True`, use `width='stretch'`. For `use_container_width=False`, use `width='content'`.
2026-10-08 17:40:20.477 Please replace `use_container_width` with `width`.

`use_container_width` will be removed after 2025-12-31.

For `use_container_width=True`, use `width='stretch'`. For `use_container_width=False`, use `width='content'`.
2026-10-08 17:40:20.478 Please replace `use_container_width` with `width`.

`use_container_width` will be removed after 2025-12-31.

For `use_container_width=True`, use `width='stretch'`. For `use_container_width=False`, use `width='content'`.
2026-10-08 17:40:20.479 Please replace `use_container_width` with `width`.

`use_container_width` will be removed after 2025-12-31.

For `use_container_width=True`, use `width='stretch'`. For `use_container_width=False`, use `width='content'`.
2026-10-08 17:40:20.492 Please replace `use_container_width` with `width`.

`use_container_width` will be removed after 2025-12-31.

For `use_container_width=True`, use `width='stretch'`. For `use_container_width=False`, use `width='content'`.
2026-10-08 17:40:20.493 Please replace `use_container_width` with `width`.

`use_container_width` will be removed after 2025-12-31.

For `use_container_width=True`, use `width='stretch'`. For `use_container_width=False`, use `width='content'`.
2026-10-08 17:40:20.498 Please replace `use_container_width` with `width`.

`use_container_width` will be removed after 2025-12-31.

For `use_container_width=True`, use `width='stretch'`. For `use_container_width=False`, use `width='content'`.
2026-10-08 17:40:20.503 Please replace `use_container_width` with `width`.

`use_container_width` will be removed after 2025-12-31.

For `use_container_width=True`, use `width='stretch'`. For `use_container_width=False`, use `width='content'`.
2026-10-08 17:40:20.503 Serialization of dataframe to Arrow table was unsuccessful. Applying automatic fixes for column types to make the dataframe Arrow-compatible.
Traceback (most recent call last):
  File "/workspace/scratch/42ffe4c93098/utilization9_runtime/lib/python3.14/site-packages/streamlit/dataframe_util.py", line 940, in convert_pandas_df_to_arrow_table
    return pa.Table.from_pandas(df, preserve_index=preserve_index)
           ~~~~~~~~~~~~~~~~~~~~^^^^^^^^^^^^^^^^^^^^^^^^^^^^^^^^^^^
  File "pyarrow/table.pxi", line 4768, in pyarrow.lib.Table.from_pandas
  File "/workspace/scratch/42ffe4c93098/utilization9_runtime/lib/python3.14/site-packages/pyarrow/pandas_compat.py", line 651, in dataframe_to_arrays
    arrays = [convert_column(c, f)
              ~~~~~~~~~~~~~~^^^^^^
  File "/workspace/scratch/42ffe4c93098/utilization9_runtime/lib/python3.14/site-packages/pyarrow/pandas_compat.py", line 639, in convert_column
    raise e
  File "/workspace/scratch/42ffe4c93098/utilization9_runtime/lib/python3.14/site-packages/pyarrow/pandas_compat.py", line 633, in convert_column
    result = pa.array(col, type=type_, from_pandas=True, safe=safe)
  File "pyarrow/array.pxi", line 390, in pyarrow.lib.array
    result = _ndarray_to_array(values, mask, type, c_from_pandas, safe,
  File "pyarrow/array.pxi", line 91, in pyarrow.lib._ndarray_to_array
    check_status(NdarrayToArrow(pool, values, mask, from_pandas,
  File "pyarrow/error.pxi", line 92, in pyarrow.lib.check_status
pyarrow.lib.ArrowTypeError: ("Expected bytes, got a 'bool' object", 'Conversion failed for column Value with type object')
2026-10-08 17:40:20.506 Please replace `use_container_width` with `width`.

`use_container_width` will be removed after 2025-12-31.

For `use_container_width=True`, use `width='stretch'`. For `use_container_width=False`, use `width='content'`.
2026-10-08 17:40:20.507 Please replace `use_container_width` with `width`.

`use_container_width` will be removed after 2025-12-31.

For `use_container_width=True`, use `width='stretch'`. For `use_container_width=False`, use `width='content'`.
2026-10-08 17:40:20.508 Please replace `use_container_width` with `width`.

`use_container_width` will be removed after 2025-12-31.

For `use_container_width=True`, use `width='stretch'`. For `use_container_width=False`, use `width='content'`.
2026-10-08 17:40:20.510 Please replace `use_container_width` with `width`.

`use_container_width` will be removed after 2025-12-31.

For `use_container_width=True`, use `width='stretch'`. For `use_container_width=False`, use `width='content'`.
2026-10-08 17:40:20.511 Please replace `use_container_width` with `width`.

`use_container_width` will be removed after 2025-12-31.

For `use_container_width=True`, use `width='stretch'`. For `use_container_width=False`, use `width='content'`.
2026-10-08 17:40:20.525 Please replace `use_container_width` with `width`.

`use_container_width` will be removed after 2025-12-31.

For `use_container_width=True`, use `width='stretch'`. For `use_container_width=False`, use `width='content'`.
2026-10-08 17:40:20.526 Please replace `use_container_width` with `width`.

`use_container_width` will be removed after 2025-12-31.

For `use_container_width=True`, use `width='stretch'`. For `use_container_width=False`, use `width='content'`.
2026-10-08 17:40:20.527 Please replace `use_container_width` with `width`.

`use_container_width` will be removed after 2025-12-31.

For `use_container_width=True`, use `width='stretch'`. For `use_container_width=False`, use `width='content'`.
2026-10-08 17:40:20.528 Serialization of dataframe to Arrow table was unsuccessful. Applying automatic fixes for column types to make the dataframe Arrow-compatible.
Traceback (most recent call last):
  File "/workspace/scratch/42ffe4c93098/utilization9_runtime/lib/python3.14/site-packages/streamlit/dataframe_util.py", line 940, in convert_pandas_df_to_arrow_table
    return pa.Table.from_pandas(df, preserve_index=preserve_index)
           ~~~~~~~~~~~~~~~~~~~~^^^^^^^^^^^^^^^^^^^^^^^^^^^^^^^^^^^
  File "pyarrow/table.pxi", line 4768, in pyarrow.lib.Table.from_pandas
  File "/workspace/scratch/42ffe4c93098/utilization9_runtime/lib/python3.14/site-packages/pyarrow/pandas_compat.py", line 651, in dataframe_to_arrays
    arrays = [convert_column(c, f)
              ~~~~~~~~~~~~~~^^^^^^
  File "/workspace/scratch/42ffe4c93098/utilization9_runtime/lib/python3.14/site-packages/pyarrow/pandas_compat.py", line 639, in convert_column
    raise e
  File "/workspace/scratch/42ffe4c93098/utilization9_runtime/lib/python3.14/site-packages/pyarrow/pandas_compat.py", line 633, in convert_column
    result = pa.array(col, type=type_, from_pandas=True, safe=safe)
  File "pyarrow/array.pxi", line 390, in pyarrow.lib.array
    result = _ndarray_to_array(values, mask, type, c_from_pandas, safe,
  File "pyarrow/array.pxi", line 91, in pyarrow.lib._ndarray_to_array
    check_status(NdarrayToArrow(pool, values, mask, from_pandas,
  File "pyarrow/error.pxi", line 92, in pyarrow.lib.check_status
pyarrow.lib.ArrowTypeError: ("Expected bytes, got a 'float' object", 'Conversion failed for column Value with type object')
2026-10-08 17:40:20.530 Please replace `use_container_width` with `width`.

`use_container_width` will be removed after 2025-12-31.

For `use_container_width=True`, use `width='stretch'`. For `use_container_width=False`, use `width='content'`.
2026-10-08 17:40:20.530 Serialization of dataframe to Arrow table was unsuccessful. Applying automatic fixes for column types to make the dataframe Arrow-compatible.
Traceback (most recent call last):
  File "/workspace/scratch/42ffe4c93098/utilization9_runtime/lib/python3.14/site-packages/streamlit/dataframe_util.py", line 940, in convert_pandas_df_to_arrow_table
    return pa.Table.from_pandas(df, preserve_index=preserve_index)
           ~~~~~~~~~~~~~~~~~~~~^^^^^^^^^^^^^^^^^^^^^^^^^^^^^^^^^^^
  File "pyarrow/table.pxi", line 4768, in pyarrow.lib.Table.from_pandas
  File "/workspace/scratch/42ffe4c93098/utilization9_runtime/lib/python3.14/site-packages/pyarrow/pandas_compat.py", line 651, in dataframe_to_arrays
    arrays = [convert_column(c, f)
              ~~~~~~~~~~~~~~^^^^^^
  File "/workspace/scratch/42ffe4c93098/utilization9_runtime/lib/python3.14/site-packages/pyarrow/pandas_compat.py", line 639, in convert_column
    raise e
  File "/workspace/scratch/42ffe4c93098/utilization9_runtime/lib/python3.14/site-packages/pyarrow/pandas_compat.py", line 633, in convert_column
    result = pa.array(col, type=type_, from_pandas=True, safe=safe)
  File "pyarrow/array.pxi", line 390, in pyarrow.lib.array
    result = _ndarray_to_array(values, mask, type, c_from_pandas, safe,
  File "pyarrow/array.pxi", line 91, in pyarrow.lib._ndarray_to_array
    check_status(NdarrayToArrow(pool, values, mask, from_pandas,
  File "pyarrow/error.pxi", line 92, in pyarrow.lib.check_status
pyarrow.lib.ArrowInvalid: ("Could not convert 'Wet slab/topping, barrier, wearing surface, SDL/LL, building service loads' with type str: tried to convert to double", 'Conversion failed for column w_kN/m per girder with type object')
2026-10-08 17:40:20.532 Please replace `use_container_width` with `width`.

`use_container_width` will be removed after 2025-12-31.

For `use_container_width=True`, use `width='stretch'`. For `use_container_width=False`, use `width='content'`.
2026-10-08 17:40:20.534 Please replace `use_container_width` with `width`.

`use_container_width` will be removed after 2025-12-31.

For `use_container_width=True`, use `width='stretch'`. For `use_container_width=False`, use `width='content'`.
2026-10-08 17:40:20.536 Please replace `use_container_width` with `width`.

`use_container_width` will be removed after 2025-12-31.

For `use_container_width=True`, use `width='stretch'`. For `use_container_width=False`, use `width='content'`.
2026-10-08 17:40:20.541 Please replace `use_container_width` with `width`.

`use_container_width` will be removed after 2025-12-31.

For `use_container_width=True`, use `width='stretch'`. For `use_container_width=False`, use `width='content'`.
2026-10-08 17:40:20.541 Serialization of dataframe to Arrow table was unsuccessful. Applying automatic fixes for column types to make the dataframe Arrow-compatible.
Traceback (most recent call last):
  File "/workspace/scratch/42ffe4c93098/utilization9_runtime/lib/python3.14/site-packages/streamlit/dataframe_util.py", line 940, in convert_pandas_df_to_arrow_table
    return pa.Table.from_pandas(df, preserve_index=preserve_index)
           ~~~~~~~~~~~~~~~~~~~~^^^^^^^^^^^^^^^^^^^^^^^^^^^^^^^^^^^
  File "pyarrow/table.pxi", line 4768, in pyarrow.lib.Table.from_pandas
  File "/workspace/scratch/42ffe4c93098/utilization9_runtime/lib/python3.14/site-packages/pyarrow/pandas_compat.py", line 651, in dataframe_to_arrays
    arrays = [convert_column(c, f)
              ~~~~~~~~~~~~~~^^^^^^
  File "/workspace/scratch/42ffe4c93098/utilization9_runtime/lib/python3.14/site-packages/pyarrow/pandas_compat.py", line 639, in convert_column
    raise e
  File "/workspace/scratch/42ffe4c93098/utilization9_runtime/lib/python3.14/site-packages/pyarrow/pandas_compat.py", line 633, in convert_column
    result = pa.array(col, type=type_, from_pandas=True, safe=safe)
  File "pyarrow/array.pxi", line 390, in pyarrow.lib.array
    result = _ndarray_to_array(values, mask, type, c_from_pandas, safe,
  File "pyarrow/array.pxi", line 91, in pyarrow.lib._ndarray_to_array
    check_status(NdarrayToArrow(pool, values, mask, from_pandas,
  File "pyarrow/error.pxi", line 92, in pyarrow.lib.check_status
pyarrow.lib.ArrowInvalid: ('Could not convert 0 with type int: tried to convert to boolean', 'Conversion failed for column Value with type object')
2026-10-08 17:40:20.542 Please replace `use_container_width` with `width`.

`use_container_width` will be removed after 2025-12-31.

For `use_container_width=True`, use `width='stretch'`. For `use_container_width=False`, use `width='content'`.
2026-10-08 17:40:20.547 Please replace `use_container_width` with `width`.

`use_container_width` will be removed after 2025-12-31.

For `use_container_width=True`, use `width='stretch'`. For `use_container_width=False`, use `width='content'`.
2026-10-08 17:40:21.006 Please replace `use_container_width` with `width`.

`use_container_width` will be removed after 2025-12-31.

For `use_container_width=True`, use `width='stretch'`. For `use_container_width=False`, use `width='content'`.
2026-10-08 17:40:21.007 Please replace `use_container_width` with `width`.

`use_container_width` will be removed after 2025-12-31.

For `use_container_width=True`, use `width='stretch'`. For `use_container_width=False`, use `width='content'`.
2026-10-08 17:40:21.008 Please replace `use_container_width` with `width`.

`use_container_width` will be removed after 2025-12-31.

For `use_container_width=True`, use `width='stretch'`. For `use_container_width=False`, use `width='content'`.
2026-10-08 17:40:21.261 Please replace `use_container_width` with `width`.

`use_container_width` will be removed after 2025-12-31.

For `use_container_width=True`, use `width='stretch'`. For `use_container_width=False`, use `width='content'`.
2026-10-08 17:40:21.268 Please replace `use_container_width` with `width`.

`use_container_width` will be removed after 2025-12-31.

For `use_container_width=True`, use `width='stretch'`. For `use_container_width=False`, use `width='content'`.
2026-10-08 17:40:21.274 Please replace `use_container_width` with `width`.

`use_container_width` will be removed after 2025-12-31.

For `use_container_width=True`, use `width='stretch'`. For `use_container_width=False`, use `width='content'`.
2026-10-08 17:40:21.284 Please replace `use_container_width` with `width`.

`use_container_width` will be removed after 2025-12-31.

For `use_container_width=True`, use `width='stretch'`. For `use_container_width=False`, use `width='content'`.
2026-10-08 17:40:21.295 Please replace `use_container_width` with `width`.

`use_container_width` will be removed after 2025-12-31.

For `use_container_width=True`, use `width='stretch'`. For `use_container_width=False`, use `width='content'`.
2026-10-08 17:40:21.296 Please replace `use_container_width` with `width`.

`use_container_width` will be removed after 2025-12-31.

For `use_container_width=True`, use `width='stretch'`. For `use_container_width=False`, use `width='content'`.
2026-10-08 17:40:21.297 Please replace `use_container_width` with `width`.

`use_container_width` will be removed after 2025-12-31.

For `use_container_width=True`, use `width='stretch'`. For `use_container_width=False`, use `width='content'`.
2026-10-08 17:40:21.313 Please replace `use_container_width` with `width`.

`use_container_width` will be removed after 2025-12-31.

For `use_container_width=True`, use `width='stretch'`. For `use_container_width=False`, use `width='content'`.
2026-10-08 17:40:21.314 Please replace `use_container_width` with `width`.

`use_container_width` will be removed after 2025-12-31.

For `use_container_width=True`, use `width='stretch'`. For `use_container_width=False`, use `width='content'`.
2026-10-08 17:40:21.319 Please replace `use_container_width` with `width`.

`use_container_width` will be removed after 2025-12-31.

For `use_container_width=True`, use `width='stretch'`. For `use_container_width=False`, use `width='content'`.
2026-10-08 17:40:21.324 Please replace `use_container_width` with `width`.

`use_container_width` will be removed after 2025-12-31.

For `use_container_width=True`, use `width='stretch'`. For `use_container_width=False`, use `width='content'`.
2026-10-08 17:40:21.324 Serialization of dataframe to Arrow table was unsuccessful. Applying automatic fixes for column types to make the dataframe Arrow-compatible.
Traceback (most recent call last):
  File "/workspace/scratch/42ffe4c93098/utilization9_runtime/lib/python3.14/site-packages/streamlit/dataframe_util.py", line 940, in convert_pandas_df_to_arrow_table
    return pa.Table.from_pandas(df, preserve_index=preserve_index)
           ~~~~~~~~~~~~~~~~~~~~^^^^^^^^^^^^^^^^^^^^^^^^^^^^^^^^^^^
  File "pyarrow/table.pxi", line 4768, in pyarrow.lib.Table.from_pandas
  File "/workspace/scratch/42ffe4c93098/utilization9_runtime/lib/python3.14/site-packages/pyarrow/pandas_compat.py", line 651, in dataframe_to_arrays
    arrays = [convert_column(c, f)
              ~~~~~~~~~~~~~~^^^^^^
  File "/workspace/scratch/42ffe4c93098/utilization9_runtime/lib/python3.14/site-packages/pyarrow/pandas_compat.py", line 639, in convert_column
    raise e
  File "/workspace/scratch/42ffe4c93098/utilization9_runtime/lib/python3.14/site-packages/pyarrow/pandas_compat.py", line 633, in convert_column
    result = pa.array(col, type=type_, from_pandas=True, safe=safe)
  File "pyarrow/array.pxi", line 390, in pyarrow.lib.array
    result = _ndarray_to_array(values, mask, type, c_from_pandas, safe,
  File "pyarrow/array.pxi", line 91, in pyarrow.lib._ndarray_to_array
    check_status(NdarrayToArrow(pool, values, mask, from_pandas,
  File "pyarrow/error.pxi", line 92, in pyarrow.lib.check_status
pyarrow.lib.ArrowTypeError: ("Expected bytes, got a 'bool' object", 'Conversion failed for column Value with type object')
2026-10-08 17:40:21.326 Please replace `use_container_width` with `width`.

`use_container_width` will be removed after 2025-12-31.

For `use_container_width=True`, use `width='stretch'`. For `use_container_width=False`, use `width='content'`.
2026-10-08 17:40:21.327 Please replace `use_container_width` with `width`.

`use_container_width` will be removed after 2025-12-31.

For `use_container_width=True`, use `width='stretch'`. For `use_container_width=False`, use `width='content'`.
2026-10-08 17:40:21.328 Please replace `use_container_width` with `width`.

`use_container_width` will be removed after 2025-12-31.

For `use_container_width=True`, use `width='stretch'`. For `use_container_width=False`, use `width='content'`.
2026-10-08 17:40:21.330 Please replace `use_container_width` with `width`.

`use_container_width` will be removed after 2025-12-31.

For `use_container_width=True`, use `width='stretch'`. For `use_container_width=False`, use `width='content'`.
2026-10-08 17:40:21.332 Please replace `use_container_width` with `width`.

`use_container_width` will be removed after 2025-12-31.

For `use_container_width=True`, use `width='stretch'`. For `use_container_width=False`, use `width='content'`.
2026-10-08 17:40:21.348 Please replace `use_container_width` with `width`.

`use_container_width` will be removed after 2025-12-31.

For `use_container_width=True`, use `width='stretch'`. For `use_container_width=False`, use `width='content'`.
2026-10-08 17:40:21.350 Please replace `use_container_width` with `width`.

`use_container_width` will be removed after 2025-12-31.

For `use_container_width=True`, use `width='stretch'`. For `use_container_width=False`, use `width='content'`.
2026-10-08 17:40:21.351 Please replace `use_container_width` with `width`.

`use_container_width` will be removed after 2025-12-31.

For `use_container_width=True`, use `width='stretch'`. For `use_container_width=False`, use `width='content'`.
2026-10-08 17:40:21.351 Serialization of dataframe to Arrow table was unsuccessful. Applying automatic fixes for column types to make the dataframe Arrow-compatible.
Traceback (most recent call last):
  File "/workspace/scratch/42ffe4c93098/utilization9_runtime/lib/python3.14/site-packages/streamlit/dataframe_util.py", line 940, in convert_pandas_df_to_arrow_table
    return pa.Table.from_pandas(df, preserve_index=preserve_index)
           ~~~~~~~~~~~~~~~~~~~~^^^^^^^^^^^^^^^^^^^^^^^^^^^^^^^^^^^
  File "pyarrow/table.pxi", line 4768, in pyarrow.lib.Table.from_pandas
  File "/workspace/scratch/42ffe4c93098/utilization9_runtime/lib/python3.14/site-packages/pyarrow/pandas_compat.py", line 651, in dataframe_to_arrays
    arrays = [convert_column(c, f)
              ~~~~~~~~~~~~~~^^^^^^
  File "/workspace/scratch/42ffe4c93098/utilization9_runtime/lib/python3.14/site-packages/pyarrow/pandas_compat.py", line 639, in convert_column
    raise e
  File "/workspace/scratch/42ffe4c93098/utilization9_runtime/lib/python3.14/site-packages/pyarrow/pandas_compat.py", line 633, in convert_column
    result = pa.array(col, type=type_, from_pandas=True, safe=safe)
  File "pyarrow/array.pxi", line 390, in pyarrow.lib.array
    result = _ndarray_to_array(values, mask, type, c_from_pandas, safe,
  File "pyarrow/array.pxi", line 91, in pyarrow.lib._ndarray_to_array
    check_status(NdarrayToArrow(pool, values, mask, from_pandas,
  File "pyarrow/error.pxi", line 92, in pyarrow.lib.check_status
pyarrow.lib.ArrowTypeError: ("Expected bytes, got a 'float' object", 'Conversion failed for column Value with type object')
2026-10-08 17:40:21.354 Please replace `use_container_width` with `width`.

`use_container_width` will be removed after 2025-12-31.

For `use_container_width=True`, use `width='stretch'`. For `use_container_width=False`, use `width='content'`.
2026-10-08 17:40:21.354 Serialization of dataframe to Arrow table was unsuccessful. Applying automatic fixes for column types to make the dataframe Arrow-compatible.
Traceback (most recent call last):
  File "/workspace/scratch/42ffe4c93098/utilization9_runtime/lib/python3.14/site-packages/streamlit/dataframe_util.py", line 940, in convert_pandas_df_to_arrow_table
    return pa.Table.from_pandas(df, preserve_index=preserve_index)
           ~~~~~~~~~~~~~~~~~~~~^^^^^^^^^^^^^^^^^^^^^^^^^^^^^^^^^^^
  File "pyarrow/table.pxi", line 4768, in pyarrow.lib.Table.from_pandas
  File "/workspace/scratch/42ffe4c93098/utilization9_runtime/lib/python3.14/site-packages/pyarrow/pandas_compat.py", line 651, in dataframe_to_arrays
    arrays = [convert_column(c, f)
              ~~~~~~~~~~~~~~^^^^^^
  File "/workspace/scratch/42ffe4c93098/utilization9_runtime/lib/python3.14/site-packages/pyarrow/pandas_compat.py", line 639, in convert_column
    raise e
  File "/workspace/scratch/42ffe4c93098/utilization9_runtime/lib/python3.14/site-packages/pyarrow/pandas_compat.py", line 633, in convert_column
    result = pa.array(col, type=type_, from_pandas=True, safe=safe)
  File "pyarrow/array.pxi", line 390, in pyarrow.lib.array
    result = _ndarray_to_array(values, mask, type, c_from_pandas, safe,
  File "pyarrow/array.pxi", line 91, in pyarrow.lib._ndarray_to_array
    check_status(NdarrayToArrow(pool, values, mask, from_pandas,
  File "pyarrow/error.pxi", line 92, in pyarrow.lib.check_status
pyarrow.lib.ArrowInvalid: ("Could not convert 'Wet slab/topping, barrier, wearing surface, SDL/LL, building service loads' with type str: tried to convert to double", 'Conversion failed for column w_kN/m per girder with type object')
2026-10-08 17:40:21.356 Please replace `use_container_width` with `width`.

`use_container_width` will be removed after 2025-12-31.

For `use_container_width=True`, use `width='stretch'`. For `use_container_width=False`, use `width='content'`.
2026-10-08 17:40:21.358 Please replace `use_container_width` with `width`.

`use_container_width` will be removed after 2025-12-31.

For `use_container_width=True`, use `width='stretch'`. For `use_container_width=False`, use `width='content'`.
2026-10-08 17:40:21.360 Please replace `use_container_width` with `width`.

`use_container_width` will be removed after 2025-12-31.

For `use_container_width=True`, use `width='stretch'`. For `use_container_width=False`, use `width='content'`.
2026-10-08 17:40:21.366 Please replace `use_container_width` with `width`.

`use_container_width` will be removed after 2025-12-31.

For `use_container_width=True`, use `width='stretch'`. For `use_container_width=False`, use `width='content'`.
2026-10-08 17:40:21.367 Serialization of dataframe to Arrow table was unsuccessful. Applying automatic fixes for column types to make the dataframe Arrow-compatible.
Traceback (most recent call last):
  File "/workspace/scratch/42ffe4c93098/utilization9_runtime/lib/python3.14/site-packages/streamlit/dataframe_util.py", line 940, in convert_pandas_df_to_arrow_table
    return pa.Table.from_pandas(df, preserve_index=preserve_index)
           ~~~~~~~~~~~~~~~~~~~~^^^^^^^^^^^^^^^^^^^^^^^^^^^^^^^^^^^
  File "pyarrow/table.pxi", line 4768, in pyarrow.lib.Table.from_pandas
  File "/workspace/scratch/42ffe4c93098/utilization9_runtime/lib/python3.14/site-packages/pyarrow/pandas_compat.py", line 651, in dataframe_to_arrays
    arrays = [convert_column(c, f)
              ~~~~~~~~~~~~~~^^^^^^
  File "/workspace/scratch/42ffe4c93098/utilization9_runtime/lib/python3.14/site-packages/pyarrow/pandas_compat.py", line 639, in convert_column
    raise e
  File "/workspace/scratch/42ffe4c93098/utilization9_runtime/lib/python3.14/site-packages/pyarrow/pandas_compat.py", line 633, in convert_column
    result = pa.array(col, type=type_, from_pandas=True, safe=safe)
  File "pyarrow/array.pxi", line 390, in pyarrow.lib.array
    result = _ndarray_to_array(values, mask, type, c_from_pandas, safe,
  File "pyarrow/array.pxi", line 91, in pyarrow.lib._ndarray_to_array
    check_status(NdarrayToArrow(pool, values, mask, from_pandas,
  File "pyarrow/error.pxi", line 92, in pyarrow.lib.check_status
pyarrow.lib.ArrowInvalid: ('Could not convert 0 with type int: tried to convert to boolean', 'Conversion failed for column Value with type object')
2026-10-08 17:40:21.369 Please replace `use_container_width` with `width`.

`use_container_width` will be removed after 2025-12-31.

For `use_container_width=True`, use `width='stretch'`. For `use_container_width=False`, use `width='content'`.
2026-10-08 17:40:21.373 Please replace `use_container_width` with `width`.

`use_container_width` will be removed after 2025-12-31.

For `use_container_width=True`, use `width='stretch'`. For `use_container_width=False`, use `width='content'`.
2026-10-08 17:40:21.900 Please replace `use_container_width` with `width`.

`use_container_width` will be removed after 2025-12-31.

For `use_container_width=True`, use `width='stretch'`. For `use_container_width=False`, use `width='content'`.
2026-10-08 17:40:21.902 Please replace `use_container_width` with `width`.

`use_container_width` will be removed after 2025-12-31.

For `use_container_width=True`, use `width='stretch'`. For `use_container_width=False`, use `width='content'`.
2026-10-08 17:40:21.902 Please replace `use_container_width` with `width`.

`use_container_width` will be removed after 2025-12-31.

For `use_container_width=True`, use `width='stretch'`. For `use_container_width=False`, use `width='content'`.
2026-10-08 17:40:22.155 Please replace `use_container_width` with `width`.

`use_container_width` will be removed after 2025-12-31.

For `use_container_width=True`, use `width='stretch'`. For `use_container_width=False`, use `width='content'`.
2026-10-08 17:40:22.162 Please replace `use_container_width` with `width`.

`use_container_width` will be removed after 2025-12-31.

For `use_container_width=True`, use `width='stretch'`. For `use_container_width=False`, use `width='content'`.
2026-10-08 17:40:22.168 Please replace `use_container_width` with `width`.

`use_container_width` will be removed after 2025-12-31.

For `use_container_width=True`, use `width='stretch'`. For `use_container_width=False`, use `width='content'`.
2026-10-08 17:40:22.177 Please replace `use_container_width` with `width`.

`use_container_width` will be removed after 2025-12-31.

For `use_container_width=True`, use `width='stretch'`. For `use_container_width=False`, use `width='content'`.
2026-10-08 17:40:22.291 Please replace `use_container_width` with `width`.

`use_container_width` will be removed after 2025-12-31.

For `use_container_width=True`, use `width='stretch'`. For `use_container_width=False`, use `width='content'`.
2026-10-08 17:40:22.292 Please replace `use_container_width` with `width`.

`use_container_width` will be removed after 2025-12-31.

For `use_container_width=True`, use `width='stretch'`. For `use_container_width=False`, use `width='content'`.
2026-10-08 17:40:22.294 Please replace `use_container_width` with `width`.

`use_container_width` will be removed after 2025-12-31.

For `use_container_width=True`, use `width='stretch'`. For `use_container_width=False`, use `width='content'`.
2026-10-08 17:40:22.307 Please replace `use_container_width` with `width`.

`use_container_width` will be removed after 2025-12-31.

For `use_container_width=True`, use `width='stretch'`. For `use_container_width=False`, use `width='content'`.
2026-10-08 17:40:22.308 Please replace `use_container_width` with `width`.

`use_container_width` will be removed after 2025-12-31.

For `use_container_width=True`, use `width='stretch'`. For `use_container_width=False`, use `width='content'`.
2026-10-08 17:40:22.312 Please replace `use_container_width` with `width`.

`use_container_width` will be removed after 2025-12-31.

For `use_container_width=True`, use `width='stretch'`. For `use_container_width=False`, use `width='content'`.
2026-10-08 17:40:22.316 Please replace `use_container_width` with `width`.

`use_container_width` will be removed after 2025-12-31.

For `use_container_width=True`, use `width='stretch'`. For `use_container_width=False`, use `width='content'`.
2026-10-08 17:40:22.317 Serialization of dataframe to Arrow table was unsuccessful. Applying automatic fixes for column types to make the dataframe Arrow-compatible.
Traceback (most recent call last):
  File "/workspace/scratch/42ffe4c93098/utilization9_runtime/lib/python3.14/site-packages/streamlit/dataframe_util.py", line 940, in convert_pandas_df_to_arrow_table
    return pa.Table.from_pandas(df, preserve_index=preserve_index)
           ~~~~~~~~~~~~~~~~~~~~^^^^^^^^^^^^^^^^^^^^^^^^^^^^^^^^^^^
  File "pyarrow/table.pxi", line 4768, in pyarrow.lib.Table.from_pandas
  File "/workspace/scratch/42ffe4c93098/utilization9_runtime/lib/python3.14/site-packages/pyarrow/pandas_compat.py", line 651, in dataframe_to_arrays
    arrays = [convert_column(c, f)
              ~~~~~~~~~~~~~~^^^^^^
  File "/workspace/scratch/42ffe4c93098/utilization9_runtime/lib/python3.14/site-packages/pyarrow/pandas_compat.py", line 639, in convert_column
    raise e
  File "/workspace/scratch/42ffe4c93098/utilization9_runtime/lib/python3.14/site-packages/pyarrow/pandas_compat.py", line 633, in convert_column
    result = pa.array(col, type=type_, from_pandas=True, safe=safe)
  File "pyarrow/array.pxi", line 390, in pyarrow.lib.array
    result = _ndarray_to_array(values, mask, type, c_from_pandas, safe,
  File "pyarrow/array.pxi", line 91, in pyarrow.lib._ndarray_to_array
    check_status(NdarrayToArrow(pool, values, mask, from_pandas,
  File "pyarrow/error.pxi", line 92, in pyarrow.lib.check_status
pyarrow.lib.ArrowTypeError: ("Expected bytes, got a 'bool' object", 'Conversion failed for column Value with type object')
2026-10-08 17:40:22.319 Please replace `use_container_width` with `width`.

`use_container_width` will be removed after 2025-12-31.

For `use_container_width=True`, use `width='stretch'`. For `use_container_width=False`, use `width='content'`.
2026-10-08 17:40:22.320 Please replace `use_container_width` with `width`.

`use_container_width` will be removed after 2025-12-31.

For `use_container_width=True`, use `width='stretch'`. For `use_container_width=False`, use `width='content'`.
2026-10-08 17:40:22.321 Please replace `use_container_width` with `width`.

`use_container_width` will be removed after 2025-12-31.

For `use_container_width=True`, use `width='stretch'`. For `use_container_width=False`, use `width='content'`.
2026-10-08 17:40:22.322 Please replace `use_container_width` with `width`.

`use_container_width` will be removed after 2025-12-31.

For `use_container_width=True`, use `width='stretch'`. For `use_container_width=False`, use `width='content'`.
2026-10-08 17:40:22.324 Please replace `use_container_width` with `width`.

`use_container_width` will be removed after 2025-12-31.

For `use_container_width=True`, use `width='stretch'`. For `use_container_width=False`, use `width='content'`.
2026-10-08 17:40:22.335 Please replace `use_container_width` with `width`.

`use_container_width` will be removed after 2025-12-31.

For `use_container_width=True`, use `width='stretch'`. For `use_container_width=False`, use `width='content'`.
2026-10-08 17:40:22.337 Please replace `use_container_width` with `width`.

`use_container_width` will be removed after 2025-12-31.

For `use_container_width=True`, use `width='stretch'`. For `use_container_width=False`, use `width='content'`.
2026-10-08 17:40:22.338 Please replace `use_container_width` with `width`.

`use_container_width` will be removed after 2025-12-31.

For `use_container_width=True`, use `width='stretch'`. For `use_container_width=False`, use `width='content'`.
2026-10-08 17:40:22.338 Serialization of dataframe to Arrow table was unsuccessful. Applying automatic fixes for column types to make the dataframe Arrow-compatible.
Traceback (most recent call last):
  File "/workspace/scratch/42ffe4c93098/utilization9_runtime/lib/python3.14/site-packages/streamlit/dataframe_util.py", line 940, in convert_pandas_df_to_arrow_table
    return pa.Table.from_pandas(df, preserve_index=preserve_index)
           ~~~~~~~~~~~~~~~~~~~~^^^^^^^^^^^^^^^^^^^^^^^^^^^^^^^^^^^
  File "pyarrow/table.pxi", line 4768, in pyarrow.lib.Table.from_pandas
  File "/workspace/scratch/42ffe4c93098/utilization9_runtime/lib/python3.14/site-packages/pyarrow/pandas_compat.py", line 651, in dataframe_to_arrays
    arrays = [convert_column(c, f)
              ~~~~~~~~~~~~~~^^^^^^
  File "/workspace/scratch/42ffe4c93098/utilization9_runtime/lib/python3.14/site-packages/pyarrow/pandas_compat.py", line 639, in convert_column
    raise e
  File "/workspace/scratch/42ffe4c93098/utilization9_runtime/lib/python3.14/site-packages/pyarrow/pandas_compat.py", line 633, in convert_column
    result = pa.array(col, type=type_, from_pandas=True, safe=safe)
  File "pyarrow/array.pxi", line 390, in pyarrow.lib.array
    result = _ndarray_to_array(values, mask, type, c_from_pandas, safe,
  File "pyarrow/array.pxi", line 91, in pyarrow.lib._ndarray_to_array
    check_status(NdarrayToArrow(pool, values, mask, from_pandas,
  File "pyarrow/error.pxi", line 92, in pyarrow.lib.check_status
pyarrow.lib.ArrowTypeError: ("Expected bytes, got a 'float' object", 'Conversion failed for column Value with type object')
2026-10-08 17:40:22.340 Please replace `use_container_width` with `width`.

`use_container_width` will be removed after 2025-12-31.

For `use_container_width=True`, use `width='stretch'`. For `use_container_width=False`, use `width='content'`.
2026-10-08 17:40:22.340 Serialization of dataframe to Arrow table was unsuccessful. Applying automatic fixes for column types to make the dataframe Arrow-compatible.
Traceback (most recent call last):
  File "/workspace/scratch/42ffe4c93098/utilization9_runtime/lib/python3.14/site-packages/streamlit/dataframe_util.py", line 940, in convert_pandas_df_to_arrow_table
    return pa.Table.from_pandas(df, preserve_index=preserve_index)
           ~~~~~~~~~~~~~~~~~~~~^^^^^^^^^^^^^^^^^^^^^^^^^^^^^^^^^^^
  File "pyarrow/table.pxi", line 4768, in pyarrow.lib.Table.from_pandas
  File "/workspace/scratch/42ffe4c93098/utilization9_runtime/lib/python3.14/site-packages/pyarrow/pandas_compat.py", line 651, in dataframe_to_arrays
    arrays = [convert_column(c, f)
              ~~~~~~~~~~~~~~^^^^^^
  File "/workspace/scratch/42ffe4c93098/utilization9_runtime/lib/python3.14/site-packages/pyarrow/pandas_compat.py", line 639, in convert_column
    raise e
  File "/workspace/scratch/42ffe4c93098/utilization9_runtime/lib/python3.14/site-packages/pyarrow/pandas_compat.py", line 633, in convert_column
    result = pa.array(col, type=type_, from_pandas=True, safe=safe)
  File "pyarrow/array.pxi", line 390, in pyarrow.lib.array
    result = _ndarray_to_array(values, mask, type, c_from_pandas, safe,
  File "pyarrow/array.pxi", line 91, in pyarrow.lib._ndarray_to_array
    check_status(NdarrayToArrow(pool, values, mask, from_pandas,
  File "pyarrow/error.pxi", line 92, in pyarrow.lib.check_status
pyarrow.lib.ArrowInvalid: ("Could not convert 'Wet slab/topping, barrier, wearing surface, SDL/LL, building service loads' with type str: tried to convert to double", 'Conversion failed for column w_kN/m per girder with type object')
2026-10-08 17:40:22.342 Please replace `use_container_width` with `width`.

`use_container_width` will be removed after 2025-12-31.

For `use_container_width=True`, use `width='stretch'`. For `use_container_width=False`, use `width='content'`.
2026-10-08 17:40:22.345 Please replace `use_container_width` with `width`.

`use_container_width` will be removed after 2025-12-31.

For `use_container_width=True`, use `width='stretch'`. For `use_container_width=False`, use `width='content'`.
2026-10-08 17:40:22.347 Please replace `use_container_width` with `width`.

`use_container_width` will be removed after 2025-12-31.

For `use_container_width=True`, use `width='stretch'`. For `use_container_width=False`, use `width='content'`.
2026-10-08 17:40:22.352 Please replace `use_container_width` with `width`.

`use_container_width` will be removed after 2025-12-31.

For `use_container_width=True`, use `width='stretch'`. For `use_container_width=False`, use `width='content'`.
2026-10-08 17:40:22.353 Serialization of dataframe to Arrow table was unsuccessful. Applying automatic fixes for column types to make the dataframe Arrow-compatible.
Traceback (most recent call last):
  File "/workspace/scratch/42ffe4c93098/utilization9_runtime/lib/python3.14/site-packages/streamlit/dataframe_util.py", line 940, in convert_pandas_df_to_arrow_table
    return pa.Table.from_pandas(df, preserve_index=preserve_index)
           ~~~~~~~~~~~~~~~~~~~~^^^^^^^^^^^^^^^^^^^^^^^^^^^^^^^^^^^
  File "pyarrow/table.pxi", line 4768, in pyarrow.lib.Table.from_pandas
  File "/workspace/scratch/42ffe4c93098/utilization9_runtime/lib/python3.14/site-packages/pyarrow/pandas_compat.py", line 651, in dataframe_to_arrays
    arrays = [convert_column(c, f)
              ~~~~~~~~~~~~~~^^^^^^
  File "/workspace/scratch/42ffe4c93098/utilization9_runtime/lib/python3.14/site-packages/pyarrow/pandas_compat.py", line 639, in convert_column
    raise e
  File "/workspace/scratch/42ffe4c93098/utilization9_runtime/lib/python3.14/site-packages/pyarrow/pandas_compat.py", line 633, in convert_column
    result = pa.array(col, type=type_, from_pandas=True, safe=safe)
  File "pyarrow/array.pxi", line 390, in pyarrow.lib.array
    result = _ndarray_to_array(values, mask, type, c_from_pandas, safe,
  File "pyarrow/array.pxi", line 91, in pyarrow.lib._ndarray_to_array
    check_status(NdarrayToArrow(pool, values, mask, from_pandas,
  File "pyarrow/error.pxi", line 92, in pyarrow.lib.check_status
pyarrow.lib.ArrowInvalid: ('Could not convert 0 with type int: tried to convert to boolean', 'Conversion failed for column Value with type object')
2026-10-08 17:40:22.354 Please replace `use_container_width` with `width`.

`use_container_width` will be removed after 2025-12-31.

For `use_container_width=True`, use `width='stretch'`. For `use_container_width=False`, use `width='content'`.
2026-10-08 17:40:22.358 Please replace `use_container_width` with `width`.

`use_container_width` will be removed after 2025-12-31.

For `use_container_width=True`, use `width='stretch'`. For `use_container_width=False`, use `width='content'`.
2026-10-08 17:40:22.786 Please replace `use_container_width` with `width`.

`use_container_width` will be removed after 2025-12-31.

For `use_container_width=True`, use `width='stretch'`. For `use_container_width=False`, use `width='content'`.
2026-10-08 17:40:22.787 Please replace `use_container_width` with `width`.

`use_container_width` will be removed after 2025-12-31.

For `use_container_width=True`, use `width='stretch'`. For `use_container_width=False`, use `width='content'`.
2026-10-08 17:40:22.788 Please replace `use_container_width` with `width`.

`use_container_width` will be removed after 2025-12-31.

For `use_container_width=True`, use `width='stretch'`. For `use_container_width=False`, use `width='content'`.
2026-10-08 17:40:23.094 Please replace `use_container_width` with `width`.

`use_container_width` will be removed after 2025-12-31.

For `use_container_width=True`, use `width='stretch'`. For `use_container_width=False`, use `width='content'`.
2026-10-08 17:40:23.104 Please replace `use_container_width` with `width`.

`use_container_width` will be removed after 2025-12-31.

For `use_container_width=True`, use `width='stretch'`. For `use_container_width=False`, use `width='content'`.
2026-10-08 17:40:23.110 Please replace `use_container_width` with `width`.

`use_container_width` will be removed after 2025-12-31.

For `use_container_width=True`, use `width='stretch'`. For `use_container_width=False`, use `width='content'`.
2026-10-08 17:40:23.128 Please replace `use_container_width` with `width`.

`use_container_width` will be removed after 2025-12-31.

For `use_container_width=True`, use `width='stretch'`. For `use_container_width=False`, use `width='content'`.
2026-10-08 17:40:23.129 Please replace `use_container_width` with `width`.

`use_container_width` will be removed after 2025-12-31.

For `use_container_width=True`, use `width='stretch'`. For `use_container_width=False`, use `width='content'`.
2026-10-08 17:40:23.130 Please replace `use_container_width` with `width`.

`use_container_width` will be removed after 2025-12-31.

For `use_container_width=True`, use `width='stretch'`. For `use_container_width=False`, use `width='content'`.
2026-10-08 17:40:23.145 Please replace `use_container_width` with `width`.

`use_container_width` will be removed after 2025-12-31.

For `use_container_width=True`, use `width='stretch'`. For `use_container_width=False`, use `width='content'`.
2026-10-08 17:40:23.146 Please replace `use_container_width` with `width`.

`use_container_width` will be removed after 2025-12-31.

For `use_container_width=True`, use `width='stretch'`. For `use_container_width=False`, use `width='content'`.
2026-10-08 17:40:23.151 Please replace `use_container_width` with `width`.

`use_container_width` will be removed after 2025-12-31.

For `use_container_width=True`, use `width='stretch'`. For `use_container_width=False`, use `width='content'`.
2026-10-08 17:40:23.156 Please replace `use_container_width` with `width`.

`use_container_width` will be removed after 2025-12-31.

For `use_container_width=True`, use `width='stretch'`. For `use_container_width=False`, use `width='content'`.
2026-10-08 17:40:23.156 Serialization of dataframe to Arrow table was unsuccessful. Applying automatic fixes for column types to make the dataframe Arrow-compatible.
Traceback (most recent call last):
  File "/workspace/scratch/42ffe4c93098/utilization9_runtime/lib/python3.14/site-packages/streamlit/dataframe_util.py", line 940, in convert_pandas_df_to_arrow_table
    return pa.Table.from_pandas(df, preserve_index=preserve_index)
           ~~~~~~~~~~~~~~~~~~~~^^^^^^^^^^^^^^^^^^^^^^^^^^^^^^^^^^^
  File "pyarrow/table.pxi", line 4768, in pyarrow.lib.Table.from_pandas
  File "/workspace/scratch/42ffe4c93098/utilization9_runtime/lib/python3.14/site-packages/pyarrow/pandas_compat.py", line 651, in dataframe_to_arrays
    arrays = [convert_column(c, f)
              ~~~~~~~~~~~~~~^^^^^^
  File "/workspace/scratch/42ffe4c93098/utilization9_runtime/lib/python3.14/site-packages/pyarrow/pandas_compat.py", line 639, in convert_column
    raise e
  File "/workspace/scratch/42ffe4c93098/utilization9_runtime/lib/python3.14/site-packages/pyarrow/pandas_compat.py", line 633, in convert_column
    result = pa.array(col, type=type_, from_pandas=True, safe=safe)
  File "pyarrow/array.pxi", line 390, in pyarrow.lib.array
    result = _ndarray_to_array(values, mask, type, c_from_pandas, safe,
  File "pyarrow/array.pxi", line 91, in pyarrow.lib._ndarray_to_array
    check_status(NdarrayToArrow(pool, values, mask, from_pandas,
  File "pyarrow/error.pxi", line 92, in pyarrow.lib.check_status
pyarrow.lib.ArrowTypeError: ("Expected bytes, got a 'bool' object", 'Conversion failed for column Value with type object')
2026-10-08 17:40:23.159 Please replace `use_container_width` with `width`.

`use_container_width` will be removed after 2025-12-31.

For `use_container_width=True`, use `width='stretch'`. For `use_container_width=False`, use `width='content'`.
2026-10-08 17:40:23.160 Please replace `use_container_width` with `width`.

`use_container_width` will be removed after 2025-12-31.

For `use_container_width=True`, use `width='stretch'`. For `use_container_width=False`, use `width='content'`.
2026-10-08 17:40:23.161 Please replace `use_container_width` with `width`.

`use_container_width` will be removed after 2025-12-31.

For `use_container_width=True`, use `width='stretch'`. For `use_container_width=False`, use `width='content'`.
2026-10-08 17:40:23.163 Please replace `use_container_width` with `width`.

`use_container_width` will be removed after 2025-12-31.

For `use_container_width=True`, use `width='stretch'`. For `use_container_width=False`, use `width='content'`.
2026-10-08 17:40:23.164 Please replace `use_container_width` with `width`.

`use_container_width` will be removed after 2025-12-31.

For `use_container_width=True`, use `width='stretch'`. For `use_container_width=False`, use `width='content'`.
2026-10-08 17:40:23.180 Please replace `use_container_width` with `width`.

`use_container_width` will be removed after 2025-12-31.

For `use_container_width=True`, use `width='stretch'`. For `use_container_width=False`, use `width='content'`.
2026-10-08 17:40:23.183 Please replace `use_container_width` with `width`.

`use_container_width` will be removed after 2025-12-31.

For `use_container_width=True`, use `width='stretch'`. For `use_container_width=False`, use `width='content'`.
2026-10-08 17:40:23.184 Please replace `use_container_width` with `width`.

`use_container_width` will be removed after 2025-12-31.

For `use_container_width=True`, use `width='stretch'`. For `use_container_width=False`, use `width='content'`.
2026-10-08 17:40:23.184 Serialization of dataframe to Arrow table was unsuccessful. Applying automatic fixes for column types to make the dataframe Arrow-compatible.
Traceback (most recent call last):
  File "/workspace/scratch/42ffe4c93098/utilization9_runtime/lib/python3.14/site-packages/streamlit/dataframe_util.py", line 940, in convert_pandas_df_to_arrow_table
    return pa.Table.from_pandas(df, preserve_index=preserve_index)
           ~~~~~~~~~~~~~~~~~~~~^^^^^^^^^^^^^^^^^^^^^^^^^^^^^^^^^^^
  File "pyarrow/table.pxi", line 4768, in pyarrow.lib.Table.from_pandas
  File "/workspace/scratch/42ffe4c93098/utilization9_runtime/lib/python3.14/site-packages/pyarrow/pandas_compat.py", line 651, in dataframe_to_arrays
    arrays = [convert_column(c, f)
              ~~~~~~~~~~~~~~^^^^^^
  File "/workspace/scratch/42ffe4c93098/utilization9_runtime/lib/python3.14/site-packages/pyarrow/pandas_compat.py", line 639, in convert_column
    raise e
  File "/workspace/scratch/42ffe4c93098/utilization9_runtime/lib/python3.14/site-packages/pyarrow/pandas_compat.py", line 633, in convert_column
    result = pa.array(col, type=type_, from_pandas=True, safe=safe)
  File "pyarrow/array.pxi", line 390, in pyarrow.lib.array
    result = _ndarray_to_array(values, mask, type, c_from_pandas, safe,
  File "pyarrow/array.pxi", line 91, in pyarrow.lib._ndarray_to_array
    check_status(NdarrayToArrow(pool, values, mask, from_pandas,
  File "pyarrow/error.pxi", line 92, in pyarrow.lib.check_status
pyarrow.lib.ArrowTypeError: ("Expected bytes, got a 'float' object", 'Conversion failed for column Value with type object')
2026-10-08 17:40:23.187 Please replace `use_container_width` with `width`.

`use_container_width` will be removed after 2025-12-31.

For `use_container_width=True`, use `width='stretch'`. For `use_container_width=False`, use `width='content'`.
2026-10-08 17:40:23.187 Serialization of dataframe to Arrow table was unsuccessful. Applying automatic fixes for column types to make the dataframe Arrow-compatible.
Traceback (most recent call last):
  File "/workspace/scratch/42ffe4c93098/utilization9_runtime/lib/python3.14/site-packages/streamlit/dataframe_util.py", line 940, in convert_pandas_df_to_arrow_table
    return pa.Table.from_pandas(df, preserve_index=preserve_index)
           ~~~~~~~~~~~~~~~~~~~~^^^^^^^^^^^^^^^^^^^^^^^^^^^^^^^^^^^
  File "pyarrow/table.pxi", line 4768, in pyarrow.lib.Table.from_pandas
  File "/workspace/scratch/42ffe4c93098/utilization9_runtime/lib/python3.14/site-packages/pyarrow/pandas_compat.py", line 651, in dataframe_to_arrays
    arrays = [convert_column(c, f)
              ~~~~~~~~~~~~~~^^^^^^
  File "/workspace/scratch/42ffe4c93098/utilization9_runtime/lib/python3.14/site-packages/pyarrow/pandas_compat.py", line 639, in convert_column
    raise e
  File "/workspace/scratch/42ffe4c93098/utilization9_runtime/lib/python3.14/site-packages/pyarrow/pandas_compat.py", line 633, in convert_column
    result = pa.array(col, type=type_, from_pandas=True, safe=safe)
  File "pyarrow/array.pxi", line 390, in pyarrow.lib.array
    result = _ndarray_to_array(values, mask, type, c_from_pandas, safe,
  File "pyarrow/array.pxi", line 91, in pyarrow.lib._ndarray_to_array
    check_status(NdarrayToArrow(pool, values, mask, from_pandas,
  File "pyarrow/error.pxi", line 92, in pyarrow.lib.check_status
pyarrow.lib.ArrowInvalid: ("Could not convert 'Wet slab/topping, barrier, wearing surface, SDL/LL, building service loads' with type str: tried to convert to double", 'Conversion failed for column w_kN/m per girder with type object')
2026-10-08 17:40:23.189 Please replace `use_container_width` with `width`.

`use_container_width` will be removed after 2025-12-31.

For `use_container_width=True`, use `width='stretch'`. For `use_container_width=False`, use `width='content'`.
2026-10-08 17:40:23.192 Please replace `use_container_width` with `width`.

`use_container_width` will be removed after 2025-12-31.

For `use_container_width=True`, use `width='stretch'`. For `use_container_width=False`, use `width='content'`.
2026-10-08 17:40:23.193 Please replace `use_container_width` with `width`.

`use_container_width` will be removed after 2025-12-31.

For `use_container_width=True`, use `width='stretch'`. For `use_container_width=False`, use `width='content'`.
2026-10-08 17:40:23.199 Please replace `use_container_width` with `width`.

`use_container_width` will be removed after 2025-12-31.

For `use_container_width=True`, use `width='stretch'`. For `use_container_width=False`, use `width='content'`.
2026-10-08 17:40:23.200 Serialization of dataframe to Arrow table was unsuccessful. Applying automatic fixes for column types to make the dataframe Arrow-compatible.
Traceback (most recent call last):
  File "/workspace/scratch/42ffe4c93098/utilization9_runtime/lib/python3.14/site-packages/streamlit/dataframe_util.py", line 940, in convert_pandas_df_to_arrow_table
    return pa.Table.from_pandas(df, preserve_index=preserve_index)
           ~~~~~~~~~~~~~~~~~~~~^^^^^^^^^^^^^^^^^^^^^^^^^^^^^^^^^^^
  File "pyarrow/table.pxi", line 4768, in pyarrow.lib.Table.from_pandas
  File "/workspace/scratch/42ffe4c93098/utilization9_runtime/lib/python3.14/site-packages/pyarrow/pandas_compat.py", line 651, in dataframe_to_arrays
    arrays = [convert_column(c, f)
              ~~~~~~~~~~~~~~^^^^^^
  File "/workspace/scratch/42ffe4c93098/utilization9_runtime/lib/python3.14/site-packages/pyarrow/pandas_compat.py", line 639, in convert_column
    raise e
  File "/workspace/scratch/42ffe4c93098/utilization9_runtime/lib/python3.14/site-packages/pyarrow/pandas_compat.py", line 633, in convert_column
    result = pa.array(col, type=type_, from_pandas=True, safe=safe)
  File "pyarrow/array.pxi", line 390, in pyarrow.lib.array
    result = _ndarray_to_array(values, mask, type, c_from_pandas, safe,
  File "pyarrow/array.pxi", line 91, in pyarrow.lib._ndarray_to_array
    check_status(NdarrayToArrow(pool, values, mask, from_pandas,
  File "pyarrow/error.pxi", line 92, in pyarrow.lib.check_status
pyarrow.lib.ArrowInvalid: ('Could not convert 0 with type int: tried to convert to boolean', 'Conversion failed for column Value with type object')
2026-10-08 17:40:23.201 Please replace `use_container_width` with `width`.

`use_container_width` will be removed after 2025-12-31.

For `use_container_width=True`, use `width='stretch'`. For `use_container_width=False`, use `width='content'`.
2026-10-08 17:40:23.206 Please replace `use_container_width` with `width`.

`use_container_width` will be removed after 2025-12-31.

For `use_container_width=True`, use `width='stretch'`. For `use_container_width=False`, use `width='content'`.
2026-10-08 17:40:23.579 Please replace `use_container_width` with `width`.

`use_container_width` will be removed after 2025-12-31.

For `use_container_width=True`, use `width='stretch'`. For `use_container_width=False`, use `width='content'`.
2026-10-08 17:40:23.581 Please replace `use_container_width` with `width`.

`use_container_width` will be removed after 2025-12-31.

For `use_container_width=True`, use `width='stretch'`. For `use_container_width=False`, use `width='content'`.
2026-10-08 17:40:23.582 Please replace `use_container_width` with `width`.

`use_container_width` will be removed after 2025-12-31.

For `use_container_width=True`, use `width='stretch'`. For `use_container_width=False`, use `width='content'`.
2026-10-08 17:40:23.813 Please replace `use_container_width` with `width`.

`use_container_width` will be removed after 2025-12-31.

For `use_container_width=True`, use `width='stretch'`. For `use_container_width=False`, use `width='content'`.
2026-10-08 17:40:23.820 Please replace `use_container_width` with `width`.

`use_container_width` will be removed after 2025-12-31.

For `use_container_width=True`, use `width='stretch'`. For `use_container_width=False`, use `width='content'`.
2026-10-08 17:40:23.825 Please replace `use_container_width` with `width`.

`use_container_width` will be removed after 2025-12-31.

For `use_container_width=True`, use `width='stretch'`. For `use_container_width=False`, use `width='content'`.
2026-10-08 17:40:23.850 Please replace `use_container_width` with `width`.

`use_container_width` will be removed after 2025-12-31.

For `use_container_width=True`, use `width='stretch'`. For `use_container_width=False`, use `width='content'`.
2026-10-08 17:40:23.851 Please replace `use_container_width` with `width`.

`use_container_width` will be removed after 2025-12-31.

For `use_container_width=True`, use `width='stretch'`. For `use_container_width=False`, use `width='content'`.
2026-10-08 17:40:23.853 Please replace `use_container_width` with `width`.

`use_container_width` will be removed after 2025-12-31.

For `use_container_width=True`, use `width='stretch'`. For `use_container_width=False`, use `width='content'`.
2026-10-08 17:40:23.876 Please replace `use_container_width` with `width`.

`use_container_width` will be removed after 2025-12-31.

For `use_container_width=True`, use `width='stretch'`. For `use_container_width=False`, use `width='content'`.
2026-10-08 17:40:23.878 Please replace `use_container_width` with `width`.

`use_container_width` will be removed after 2025-12-31.

For `use_container_width=True`, use `width='stretch'`. For `use_container_width=False`, use `width='content'`.
2026-10-08 17:40:23.883 Please replace `use_container_width` with `width`.

`use_container_width` will be removed after 2025-12-31.

For `use_container_width=True`, use `width='stretch'`. For `use_container_width=False`, use `width='content'`.
2026-10-08 17:40:23.888 Please replace `use_container_width` with `width`.

`use_container_width` will be removed after 2025-12-31.

For `use_container_width=True`, use `width='stretch'`. For `use_container_width=False`, use `width='content'`.
2026-10-08 17:40:23.888 Serialization of dataframe to Arrow table was unsuccessful. Applying automatic fixes for column types to make the dataframe Arrow-compatible.
Traceback (most recent call last):
  File "/workspace/scratch/42ffe4c93098/utilization9_runtime/lib/python3.14/site-packages/streamlit/dataframe_util.py", line 940, in convert_pandas_df_to_arrow_table
    return pa.Table.from_pandas(df, preserve_index=preserve_index)
           ~~~~~~~~~~~~~~~~~~~~^^^^^^^^^^^^^^^^^^^^^^^^^^^^^^^^^^^
  File "pyarrow/table.pxi", line 4768, in pyarrow.lib.Table.from_pandas
  File "/workspace/scratch/42ffe4c93098/utilization9_runtime/lib/python3.14/site-packages/pyarrow/pandas_compat.py", line 651, in dataframe_to_arrays
    arrays = [convert_column(c, f)
              ~~~~~~~~~~~~~~^^^^^^
  File "/workspace/scratch/42ffe4c93098/utilization9_runtime/lib/python3.14/site-packages/pyarrow/pandas_compat.py", line 639, in convert_column
    raise e
  File "/workspace/scratch/42ffe4c93098/utilization9_runtime/lib/python3.14/site-packages/pyarrow/pandas_compat.py", line 633, in convert_column
    result = pa.array(col, type=type_, from_pandas=True, safe=safe)
  File "pyarrow/array.pxi", line 390, in pyarrow.lib.array
    result = _ndarray_to_array(values, mask, type, c_from_pandas, safe,
  File "pyarrow/array.pxi", line 91, in pyarrow.lib._ndarray_to_array
    check_status(NdarrayToArrow(pool, values, mask, from_pandas,
  File "pyarrow/error.pxi", line 92, in pyarrow.lib.check_status
pyarrow.lib.ArrowTypeError: ("Expected bytes, got a 'bool' object", 'Conversion failed for column Value with type object')
2026-10-08 17:40:23.891 Please replace `use_container_width` with `width`.

`use_container_width` will be removed after 2025-12-31.

For `use_container_width=True`, use `width='stretch'`. For `use_container_width=False`, use `width='content'`.
2026-10-08 17:40:23.892 Please replace `use_container_width` with `width`.

`use_container_width` will be removed after 2025-12-31.

For `use_container_width=True`, use `width='stretch'`. For `use_container_width=False`, use `width='content'`.
2026-10-08 17:40:23.893 Please replace `use_container_width` with `width`.

`use_container_width` will be removed after 2025-12-31.

For `use_container_width=True`, use `width='stretch'`. For `use_container_width=False`, use `width='content'`.
2026-10-08 17:40:23.895 Please replace `use_container_width` with `width`.

`use_container_width` will be removed after 2025-12-31.

For `use_container_width=True`, use `width='stretch'`. For `use_container_width=False`, use `width='content'`.
2026-10-08 17:40:23.896 Please replace `use_container_width` with `width`.

`use_container_width` will be removed after 2025-12-31.

For `use_container_width=True`, use `width='stretch'`. For `use_container_width=False`, use `width='content'`.
2026-10-08 17:40:23.914 Please replace `use_container_width` with `width`.

`use_container_width` will be removed after 2025-12-31.

For `use_container_width=True`, use `width='stretch'`. For `use_container_width=False`, use `width='content'`.
2026-10-08 17:40:23.916 Please replace `use_container_width` with `width`.

`use_container_width` will be removed after 2025-12-31.

For `use_container_width=True`, use `width='stretch'`. For `use_container_width=False`, use `width='content'`.
2026-10-08 17:40:23.917 Please replace `use_container_width` with `width`.

`use_container_width` will be removed after 2025-12-31.

For `use_container_width=True`, use `width='stretch'`. For `use_container_width=False`, use `width='content'`.
2026-10-08 17:40:23.917 Serialization of dataframe to Arrow table was unsuccessful. Applying automatic fixes for column types to make the dataframe Arrow-compatible.
Traceback (most recent call last):
  File "/workspace/scratch/42ffe4c93098/utilization9_runtime/lib/python3.14/site-packages/streamlit/dataframe_util.py", line 940, in convert_pandas_df_to_arrow_table
    return pa.Table.from_pandas(df, preserve_index=preserve_index)
           ~~~~~~~~~~~~~~~~~~~~^^^^^^^^^^^^^^^^^^^^^^^^^^^^^^^^^^^
  File "pyarrow/table.pxi", line 4768, in pyarrow.lib.Table.from_pandas
  File "/workspace/scratch/42ffe4c93098/utilization9_runtime/lib/python3.14/site-packages/pyarrow/pandas_compat.py", line 651, in dataframe_to_arrays
    arrays = [convert_column(c, f)
              ~~~~~~~~~~~~~~^^^^^^
  File "/workspace/scratch/42ffe4c93098/utilization9_runtime/lib/python3.14/site-packages/pyarrow/pandas_compat.py", line 639, in convert_column
    raise e
  File "/workspace/scratch/42ffe4c93098/utilization9_runtime/lib/python3.14/site-packages/pyarrow/pandas_compat.py", line 633, in convert_column
    result = pa.array(col, type=type_, from_pandas=True, safe=safe)
  File "pyarrow/array.pxi", line 390, in pyarrow.lib.array
    result = _ndarray_to_array(values, mask, type, c_from_pandas, safe,
  File "pyarrow/array.pxi", line 91, in pyarrow.lib._ndarray_to_array
    check_status(NdarrayToArrow(pool, values, mask, from_pandas,
  File "pyarrow/error.pxi", line 92, in pyarrow.lib.check_status
pyarrow.lib.ArrowTypeError: ("Expected bytes, got a 'float' object", 'Conversion failed for column Value with type object')
2026-10-08 17:40:23.919 Please replace `use_container_width` with `width`.

`use_container_width` will be removed after 2025-12-31.

For `use_container_width=True`, use `width='stretch'`. For `use_container_width=False`, use `width='content'`.
2026-10-08 17:40:23.920 Serialization of dataframe to Arrow table was unsuccessful. Applying automatic fixes for column types to make the dataframe Arrow-compatible.
Traceback (most recent call last):
  File "/workspace/scratch/42ffe4c93098/utilization9_runtime/lib/python3.14/site-packages/streamlit/dataframe_util.py", line 940, in convert_pandas_df_to_arrow_table
    return pa.Table.from_pandas(df, preserve_index=preserve_index)
           ~~~~~~~~~~~~~~~~~~~~^^^^^^^^^^^^^^^^^^^^^^^^^^^^^^^^^^^
  File "pyarrow/table.pxi", line 4768, in pyarrow.lib.Table.from_pandas
  File "/workspace/scratch/42ffe4c93098/utilization9_runtime/lib/python3.14/site-packages/pyarrow/pandas_compat.py", line 651, in dataframe_to_arrays
    arrays = [convert_column(c, f)
              ~~~~~~~~~~~~~~^^^^^^
  File "/workspace/scratch/42ffe4c93098/utilization9_runtime/lib/python3.14/site-packages/pyarrow/pandas_compat.py", line 639, in convert_column
    raise e
  File "/workspace/scratch/42ffe4c93098/utilization9_runtime/lib/python3.14/site-packages/pyarrow/pandas_compat.py", line 633, in convert_column
    result = pa.array(col, type=type_, from_pandas=True, safe=safe)
  File "pyarrow/array.pxi", line 390, in pyarrow.lib.array
    result = _ndarray_to_array(values, mask, type, c_from_pandas, safe,
  File "pyarrow/array.pxi", line 91, in pyarrow.lib._ndarray_to_array
    check_status(NdarrayToArrow(pool, values, mask, from_pandas,
  File "pyarrow/error.pxi", line 92, in pyarrow.lib.check_status
pyarrow.lib.ArrowInvalid: ("Could not convert 'Wet slab/topping, barrier, wearing surface, SDL/LL, building service loads' with type str: tried to convert to double", 'Conversion failed for column w_kN/m per girder with type object')
2026-10-08 17:40:23.922 Please replace `use_container_width` with `width`.

`use_container_width` will be removed after 2025-12-31.

For `use_container_width=True`, use `width='stretch'`. For `use_container_width=False`, use `width='content'`.
2026-10-08 17:40:23.925 Please replace `use_container_width` with `width`.

`use_container_width` will be removed after 2025-12-31.

For `use_container_width=True`, use `width='stretch'`. For `use_container_width=False`, use `width='content'`.
2026-10-08 17:40:23.927 Please replace `use_container_width` with `width`.

`use_container_width` will be removed after 2025-12-31.

For `use_container_width=True`, use `width='stretch'`. For `use_container_width=False`, use `width='content'`.
2026-10-08 17:40:23.933 Please replace `use_container_width` with `width`.

`use_container_width` will be removed after 2025-12-31.

For `use_container_width=True`, use `width='stretch'`. For `use_container_width=False`, use `width='content'`.
2026-10-08 17:40:23.934 Serialization of dataframe to Arrow table was unsuccessful. Applying automatic fixes for column types to make the dataframe Arrow-compatible.
Traceback (most recent call last):
  File "/workspace/scratch/42ffe4c93098/utilization9_runtime/lib/python3.14/site-packages/streamlit/dataframe_util.py", line 940, in convert_pandas_df_to_arrow_table
    return pa.Table.from_pandas(df, preserve_index=preserve_index)
           ~~~~~~~~~~~~~~~~~~~~^^^^^^^^^^^^^^^^^^^^^^^^^^^^^^^^^^^
  File "pyarrow/table.pxi", line 4768, in pyarrow.lib.Table.from_pandas
  File "/workspace/scratch/42ffe4c93098/utilization9_runtime/lib/python3.14/site-packages/pyarrow/pandas_compat.py", line 651, in dataframe_to_arrays
    arrays = [convert_column(c, f)
              ~~~~~~~~~~~~~~^^^^^^
  File "/workspace/scratch/42ffe4c93098/utilization9_runtime/lib/python3.14/site-packages/pyarrow/pandas_compat.py", line 639, in convert_column
    raise e
  File "/workspace/scratch/42ffe4c93098/utilization9_runtime/lib/python3.14/site-packages/pyarrow/pandas_compat.py", line 633, in convert_column
    result = pa.array(col, type=type_, from_pandas=True, safe=safe)
  File "pyarrow/array.pxi", line 390, in pyarrow.lib.array
    result = _ndarray_to_array(values, mask, type, c_from_pandas, safe,
  File "pyarrow/array.pxi", line 91, in pyarrow.lib._ndarray_to_array
    check_status(NdarrayToArrow(pool, values, mask, from_pandas,
  File "pyarrow/error.pxi", line 92, in pyarrow.lib.check_status
pyarrow.lib.ArrowInvalid: ('Could not convert 0 with type int: tried to convert to boolean', 'Conversion failed for column Value with type object')
2026-10-08 17:40:23.936 Please replace `use_container_width` with `width`.

`use_container_width` will be removed after 2025-12-31.

For `use_container_width=True`, use `width='stretch'`. For `use_container_width=False`, use `width='content'`.
2026-10-08 17:40:23.940 Please replace `use_container_width` with `width`.

`use_container_width` will be removed after 2025-12-31.

For `use_container_width=True`, use `width='stretch'`. For `use_container_width=False`, use `width='content'`.
2026-10-08 17:40:24.470 Please replace `use_container_width` with `width`.

`use_container_width` will be removed after 2025-12-31.

For `use_container_width=True`, use `width='stretch'`. For `use_container_width=False`, use `width='content'`.
2026-10-08 17:40:24.471 Please replace `use_container_width` with `width`.

`use_container_width` will be removed after 2025-12-31.

For `use_container_width=True`, use `width='stretch'`. For `use_container_width=False`, use `width='content'`.
2026-10-08 17:40:24.472 Please replace `use_container_width` with `width`.

`use_container_width` will be removed after 2025-12-31.

For `use_container_width=True`, use `width='stretch'`. For `use_container_width=False`, use `width='content'`.
2026-10-08 17:40:24.783 Please replace `use_container_width` with `width`.

`use_container_width` will be removed after 2025-12-31.

For `use_container_width=True`, use `width='stretch'`. For `use_container_width=False`, use `width='content'`.
2026-10-08 17:40:24.790 Please replace `use_container_width` with `width`.

`use_container_width` will be removed after 2025-12-31.

For `use_container_width=True`, use `width='stretch'`. For `use_container_width=False`, use `width='content'`.
2026-10-08 17:40:24.795 Please replace `use_container_width` with `width`.

`use_container_width` will be removed after 2025-12-31.

For `use_container_width=True`, use `width='stretch'`. For `use_container_width=False`, use `width='content'`.
2026-10-08 17:40:24.806 Please replace `use_container_width` with `width`.

`use_container_width` will be removed after 2025-12-31.

For `use_container_width=True`, use `width='stretch'`. For `use_container_width=False`, use `width='content'`.
2026-10-08 17:40:24.817 Please replace `use_container_width` with `width`.

`use_container_width` will be removed after 2025-12-31.

For `use_container_width=True`, use `width='stretch'`. For `use_container_width=False`, use `width='content'`.
2026-10-08 17:40:24.818 Please replace `use_container_width` with `width`.

`use_container_width` will be removed after 2025-12-31.

For `use_container_width=True`, use `width='stretch'`. For `use_container_width=False`, use `width='content'`.
2026-10-08 17:40:24.819 Please replace `use_container_width` with `width`.

`use_container_width` will be removed after 2025-12-31.

For `use_container_width=True`, use `width='stretch'`. For `use_container_width=False`, use `width='content'`.
2026-10-08 17:40:24.832 Please replace `use_container_width` with `width`.

`use_container_width` will be removed after 2025-12-31.

For `use_container_width=True`, use `width='stretch'`. For `use_container_width=False`, use `width='content'`.
2026-10-08 17:40:24.833 Please replace `use_container_width` with `width`.

`use_container_width` will be removed after 2025-12-31.

For `use_container_width=True`, use `width='stretch'`. For `use_container_width=False`, use `width='content'`.
2026-10-08 17:40:24.837 Please replace `use_container_width` with `width`.

`use_container_width` will be removed after 2025-12-31.

For `use_container_width=True`, use `width='stretch'`. For `use_container_width=False`, use `width='content'`.
2026-10-08 17:40:24.842 Please replace `use_container_width` with `width`.

`use_container_width` will be removed after 2025-12-31.

For `use_container_width=True`, use `width='stretch'`. For `use_container_width=False`, use `width='content'`.
2026-10-08 17:40:24.842 Serialization of dataframe to Arrow table was unsuccessful. Applying automatic fixes for column types to make the dataframe Arrow-compatible.
Traceback (most recent call last):
  File "/workspace/scratch/42ffe4c93098/utilization9_runtime/lib/python3.14/site-packages/streamlit/dataframe_util.py", line 940, in convert_pandas_df_to_arrow_table
    return pa.Table.from_pandas(df, preserve_index=preserve_index)
           ~~~~~~~~~~~~~~~~~~~~^^^^^^^^^^^^^^^^^^^^^^^^^^^^^^^^^^^
  File "pyarrow/table.pxi", line 4768, in pyarrow.lib.Table.from_pandas
  File "/workspace/scratch/42ffe4c93098/utilization9_runtime/lib/python3.14/site-packages/pyarrow/pandas_compat.py", line 651, in dataframe_to_arrays
    arrays = [convert_column(c, f)
              ~~~~~~~~~~~~~~^^^^^^
  File "/workspace/scratch/42ffe4c93098/utilization9_runtime/lib/python3.14/site-packages/pyarrow/pandas_compat.py", line 639, in convert_column
    raise e
  File "/workspace/scratch/42ffe4c93098/utilization9_runtime/lib/python3.14/site-packages/pyarrow/pandas_compat.py", line 633, in convert_column
    result = pa.array(col, type=type_, from_pandas=True, safe=safe)
  File "pyarrow/array.pxi", line 390, in pyarrow.lib.array
    result = _ndarray_to_array(values, mask, type, c_from_pandas, safe,
  File "pyarrow/array.pxi", line 91, in pyarrow.lib._ndarray_to_array
    check_status(NdarrayToArrow(pool, values, mask, from_pandas,
  File "pyarrow/error.pxi", line 92, in pyarrow.lib.check_status
pyarrow.lib.ArrowTypeError: ("Expected bytes, got a 'bool' object", 'Conversion failed for column Value with type object')
2026-10-08 17:40:24.844 Please replace `use_container_width` with `width`.

`use_container_width` will be removed after 2025-12-31.

For `use_container_width=True`, use `width='stretch'`. For `use_container_width=False`, use `width='content'`.
2026-10-08 17:40:24.846 Please replace `use_container_width` with `width`.

`use_container_width` will be removed after 2025-12-31.

For `use_container_width=True`, use `width='stretch'`. For `use_container_width=False`, use `width='content'`.
2026-10-08 17:40:24.847 Please replace `use_container_width` with `width`.

`use_container_width` will be removed after 2025-12-31.

For `use_container_width=True`, use `width='stretch'`. For `use_container_width=False`, use `width='content'`.
2026-10-08 17:40:24.848 Please replace `use_container_width` with `width`.

`use_container_width` will be removed after 2025-12-31.

For `use_container_width=True`, use `width='stretch'`. For `use_container_width=False`, use `width='content'`.
2026-10-08 17:40:24.850 Please replace `use_container_width` with `width`.

`use_container_width` will be removed after 2025-12-31.

For `use_container_width=True`, use `width='stretch'`. For `use_container_width=False`, use `width='content'`.
2026-10-08 17:40:24.864 Please replace `use_container_width` with `width`.

`use_container_width` will be removed after 2025-12-31.

For `use_container_width=True`, use `width='stretch'`. For `use_container_width=False`, use `width='content'`.
2026-10-08 17:40:24.866 Please replace `use_container_width` with `width`.

`use_container_width` will be removed after 2025-12-31.

For `use_container_width=True`, use `width='stretch'`. For `use_container_width=False`, use `width='content'`.
2026-10-08 17:40:24.867 Please replace `use_container_width` with `width`.

`use_container_width` will be removed after 2025-12-31.

For `use_container_width=True`, use `width='stretch'`. For `use_container_width=False`, use `width='content'`.
2026-10-08 17:40:24.867 Serialization of dataframe to Arrow table was unsuccessful. Applying automatic fixes for column types to make the dataframe Arrow-compatible.
Traceback (most recent call last):
  File "/workspace/scratch/42ffe4c93098/utilization9_runtime/lib/python3.14/site-packages/streamlit/dataframe_util.py", line 940, in convert_pandas_df_to_arrow_table
    return pa.Table.from_pandas(df, preserve_index=preserve_index)
           ~~~~~~~~~~~~~~~~~~~~^^^^^^^^^^^^^^^^^^^^^^^^^^^^^^^^^^^
  File "pyarrow/table.pxi", line 4768, in pyarrow.lib.Table.from_pandas
  File "/workspace/scratch/42ffe4c93098/utilization9_runtime/lib/python3.14/site-packages/pyarrow/pandas_compat.py", line 651, in dataframe_to_arrays
    arrays = [convert_column(c, f)
              ~~~~~~~~~~~~~~^^^^^^
  File "/workspace/scratch/42ffe4c93098/utilization9_runtime/lib/python3.14/site-packages/pyarrow/pandas_compat.py", line 639, in convert_column
    raise e
  File "/workspace/scratch/42ffe4c93098/utilization9_runtime/lib/python3.14/site-packages/pyarrow/pandas_compat.py", line 633, in convert_column
    result = pa.array(col, type=type_, from_pandas=True, safe=safe)
  File "pyarrow/array.pxi", line 390, in pyarrow.lib.array
    result = _ndarray_to_array(values, mask, type, c_from_pandas, safe,
  File "pyarrow/array.pxi", line 91, in pyarrow.lib._ndarray_to_array
    check_status(NdarrayToArrow(pool, values, mask, from_pandas,
  File "pyarrow/error.pxi", line 92, in pyarrow.lib.check_status
pyarrow.lib.ArrowTypeError: ("Expected bytes, got a 'float' object", 'Conversion failed for column Value with type object')
2026-10-08 17:40:24.869 Please replace `use_container_width` with `width`.

`use_container_width` will be removed after 2025-12-31.

For `use_container_width=True`, use `width='stretch'`. For `use_container_width=False`, use `width='content'`.
2026-10-08 17:40:24.870 Serialization of dataframe to Arrow table was unsuccessful. Applying automatic fixes for column types to make the dataframe Arrow-compatible.
Traceback (most recent call last):
  File "/workspace/scratch/42ffe4c93098/utilization9_runtime/lib/python3.14/site-packages/streamlit/dataframe_util.py", line 940, in convert_pandas_df_to_arrow_table
    return pa.Table.from_pandas(df, preserve_index=preserve_index)
           ~~~~~~~~~~~~~~~~~~~~^^^^^^^^^^^^^^^^^^^^^^^^^^^^^^^^^^^
  File "pyarrow/table.pxi", line 4768, in pyarrow.lib.Table.from_pandas
  File "/workspace/scratch/42ffe4c93098/utilization9_runtime/lib/python3.14/site-packages/pyarrow/pandas_compat.py", line 651, in dataframe_to_arrays
    arrays = [convert_column(c, f)
              ~~~~~~~~~~~~~~^^^^^^
  File "/workspace/scratch/42ffe4c93098/utilization9_runtime/lib/python3.14/site-packages/pyarrow/pandas_compat.py", line 639, in convert_column
    raise e
  File "/workspace/scratch/42ffe4c93098/utilization9_runtime/lib/python3.14/site-packages/pyarrow/pandas_compat.py", line 633, in convert_column
    result = pa.array(col, type=type_, from_pandas=True, safe=safe)
  File "pyarrow/array.pxi", line 390, in pyarrow.lib.array
    result = _ndarray_to_array(values, mask, type, c_from_pandas, safe,
  File "pyarrow/array.pxi", line 91, in pyarrow.lib._ndarray_to_array
    check_status(NdarrayToArrow(pool, values, mask, from_pandas,
  File "pyarrow/error.pxi", line 92, in pyarrow.lib.check_status
pyarrow.lib.ArrowInvalid: ("Could not convert 'Wet slab/topping, barrier, wearing surface, SDL/LL, building service loads' with type str: tried to convert to double", 'Conversion failed for column w_kN/m per girder with type object')
2026-10-08 17:40:24.872 Please replace `use_container_width` with `width`.

`use_container_width` will be removed after 2025-12-31.

For `use_container_width=True`, use `width='stretch'`. For `use_container_width=False`, use `width='content'`.
2026-10-08 17:40:24.875 Please replace `use_container_width` with `width`.

`use_container_width` will be removed after 2025-12-31.

For `use_container_width=True`, use `width='stretch'`. For `use_container_width=False`, use `width='content'`.
2026-10-08 17:40:24.877 Please replace `use_container_width` with `width`.

`use_container_width` will be removed after 2025-12-31.

For `use_container_width=True`, use `width='stretch'`. For `use_container_width=False`, use `width='content'`.
2026-10-08 17:40:24.883 Please replace `use_container_width` with `width`.

`use_container_width` will be removed after 2025-12-31.

For `use_container_width=True`, use `width='stretch'`. For `use_container_width=False`, use `width='content'`.
2026-10-08 17:40:24.883 Serialization of dataframe to Arrow table was unsuccessful. Applying automatic fixes for column types to make the dataframe Arrow-compatible.
Traceback (most recent call last):
  File "/workspace/scratch/42ffe4c93098/utilization9_runtime/lib/python3.14/site-packages/streamlit/dataframe_util.py", line 940, in convert_pandas_df_to_arrow_table
    return pa.Table.from_pandas(df, preserve_index=preserve_index)
           ~~~~~~~~~~~~~~~~~~~~^^^^^^^^^^^^^^^^^^^^^^^^^^^^^^^^^^^
  File "pyarrow/table.pxi", line 4768, in pyarrow.lib.Table.from_pandas
  File "/workspace/scratch/42ffe4c93098/utilization9_runtime/lib/python3.14/site-packages/pyarrow/pandas_compat.py", line 651, in dataframe_to_arrays
    arrays = [convert_column(c, f)
              ~~~~~~~~~~~~~~^^^^^^
  File "/workspace/scratch/42ffe4c93098/utilization9_runtime/lib/python3.14/site-packages/pyarrow/pandas_compat.py", line 639, in convert_column
    raise e
  File "/workspace/scratch/42ffe4c93098/utilization9_runtime/lib/python3.14/site-packages/pyarrow/pandas_compat.py", line 633, in convert_column
    result = pa.array(col, type=type_, from_pandas=True, safe=safe)
  File "pyarrow/array.pxi", line 390, in pyarrow.lib.array
    result = _ndarray_to_array(values, mask, type, c_from_pandas, safe,
  File "pyarrow/array.pxi", line 91, in pyarrow.lib._ndarray_to_array
    check_status(NdarrayToArrow(pool, values, mask, from_pandas,
  File "pyarrow/error.pxi", line 92, in pyarrow.lib.check_status
pyarrow.lib.ArrowInvalid: ('Could not convert 0 with type int: tried to convert to boolean', 'Conversion failed for column Value with type object')
2026-10-08 17:40:24.885 Please replace `use_container_width` with `width`.

`use_container_width` will be removed after 2025-12-31.

For `use_container_width=True`, use `width='stretch'`. For `use_container_width=False`, use `width='content'`.
2026-10-08 17:40:24.889 Please replace `use_container_width` with `width`.

`use_container_width` will be removed after 2025-12-31.

For `use_container_width=True`, use `width='stretch'`. For `use_container_width=False`, use `width='content'`.
2026-10-08 17:40:25.353 Please replace `use_container_width` with `width`.

`use_container_width` will be removed after 2025-12-31.

For `use_container_width=True`, use `width='stretch'`. For `use_container_width=False`, use `width='content'`.
2026-10-08 17:40:25.354 Please replace `use_container_width` with `width`.

`use_container_width` will be removed after 2025-12-31.

For `use_container_width=True`, use `width='stretch'`. For `use_container_width=False`, use `width='content'`.
2026-10-08 17:40:25.355 Please replace `use_container_width` with `width`.

`use_container_width` will be removed after 2025-12-31.

For `use_container_width=True`, use `width='stretch'`. For `use_container_width=False`, use `width='content'`.
2026-10-08 17:40:25.669 Please replace `use_container_width` with `width`.

`use_container_width` will be removed after 2025-12-31.

For `use_container_width=True`, use `width='stretch'`. For `use_container_width=False`, use `width='content'`.
2026-10-08 17:40:25.676 Please replace `use_container_width` with `width`.

`use_container_width` will be removed after 2025-12-31.

For `use_container_width=True`, use `width='stretch'`. For `use_container_width=False`, use `width='content'`.
2026-10-08 17:40:25.682 Please replace `use_container_width` with `width`.

`use_container_width` will be removed after 2025-12-31.

For `use_container_width=True`, use `width='stretch'`. For `use_container_width=False`, use `width='content'`.
2026-10-08 17:40:25.693 Please replace `use_container_width` with `width`.

`use_container_width` will be removed after 2025-12-31.

For `use_container_width=True`, use `width='stretch'`. For `use_container_width=False`, use `width='content'`.
2026-10-08 17:40:25.781 Please replace `use_container_width` with `width`.

`use_container_width` will be removed after 2025-12-31.

For `use_container_width=True`, use `width='stretch'`. For `use_container_width=False`, use `width='content'`.
2026-10-08 17:40:25.782 Please replace `use_container_width` with `width`.

`use_container_width` will be removed after 2025-12-31.

For `use_container_width=True`, use `width='stretch'`. For `use_container_width=False`, use `width='content'`.
2026-10-08 17:40:25.783 Please replace `use_container_width` with `width`.

`use_container_width` will be removed after 2025-12-31.

For `use_container_width=True`, use `width='stretch'`. For `use_container_width=False`, use `width='content'`.
2026-10-08 17:40:25.800 Please replace `use_container_width` with `width`.

`use_container_width` will be removed after 2025-12-31.

For `use_container_width=True`, use `width='stretch'`. For `use_container_width=False`, use `width='content'`.
2026-10-08 17:40:25.801 Please replace `use_container_width` with `width`.

`use_container_width` will be removed after 2025-12-31.

For `use_container_width=True`, use `width='stretch'`. For `use_container_width=False`, use `width='content'`.
2026-10-08 17:40:25.805 Please replace `use_container_width` with `width`.

`use_container_width` will be removed after 2025-12-31.

For `use_container_width=True`, use `width='stretch'`. For `use_container_width=False`, use `width='content'`.
2026-10-08 17:40:25.810 Please replace `use_container_width` with `width`.

`use_container_width` will be removed after 2025-12-31.

For `use_container_width=True`, use `width='stretch'`. For `use_container_width=False`, use `width='content'`.
2026-10-08 17:40:25.811 Serialization of dataframe to Arrow table was unsuccessful. Applying automatic fixes for column types to make the dataframe Arrow-compatible.
Traceback (most recent call last):
  File "/workspace/scratch/42ffe4c93098/utilization9_runtime/lib/python3.14/site-packages/streamlit/dataframe_util.py", line 940, in convert_pandas_df_to_arrow_table
    return pa.Table.from_pandas(df, preserve_index=preserve_index)
           ~~~~~~~~~~~~~~~~~~~~^^^^^^^^^^^^^^^^^^^^^^^^^^^^^^^^^^^
  File "pyarrow/table.pxi", line 4768, in pyarrow.lib.Table.from_pandas
  File "/workspace/scratch/42ffe4c93098/utilization9_runtime/lib/python3.14/site-packages/pyarrow/pandas_compat.py", line 651, in dataframe_to_arrays
    arrays = [convert_column(c, f)
              ~~~~~~~~~~~~~~^^^^^^
  File "/workspace/scratch/42ffe4c93098/utilization9_runtime/lib/python3.14/site-packages/pyarrow/pandas_compat.py", line 639, in convert_column
    raise e
  File "/workspace/scratch/42ffe4c93098/utilization9_runtime/lib/python3.14/site-packages/pyarrow/pandas_compat.py", line 633, in convert_column
    result = pa.array(col, type=type_, from_pandas=True, safe=safe)
  File "pyarrow/array.pxi", line 390, in pyarrow.lib.array
    result = _ndarray_to_array(values, mask, type, c_from_pandas, safe,
  File "pyarrow/array.pxi", line 91, in pyarrow.lib._ndarray_to_array
    check_status(NdarrayToArrow(pool, values, mask, from_pandas,
  File "pyarrow/error.pxi", line 92, in pyarrow.lib.check_status
pyarrow.lib.ArrowTypeError: ("Expected bytes, got a 'bool' object", 'Conversion failed for column Value with type object')
2026-10-08 17:40:25.813 Please replace `use_container_width` with `width`.

`use_container_width` will be removed after 2025-12-31.

For `use_container_width=True`, use `width='stretch'`. For `use_container_width=False`, use `width='content'`.
2026-10-08 17:40:25.814 Please replace `use_container_width` with `width`.

`use_container_width` will be removed after 2025-12-31.

For `use_container_width=True`, use `width='stretch'`. For `use_container_width=False`, use `width='content'`.
2026-10-08 17:40:25.815 Please replace `use_container_width` with `width`.

`use_container_width` will be removed after 2025-12-31.

For `use_container_width=True`, use `width='stretch'`. For `use_container_width=False`, use `width='content'`.
2026-10-08 17:40:25.817 Please replace `use_container_width` with `width`.

`use_container_width` will be removed after 2025-12-31.

For `use_container_width=True`, use `width='stretch'`. For `use_container_width=False`, use `width='content'`.
2026-10-08 17:40:25.818 Please replace `use_container_width` with `width`.

`use_container_width` will be removed after 2025-12-31.

For `use_container_width=True`, use `width='stretch'`. For `use_container_width=False`, use `width='content'`.
2026-10-08 17:40:25.831 Please replace `use_container_width` with `width`.

`use_container_width` will be removed after 2025-12-31.

For `use_container_width=True`, use `width='stretch'`. For `use_container_width=False`, use `width='content'`.
2026-10-08 17:40:25.833 Please replace `use_container_width` with `width`.

`use_container_width` will be removed after 2025-12-31.

For `use_container_width=True`, use `width='stretch'`. For `use_container_width=False`, use `width='content'`.
2026-10-08 17:40:25.834 Please replace `use_container_width` with `width`.

`use_container_width` will be removed after 2025-12-31.

For `use_container_width=True`, use `width='stretch'`. For `use_container_width=False`, use `width='content'`.
2026-10-08 17:40:25.834 Serialization of dataframe to Arrow table was unsuccessful. Applying automatic fixes for column types to make the dataframe Arrow-compatible.
Traceback (most recent call last):
  File "/workspace/scratch/42ffe4c93098/utilization9_runtime/lib/python3.14/site-packages/streamlit/dataframe_util.py", line 940, in convert_pandas_df_to_arrow_table
    return pa.Table.from_pandas(df, preserve_index=preserve_index)
           ~~~~~~~~~~~~~~~~~~~~^^^^^^^^^^^^^^^^^^^^^^^^^^^^^^^^^^^
  File "pyarrow/table.pxi", line 4768, in pyarrow.lib.Table.from_pandas
  File "/workspace/scratch/42ffe4c93098/utilization9_runtime/lib/python3.14/site-packages/pyarrow/pandas_compat.py", line 651, in dataframe_to_arrays
    arrays = [convert_column(c, f)
              ~~~~~~~~~~~~~~^^^^^^
  File "/workspace/scratch/42ffe4c93098/utilization9_runtime/lib/python3.14/site-packages/pyarrow/pandas_compat.py", line 639, in convert_column
    raise e
  File "/workspace/scratch/42ffe4c93098/utilization9_runtime/lib/python3.14/site-packages/pyarrow/pandas_compat.py", line 633, in convert_column
    result = pa.array(col, type=type_, from_pandas=True, safe=safe)
  File "pyarrow/array.pxi", line 390, in pyarrow.lib.array
    result = _ndarray_to_array(values, mask, type, c_from_pandas, safe,
  File "pyarrow/array.pxi", line 91, in pyarrow.lib._ndarray_to_array
    check_status(NdarrayToArrow(pool, values, mask, from_pandas,
  File "pyarrow/error.pxi", line 92, in pyarrow.lib.check_status
pyarrow.lib.ArrowTypeError: ("Expected bytes, got a 'float' object", 'Conversion failed for column Value with type object')
2026-10-08 17:40:25.837 Please replace `use_container_width` with `width`.

`use_container_width` will be removed after 2025-12-31.

For `use_container_width=True`, use `width='stretch'`. For `use_container_width=False`, use `width='content'`.
2026-10-08 17:40:25.837 Serialization of dataframe to Arrow table was unsuccessful. Applying automatic fixes for column types to make the dataframe Arrow-compatible.
Traceback (most recent call last):
  File "/workspace/scratch/42ffe4c93098/utilization9_runtime/lib/python3.14/site-packages/streamlit/dataframe_util.py", line 940, in convert_pandas_df_to_arrow_table
    return pa.Table.from_pandas(df, preserve_index=preserve_index)
           ~~~~~~~~~~~~~~~~~~~~^^^^^^^^^^^^^^^^^^^^^^^^^^^^^^^^^^^
  File "pyarrow/table.pxi", line 4768, in pyarrow.lib.Table.from_pandas
  File "/workspace/scratch/42ffe4c93098/utilization9_runtime/lib/python3.14/site-packages/pyarrow/pandas_compat.py", line 651, in dataframe_to_arrays
    arrays = [convert_column(c, f)
              ~~~~~~~~~~~~~~^^^^^^
  File "/workspace/scratch/42ffe4c93098/utilization9_runtime/lib/python3.14/site-packages/pyarrow/pandas_compat.py", line 639, in convert_column
    raise e
  File "/workspace/scratch/42ffe4c93098/utilization9_runtime/lib/python3.14/site-packages/pyarrow/pandas_compat.py", line 633, in convert_column
    result = pa.array(col, type=type_, from_pandas=True, safe=safe)
  File "pyarrow/array.pxi", line 390, in pyarrow.lib.array
    result = _ndarray_to_array(values, mask, type, c_from_pandas, safe,
  File "pyarrow/array.pxi", line 91, in pyarrow.lib._ndarray_to_array
    check_status(NdarrayToArrow(pool, values, mask, from_pandas,
  File "pyarrow/error.pxi", line 92, in pyarrow.lib.check_status
pyarrow.lib.ArrowInvalid: ("Could not convert 'Wet slab/topping, barrier, wearing surface, SDL/LL, building service loads' with type str: tried to convert to double", 'Conversion failed for column w_kN/m per girder with type object')
2026-10-08 17:40:25.839 Please replace `use_container_width` with `width`.

`use_container_width` will be removed after 2025-12-31.

For `use_container_width=True`, use `width='stretch'`. For `use_container_width=False`, use `width='content'`.
2026-10-08 17:40:25.841 Please replace `use_container_width` with `width`.

`use_container_width` will be removed after 2025-12-31.

For `use_container_width=True`, use `width='stretch'`. For `use_container_width=False`, use `width='content'`.
2026-10-08 17:40:25.843 Please replace `use_container_width` with `width`.

`use_container_width` will be removed after 2025-12-31.

For `use_container_width=True`, use `width='stretch'`. For `use_container_width=False`, use `width='content'`.
2026-10-08 17:40:25.848 Please replace `use_container_width` with `width`.

`use_container_width` will be removed after 2025-12-31.

For `use_container_width=True`, use `width='stretch'`. For `use_container_width=False`, use `width='content'`.
2026-10-08 17:40:25.849 Serialization of dataframe to Arrow table was unsuccessful. Applying automatic fixes for column types to make the dataframe Arrow-compatible.
Traceback (most recent call last):
  File "/workspace/scratch/42ffe4c93098/utilization9_runtime/lib/python3.14/site-packages/streamlit/dataframe_util.py", line 940, in convert_pandas_df_to_arrow_table
    return pa.Table.from_pandas(df, preserve_index=preserve_index)
           ~~~~~~~~~~~~~~~~~~~~^^^^^^^^^^^^^^^^^^^^^^^^^^^^^^^^^^^
  File "pyarrow/table.pxi", line 4768, in pyarrow.lib.Table.from_pandas
  File "/workspace/scratch/42ffe4c93098/utilization9_runtime/lib/python3.14/site-packages/pyarrow/pandas_compat.py", line 651, in dataframe_to_arrays
    arrays = [convert_column(c, f)
              ~~~~~~~~~~~~~~^^^^^^
  File "/workspace/scratch/42ffe4c93098/utilization9_runtime/lib/python3.14/site-packages/pyarrow/pandas_compat.py", line 639, in convert_column
    raise e
  File "/workspace/scratch/42ffe4c93098/utilization9_runtime/lib/python3.14/site-packages/pyarrow/pandas_compat.py", line 633, in convert_column
    result = pa.array(col, type=type_, from_pandas=True, safe=safe)
  File "pyarrow/array.pxi", line 390, in pyarrow.lib.array
    result = _ndarray_to_array(values, mask, type, c_from_pandas, safe,
  File "pyarrow/array.pxi", line 91, in pyarrow.lib._ndarray_to_array
    check_status(NdarrayToArrow(pool, values, mask, from_pandas,
  File "pyarrow/error.pxi", line 92, in pyarrow.lib.check_status
pyarrow.lib.ArrowInvalid: ('Could not convert 0 with type int: tried to convert to boolean', 'Conversion failed for column Value with type object')
2026-10-08 17:40:25.850 Please replace `use_container_width` with `width`.

`use_container_width` will be removed after 2025-12-31.

For `use_container_width=True`, use `width='stretch'`. For `use_container_width=False`, use `width='content'`.
2026-10-08 17:40:25.855 Please replace `use_container_width` with `width`.

`use_container_width` will be removed after 2025-12-31.

For `use_container_width=True`, use `width='stretch'`. For `use_container_width=False`, use `width='content'`.
2026-10-08 17:40:26.305 Please replace `use_container_width` with `width`.

`use_container_width` will be removed after 2025-12-31.

For `use_container_width=True`, use `width='stretch'`. For `use_container_width=False`, use `width='content'`.
2026-10-08 17:40:26.307 Please replace `use_container_width` with `width`.

`use_container_width` will be removed after 2025-12-31.

For `use_container_width=True`, use `width='stretch'`. For `use_container_width=False`, use `width='content'`.
2026-10-08 17:40:26.307 Please replace `use_container_width` with `width`.

`use_container_width` will be removed after 2025-12-31.

For `use_container_width=True`, use `width='stretch'`. For `use_container_width=False`, use `width='content'`.
2026-10-08 17:40:26.855 Please replace `use_container_width` with `width`.

`use_container_width` will be removed after 2025-12-31.

For `use_container_width=True`, use `width='stretch'`. For `use_container_width=False`, use `width='content'`.
2026-10-08 17:40:26.864 Please replace `use_container_width` with `width`.

`use_container_width` will be removed after 2025-12-31.

For `use_container_width=True`, use `width='stretch'`. For `use_container_width=False`, use `width='content'`.
2026-10-08 17:40:26.869 Please replace `use_container_width` with `width`.

`use_container_width` will be removed after 2025-12-31.

For `use_container_width=True`, use `width='stretch'`. For `use_container_width=False`, use `width='content'`.
2026-10-08 17:40:26.887 Please replace `use_container_width` with `width`.

`use_container_width` will be removed after 2025-12-31.

For `use_container_width=True`, use `width='stretch'`. For `use_container_width=False`, use `width='content'`.
2026-10-08 17:40:26.890 Please replace `use_container_width` with `width`.

`use_container_width` will be removed after 2025-12-31.

For `use_container_width=True`, use `width='stretch'`. For `use_container_width=False`, use `width='content'`.
2026-10-08 17:40:26.891 Please replace `use_container_width` with `width`.

`use_container_width` will be removed after 2025-12-31.

For `use_container_width=True`, use `width='stretch'`. For `use_container_width=False`, use `width='content'`.
2026-10-08 17:40:26.907 Please replace `use_container_width` with `width`.

`use_container_width` will be removed after 2025-12-31.

For `use_container_width=True`, use `width='stretch'`. For `use_container_width=False`, use `width='content'`.
2026-10-08 17:40:26.908 Please replace `use_container_width` with `width`.

`use_container_width` will be removed after 2025-12-31.

For `use_container_width=True`, use `width='stretch'`. For `use_container_width=False`, use `width='content'`.
2026-10-08 17:40:26.913 Please replace `use_container_width` with `width`.

`use_container_width` will be removed after 2025-12-31.

For `use_container_width=True`, use `width='stretch'`. For `use_container_width=False`, use `width='content'`.
2026-10-08 17:40:26.918 Please replace `use_container_width` with `width`.

`use_container_width` will be removed after 2025-12-31.

For `use_container_width=True`, use `width='stretch'`. For `use_container_width=False`, use `width='content'`.
2026-10-08 17:40:26.919 Serialization of dataframe to Arrow table was unsuccessful. Applying automatic fixes for column types to make the dataframe Arrow-compatible.
Traceback (most recent call last):
  File "/workspace/scratch/42ffe4c93098/utilization9_runtime/lib/python3.14/site-packages/streamlit/dataframe_util.py", line 940, in convert_pandas_df_to_arrow_table
    return pa.Table.from_pandas(df, preserve_index=preserve_index)
           ~~~~~~~~~~~~~~~~~~~~^^^^^^^^^^^^^^^^^^^^^^^^^^^^^^^^^^^
  File "pyarrow/table.pxi", line 4768, in pyarrow.lib.Table.from_pandas
  File "/workspace/scratch/42ffe4c93098/utilization9_runtime/lib/python3.14/site-packages/pyarrow/pandas_compat.py", line 651, in dataframe_to_arrays
    arrays = [convert_column(c, f)
              ~~~~~~~~~~~~~~^^^^^^
  File "/workspace/scratch/42ffe4c93098/utilization9_runtime/lib/python3.14/site-packages/pyarrow/pandas_compat.py", line 639, in convert_column
    raise e
  File "/workspace/scratch/42ffe4c93098/utilization9_runtime/lib/python3.14/site-packages/pyarrow/pandas_compat.py", line 633, in convert_column
    result = pa.array(col, type=type_, from_pandas=True, safe=safe)
  File "pyarrow/array.pxi", line 390, in pyarrow.lib.array
    result = _ndarray_to_array(values, mask, type, c_from_pandas, safe,
  File "pyarrow/array.pxi", line 91, in pyarrow.lib._ndarray_to_array
    check_status(NdarrayToArrow(pool, values, mask, from_pandas,
  File "pyarrow/error.pxi", line 92, in pyarrow.lib.check_status
pyarrow.lib.ArrowTypeError: ("Expected bytes, got a 'bool' object", 'Conversion failed for column Value with type object')
2026-10-08 17:40:26.921 Please replace `use_container_width` with `width`.

`use_container_width` will be removed after 2025-12-31.

For `use_container_width=True`, use `width='stretch'`. For `use_container_width=False`, use `width='content'`.
2026-10-08 17:40:26.923 Please replace `use_container_width` with `width`.

`use_container_width` will be removed after 2025-12-31.

For `use_container_width=True`, use `width='stretch'`. For `use_container_width=False`, use `width='content'`.
2026-10-08 17:40:26.924 Please replace `use_container_width` with `width`.

`use_container_width` will be removed after 2025-12-31.

For `use_container_width=True`, use `width='stretch'`. For `use_container_width=False`, use `width='content'`.
2026-10-08 17:40:26.926 Please replace `use_container_width` with `width`.

`use_container_width` will be removed after 2025-12-31.

For `use_container_width=True`, use `width='stretch'`. For `use_container_width=False`, use `width='content'`.
2026-10-08 17:40:26.927 Please replace `use_container_width` with `width`.

`use_container_width` will be removed after 2025-12-31.

For `use_container_width=True`, use `width='stretch'`. For `use_container_width=False`, use `width='content'`.
2026-10-08 17:40:26.944 Please replace `use_container_width` with `width`.

`use_container_width` will be removed after 2025-12-31.

For `use_container_width=True`, use `width='stretch'`. For `use_container_width=False`, use `width='content'`.
2026-10-08 17:40:26.946 Please replace `use_container_width` with `width`.

`use_container_width` will be removed after 2025-12-31.

For `use_container_width=True`, use `width='stretch'`. For `use_container_width=False`, use `width='content'`.
2026-10-08 17:40:26.947 Please replace `use_container_width` with `width`.

`use_container_width` will be removed after 2025-12-31.

For `use_container_width=True`, use `width='stretch'`. For `use_container_width=False`, use `width='content'`.
2026-10-08 17:40:26.947 Serialization of dataframe to Arrow table was unsuccessful. Applying automatic fixes for column types to make the dataframe Arrow-compatible.
Traceback (most recent call last):
  File "/workspace/scratch/42ffe4c93098/utilization9_runtime/lib/python3.14/site-packages/streamlit/dataframe_util.py", line 940, in convert_pandas_df_to_arrow_table
    return pa.Table.from_pandas(df, preserve_index=preserve_index)
           ~~~~~~~~~~~~~~~~~~~~^^^^^^^^^^^^^^^^^^^^^^^^^^^^^^^^^^^
  File "pyarrow/table.pxi", line 4768, in pyarrow.lib.Table.from_pandas
  File "/workspace/scratch/42ffe4c93098/utilization9_runtime/lib/python3.14/site-packages/pyarrow/pandas_compat.py", line 651, in dataframe_to_arrays
    arrays = [convert_column(c, f)
              ~~~~~~~~~~~~~~^^^^^^
  File "/workspace/scratch/42ffe4c93098/utilization9_runtime/lib/python3.14/site-packages/pyarrow/pandas_compat.py", line 639, in convert_column
    raise e
  File "/workspace/scratch/42ffe4c93098/utilization9_runtime/lib/python3.14/site-packages/pyarrow/pandas_compat.py", line 633, in convert_column
    result = pa.array(col, type=type_, from_pandas=True, safe=safe)
  File "pyarrow/array.pxi", line 390, in pyarrow.lib.array
    result = _ndarray_to_array(values, mask, type, c_from_pandas, safe,
  File "pyarrow/array.pxi", line 91, in pyarrow.lib._ndarray_to_array
    check_status(NdarrayToArrow(pool, values, mask, from_pandas,
  File "pyarrow/error.pxi", line 92, in pyarrow.lib.check_status
pyarrow.lib.ArrowTypeError: ("Expected bytes, got a 'float' object", 'Conversion failed for column Value with type object')
2026-10-08 17:40:26.950 Please replace `use_container_width` with `width`.

`use_container_width` will be removed after 2025-12-31.

For `use_container_width=True`, use `width='stretch'`. For `use_container_width=False`, use `width='content'`.
2026-10-08 17:40:26.951 Serialization of dataframe to Arrow table was unsuccessful. Applying automatic fixes for column types to make the dataframe Arrow-compatible.
Traceback (most recent call last):
  File "/workspace/scratch/42ffe4c93098/utilization9_runtime/lib/python3.14/site-packages/streamlit/dataframe_util.py", line 940, in convert_pandas_df_to_arrow_table
    return pa.Table.from_pandas(df, preserve_index=preserve_index)
           ~~~~~~~~~~~~~~~~~~~~^^^^^^^^^^^^^^^^^^^^^^^^^^^^^^^^^^^
  File "pyarrow/table.pxi", line 4768, in pyarrow.lib.Table.from_pandas
  File "/workspace/scratch/42ffe4c93098/utilization9_runtime/lib/python3.14/site-packages/pyarrow/pandas_compat.py", line 651, in dataframe_to_arrays
    arrays = [convert_column(c, f)
              ~~~~~~~~~~~~~~^^^^^^
  File "/workspace/scratch/42ffe4c93098/utilization9_runtime/lib/python3.14/site-packages/pyarrow/pandas_compat.py", line 639, in convert_column
    raise e
  File "/workspace/scratch/42ffe4c93098/utilization9_runtime/lib/python3.14/site-packages/pyarrow/pandas_compat.py", line 633, in convert_column
    result = pa.array(col, type=type_, from_pandas=True, safe=safe)
  File "pyarrow/array.pxi", line 390, in pyarrow.lib.array
    result = _ndarray_to_array(values, mask, type, c_from_pandas, safe,
  File "pyarrow/array.pxi", line 91, in pyarrow.lib._ndarray_to_array
    check_status(NdarrayToArrow(pool, values, mask, from_pandas,
  File "pyarrow/error.pxi", line 92, in pyarrow.lib.check_status
pyarrow.lib.ArrowInvalid: ("Could not convert 'Wet slab/topping, barrier, wearing surface, SDL/LL, building service loads' with type str: tried to convert to double", 'Conversion failed for column w_kN/m per girder with type object')
2026-10-08 17:40:26.952 Please replace `use_container_width` with `width`.

`use_container_width` will be removed after 2025-12-31.

For `use_container_width=True`, use `width='stretch'`. For `use_container_width=False`, use `width='content'`.
2026-10-08 17:40:26.955 Please replace `use_container_width` with `width`.

`use_container_width` will be removed after 2025-12-31.

For `use_container_width=True`, use `width='stretch'`. For `use_container_width=False`, use `width='content'`.
2026-10-08 17:40:26.957 Please replace `use_container_width` with `width`.

`use_container_width` will be removed after 2025-12-31.

For `use_container_width=True`, use `width='stretch'`. For `use_container_width=False`, use `width='content'`.
2026-10-08 17:40:26.963 Please replace `use_container_width` with `width`.

`use_container_width` will be removed after 2025-12-31.

For `use_container_width=True`, use `width='stretch'`. For `use_container_width=False`, use `width='content'`.
2026-10-08 17:40:26.964 Serialization of dataframe to Arrow table was unsuccessful. Applying automatic fixes for column types to make the dataframe Arrow-compatible.
Traceback (most recent call last):
  File "/workspace/scratch/42ffe4c93098/utilization9_runtime/lib/python3.14/site-packages/streamlit/dataframe_util.py", line 940, in convert_pandas_df_to_arrow_table
    return pa.Table.from_pandas(df, preserve_index=preserve_index)
           ~~~~~~~~~~~~~~~~~~~~^^^^^^^^^^^^^^^^^^^^^^^^^^^^^^^^^^^
  File "pyarrow/table.pxi", line 4768, in pyarrow.lib.Table.from_pandas
  File "/workspace/scratch/42ffe4c93098/utilization9_runtime/lib/python3.14/site-packages/pyarrow/pandas_compat.py", line 651, in dataframe_to_arrays
    arrays = [convert_column(c, f)
              ~~~~~~~~~~~~~~^^^^^^
  File "/workspace/scratch/42ffe4c93098/utilization9_runtime/lib/python3.14/site-packages/pyarrow/pandas_compat.py", line 639, in convert_column
    raise e
  File "/workspace/scratch/42ffe4c93098/utilization9_runtime/lib/python3.14/site-packages/pyarrow/pandas_compat.py", line 633, in convert_column
    result = pa.array(col, type=type_, from_pandas=True, safe=safe)
  File "pyarrow/array.pxi", line 390, in pyarrow.lib.array
    result = _ndarray_to_array(values, mask, type, c_from_pandas, safe,
  File "pyarrow/array.pxi", line 91, in pyarrow.lib._ndarray_to_array
    check_status(NdarrayToArrow(pool, values, mask, from_pandas,
  File "pyarrow/error.pxi", line 92, in pyarrow.lib.check_status
pyarrow.lib.ArrowInvalid: ('Could not convert 0 with type int: tried to convert to boolean', 'Conversion failed for column Value with type object')
2026-10-08 17:40:26.965 Please replace `use_container_width` with `width`.

`use_container_width` will be removed after 2025-12-31.

For `use_container_width=True`, use `width='stretch'`. For `use_container_width=False`, use `width='content'`.
2026-10-08 17:40:26.970 Please replace `use_container_width` with `width`.

`use_container_width` will be removed after 2025-12-31.

For `use_container_width=True`, use `width='stretch'`. For `use_container_width=False`, use `width='content'`.
2026-10-08 17:40:27.459 Please replace `use_container_width` with `width`.

`use_container_width` will be removed after 2025-12-31.

For `use_container_width=True`, use `width='stretch'`. For `use_container_width=False`, use `width='content'`.
2026-10-08 17:40:27.460 Please replace `use_container_width` with `width`.

`use_container_width` will be removed after 2025-12-31.

For `use_container_width=True`, use `width='stretch'`. For `use_container_width=False`, use `width='content'`.
2026-10-08 17:40:27.461 Please replace `use_container_width` with `width`.

`use_container_width` will be removed after 2025-12-31.

For `use_container_width=True`, use `width='stretch'`. For `use_container_width=False`, use `width='content'`.
2026-10-08 17:40:27.736 Please replace `use_container_width` with `width`.

`use_container_width` will be removed after 2025-12-31.

For `use_container_width=True`, use `width='stretch'`. For `use_container_width=False`, use `width='content'`.
2026-10-08 17:40:27.745 Please replace `use_container_width` with `width`.

`use_container_width` will be removed after 2025-12-31.

For `use_container_width=True`, use `width='stretch'`. For `use_container_width=False`, use `width='content'`.
2026-10-08 17:40:27.750 Please replace `use_container_width` with `width`.

`use_container_width` will be removed after 2025-12-31.

For `use_container_width=True`, use `width='stretch'`. For `use_container_width=False`, use `width='content'`.
2026-10-08 17:40:27.767 Please replace `use_container_width` with `width`.

`use_container_width` will be removed after 2025-12-31.

For `use_container_width=True`, use `width='stretch'`. For `use_container_width=False`, use `width='content'`.
2026-10-08 17:40:27.768 Please replace `use_container_width` with `width`.

`use_container_width` will be removed after 2025-12-31.

For `use_container_width=True`, use `width='stretch'`. For `use_container_width=False`, use `width='content'`.
2026-10-08 17:40:27.769 Please replace `use_container_width` with `width`.

`use_container_width` will be removed after 2025-12-31.

For `use_container_width=True`, use `width='stretch'`. For `use_container_width=False`, use `width='content'`.
2026-10-08 17:40:27.784 Please replace `use_container_width` with `width`.

`use_container_width` will be removed after 2025-12-31.

For `use_container_width=True`, use `width='stretch'`. For `use_container_width=False`, use `width='content'`.
2026-10-08 17:40:27.786 Please replace `use_container_width` with `width`.

`use_container_width` will be removed after 2025-12-31.

For `use_container_width=True`, use `width='stretch'`. For `use_container_width=False`, use `width='content'`.
2026-10-08 17:40:27.790 Please replace `use_container_width` with `width`.

`use_container_width` will be removed after 2025-12-31.

For `use_container_width=True`, use `width='stretch'`. For `use_container_width=False`, use `width='content'`.
2026-10-08 17:40:27.795 Please replace `use_container_width` with `width`.

`use_container_width` will be removed after 2025-12-31.

For `use_container_width=True`, use `width='stretch'`. For `use_container_width=False`, use `width='content'`.
2026-10-08 17:40:27.795 Serialization of dataframe to Arrow table was unsuccessful. Applying automatic fixes for column types to make the dataframe Arrow-compatible.
Traceback (most recent call last):
  File "/workspace/scratch/42ffe4c93098/utilization9_runtime/lib/python3.14/site-packages/streamlit/dataframe_util.py", line 940, in convert_pandas_df_to_arrow_table
    return pa.Table.from_pandas(df, preserve_index=preserve_index)
           ~~~~~~~~~~~~~~~~~~~~^^^^^^^^^^^^^^^^^^^^^^^^^^^^^^^^^^^
  File "pyarrow/table.pxi", line 4768, in pyarrow.lib.Table.from_pandas
  File "/workspace/scratch/42ffe4c93098/utilization9_runtime/lib/python3.14/site-packages/pyarrow/pandas_compat.py", line 651, in dataframe_to_arrays
    arrays = [convert_column(c, f)
              ~~~~~~~~~~~~~~^^^^^^
  File "/workspace/scratch/42ffe4c93098/utilization9_runtime/lib/python3.14/site-packages/pyarrow/pandas_compat.py", line 639, in convert_column
    raise e
  File "/workspace/scratch/42ffe4c93098/utilization9_runtime/lib/python3.14/site-packages/pyarrow/pandas_compat.py", line 633, in convert_column
    result = pa.array(col, type=type_, from_pandas=True, safe=safe)
  File "pyarrow/array.pxi", line 390, in pyarrow.lib.array
    result = _ndarray_to_array(values, mask, type, c_from_pandas, safe,
  File "pyarrow/array.pxi", line 91, in pyarrow.lib._ndarray_to_array
    check_status(NdarrayToArrow(pool, values, mask, from_pandas,
  File "pyarrow/error.pxi", line 92, in pyarrow.lib.check_status
pyarrow.lib.ArrowTypeError: ("Expected bytes, got a 'bool' object", 'Conversion failed for column Value with type object')
2026-10-08 17:40:27.798 Please replace `use_container_width` with `width`.

`use_container_width` will be removed after 2025-12-31.

For `use_container_width=True`, use `width='stretch'`. For `use_container_width=False`, use `width='content'`.
2026-10-08 17:40:27.799 Please replace `use_container_width` with `width`.

`use_container_width` will be removed after 2025-12-31.

For `use_container_width=True`, use `width='stretch'`. For `use_container_width=False`, use `width='content'`.
2026-10-08 17:40:27.800 Please replace `use_container_width` with `width`.

`use_container_width` will be removed after 2025-12-31.

For `use_container_width=True`, use `width='stretch'`. For `use_container_width=False`, use `width='content'`.
2026-10-08 17:40:27.803 Please replace `use_container_width` with `width`.

`use_container_width` will be removed after 2025-12-31.

For `use_container_width=True`, use `width='stretch'`. For `use_container_width=False`, use `width='content'`.
2026-10-08 17:40:27.806 Please replace `use_container_width` with `width`.

`use_container_width` will be removed after 2025-12-31.

For `use_container_width=True`, use `width='stretch'`. For `use_container_width=False`, use `width='content'`.
2026-10-08 17:40:27.820 Please replace `use_container_width` with `width`.

`use_container_width` will be removed after 2025-12-31.

For `use_container_width=True`, use `width='stretch'`. For `use_container_width=False`, use `width='content'`.
2026-10-08 17:40:27.821 Please replace `use_container_width` with `width`.

`use_container_width` will be removed after 2025-12-31.

For `use_container_width=True`, use `width='stretch'`. For `use_container_width=False`, use `width='content'`.
2026-10-08 17:40:27.822 Please replace `use_container_width` with `width`.

`use_container_width` will be removed after 2025-12-31.

For `use_container_width=True`, use `width='stretch'`. For `use_container_width=False`, use `width='content'`.
2026-10-08 17:40:27.823 Serialization of dataframe to Arrow table was unsuccessful. Applying automatic fixes for column types to make the dataframe Arrow-compatible.
Traceback (most recent call last):
  File "/workspace/scratch/42ffe4c93098/utilization9_runtime/lib/python3.14/site-packages/streamlit/dataframe_util.py", line 940, in convert_pandas_df_to_arrow_table
    return pa.Table.from_pandas(df, preserve_index=preserve_index)
           ~~~~~~~~~~~~~~~~~~~~^^^^^^^^^^^^^^^^^^^^^^^^^^^^^^^^^^^
  File "pyarrow/table.pxi", line 4768, in pyarrow.lib.Table.from_pandas
  File "/workspace/scratch/42ffe4c93098/utilization9_runtime/lib/python3.14/site-packages/pyarrow/pandas_compat.py", line 651, in dataframe_to_arrays
    arrays = [convert_column(c, f)
              ~~~~~~~~~~~~~~^^^^^^
  File "/workspace/scratch/42ffe4c93098/utilization9_runtime/lib/python3.14/site-packages/pyarrow/pandas_compat.py", line 639, in convert_column
    raise e
  File "/workspace/scratch/42ffe4c93098/utilization9_runtime/lib/python3.14/site-packages/pyarrow/pandas_compat.py", line 633, in convert_column
    result = pa.array(col, type=type_, from_pandas=True, safe=safe)
  File "pyarrow/array.pxi", line 390, in pyarrow.lib.array
    result = _ndarray_to_array(values, mask, type, c_from_pandas, safe,
  File "pyarrow/array.pxi", line 91, in pyarrow.lib._ndarray_to_array
    check_status(NdarrayToArrow(pool, values, mask, from_pandas,
  File "pyarrow/error.pxi", line 92, in pyarrow.lib.check_status
pyarrow.lib.ArrowTypeError: ("Expected bytes, got a 'float' object", 'Conversion failed for column Value with type object')
2026-10-08 17:40:27.827 Please replace `use_container_width` with `width`.

`use_container_width` will be removed after 2025-12-31.

For `use_container_width=True`, use `width='stretch'`. For `use_container_width=False`, use `width='content'`.
2026-10-08 17:40:27.827 Serialization of dataframe to Arrow table was unsuccessful. Applying automatic fixes for column types to make the dataframe Arrow-compatible.
Traceback (most recent call last):
  File "/workspace/scratch/42ffe4c93098/utilization9_runtime/lib/python3.14/site-packages/streamlit/dataframe_util.py", line 940, in convert_pandas_df_to_arrow_table
    return pa.Table.from_pandas(df, preserve_index=preserve_index)
           ~~~~~~~~~~~~~~~~~~~~^^^^^^^^^^^^^^^^^^^^^^^^^^^^^^^^^^^
  File "pyarrow/table.pxi", line 4768, in pyarrow.lib.Table.from_pandas
  File "/workspace/scratch/42ffe4c93098/utilization9_runtime/lib/python3.14/site-packages/pyarrow/pandas_compat.py", line 651, in dataframe_to_arrays
    arrays = [convert_column(c, f)
              ~~~~~~~~~~~~~~^^^^^^
  File "/workspace/scratch/42ffe4c93098/utilization9_runtime/lib/python3.14/site-packages/pyarrow/pandas_compat.py", line 639, in convert_column
    raise e
  File "/workspace/scratch/42ffe4c93098/utilization9_runtime/lib/python3.14/site-packages/pyarrow/pandas_compat.py", line 633, in convert_column
    result = pa.array(col, type=type_, from_pandas=True, safe=safe)
  File "pyarrow/array.pxi", line 390, in pyarrow.lib.array
    result = _ndarray_to_array(values, mask, type, c_from_pandas, safe,
  File "pyarrow/array.pxi", line 91, in pyarrow.lib._ndarray_to_array
    check_status(NdarrayToArrow(pool, values, mask, from_pandas,
  File "pyarrow/error.pxi", line 92, in pyarrow.lib.check_status
pyarrow.lib.ArrowInvalid: ("Could not convert 'Wet slab/topping, barrier, wearing surface, SDL/LL, building service loads' with type str: tried to convert to double", 'Conversion failed for column w_kN/m per girder with type object')
2026-10-08 17:40:27.829 Please replace `use_container_width` with `width`.

`use_container_width` will be removed after 2025-12-31.

For `use_container_width=True`, use `width='stretch'`. For `use_container_width=False`, use `width='content'`.
2026-10-08 17:40:27.831 Please replace `use_container_width` with `width`.

`use_container_width` will be removed after 2025-12-31.

For `use_container_width=True`, use `width='stretch'`. For `use_container_width=False`, use `width='content'`.
2026-10-08 17:40:27.833 Please replace `use_container_width` with `width`.

`use_container_width` will be removed after 2025-12-31.

For `use_container_width=True`, use `width='stretch'`. For `use_container_width=False`, use `width='content'`.
2026-10-08 17:40:27.839 Please replace `use_container_width` with `width`.

`use_container_width` will be removed after 2025-12-31.

For `use_container_width=True`, use `width='stretch'`. For `use_container_width=False`, use `width='content'`.
2026-10-08 17:40:27.840 Serialization of dataframe to Arrow table was unsuccessful. Applying automatic fixes for column types to make the dataframe Arrow-compatible.
Traceback (most recent call last):
  File "/workspace/scratch/42ffe4c93098/utilization9_runtime/lib/python3.14/site-packages/streamlit/dataframe_util.py", line 940, in convert_pandas_df_to_arrow_table
    return pa.Table.from_pandas(df, preserve_index=preserve_index)
           ~~~~~~~~~~~~~~~~~~~~^^^^^^^^^^^^^^^^^^^^^^^^^^^^^^^^^^^
  File "pyarrow/table.pxi", line 4768, in pyarrow.lib.Table.from_pandas
  File "/workspace/scratch/42ffe4c93098/utilization9_runtime/lib/python3.14/site-packages/pyarrow/pandas_compat.py", line 651, in dataframe_to_arrays
    arrays = [convert_column(c, f)
              ~~~~~~~~~~~~~~^^^^^^
  File "/workspace/scratch/42ffe4c93098/utilization9_runtime/lib/python3.14/site-packages/pyarrow/pandas_compat.py", line 639, in convert_column
    raise e
  File "/workspace/scratch/42ffe4c93098/utilization9_runtime/lib/python3.14/site-packages/pyarrow/pandas_compat.py", line 633, in convert_column
    result = pa.array(col, type=type_, from_pandas=True, safe=safe)
  File "pyarrow/array.pxi", line 390, in pyarrow.lib.array
    result = _ndarray_to_array(values, mask, type, c_from_pandas, safe,
  File "pyarrow/array.pxi", line 91, in pyarrow.lib._ndarray_to_array
    check_status(NdarrayToArrow(pool, values, mask, from_pandas,
  File "pyarrow/error.pxi", line 92, in pyarrow.lib.check_status
pyarrow.lib.ArrowInvalid: ('Could not convert 0 with type int: tried to convert to boolean', 'Conversion failed for column Value with type object')
2026-10-08 17:40:27.841 Please replace `use_container_width` with `width`.

`use_container_width` will be removed after 2025-12-31.

For `use_container_width=True`, use `width='stretch'`. For `use_container_width=False`, use `width='content'`.
2026-10-08 17:40:27.846 Please replace `use_container_width` with `width`.

`use_container_width` will be removed after 2025-12-31.

For `use_container_width=True`, use `width='stretch'`. For `use_container_width=False`, use `width='content'`.
2026-10-08 17:40:28.275 Please replace `use_container_width` with `width`.

`use_container_width` will be removed after 2025-12-31.

For `use_container_width=True`, use `width='stretch'`. For `use_container_width=False`, use `width='content'`.
2026-10-08 17:40:28.277 Please replace `use_container_width` with `width`.

`use_container_width` will be removed after 2025-12-31.

For `use_container_width=True`, use `width='stretch'`. For `use_container_width=False`, use `width='content'`.
2026-10-08 17:40:28.278 Please replace `use_container_width` with `width`.

`use_container_width` will be removed after 2025-12-31.

For `use_container_width=True`, use `width='stretch'`. For `use_container_width=False`, use `width='content'`.
2026-10-08 17:40:28.541 Please replace `use_container_width` with `width`.

`use_container_width` will be removed after 2025-12-31.

For `use_container_width=True`, use `width='stretch'`. For `use_container_width=False`, use `width='content'`.
2026-10-08 17:40:28.549 Please replace `use_container_width` with `width`.

`use_container_width` will be removed after 2025-12-31.

For `use_container_width=True`, use `width='stretch'`. For `use_container_width=False`, use `width='content'`.
2026-10-08 17:40:28.555 Please replace `use_container_width` with `width`.

`use_container_width` will be removed after 2025-12-31.

For `use_container_width=True`, use `width='stretch'`. For `use_container_width=False`, use `width='content'`.
2026-10-08 17:40:28.572 Please replace `use_container_width` with `width`.

`use_container_width` will be removed after 2025-12-31.

For `use_container_width=True`, use `width='stretch'`. For `use_container_width=False`, use `width='content'`.
2026-10-08 17:40:28.573 Please replace `use_container_width` with `width`.

`use_container_width` will be removed after 2025-12-31.

For `use_container_width=True`, use `width='stretch'`. For `use_container_width=False`, use `width='content'`.
2026-10-08 17:40:28.574 Please replace `use_container_width` with `width`.

`use_container_width` will be removed after 2025-12-31.

For `use_container_width=True`, use `width='stretch'`. For `use_container_width=False`, use `width='content'`.
2026-10-08 17:40:28.591 Please replace `use_container_width` with `width`.

`use_container_width` will be removed after 2025-12-31.

For `use_container_width=True`, use `width='stretch'`. For `use_container_width=False`, use `width='content'`.
2026-10-08 17:40:28.592 Please replace `use_container_width` with `width`.

`use_container_width` will be removed after 2025-12-31.

For `use_container_width=True`, use `width='stretch'`. For `use_container_width=False`, use `width='content'`.
2026-10-08 17:40:28.597 Please replace `use_container_width` with `width`.

`use_container_width` will be removed after 2025-12-31.

For `use_container_width=True`, use `width='stretch'`. For `use_container_width=False`, use `width='content'`.
2026-10-08 17:40:28.601 Please replace `use_container_width` with `width`.

`use_container_width` will be removed after 2025-12-31.

For `use_container_width=True`, use `width='stretch'`. For `use_container_width=False`, use `width='content'`.
2026-10-08 17:40:28.601 Serialization of dataframe to Arrow table was unsuccessful. Applying automatic fixes for column types to make the dataframe Arrow-compatible.
Traceback (most recent call last):
  File "/workspace/scratch/42ffe4c93098/utilization9_runtime/lib/python3.14/site-packages/streamlit/dataframe_util.py", line 940, in convert_pandas_df_to_arrow_table
    return pa.Table.from_pandas(df, preserve_index=preserve_index)
           ~~~~~~~~~~~~~~~~~~~~^^^^^^^^^^^^^^^^^^^^^^^^^^^^^^^^^^^
  File "pyarrow/table.pxi", line 4768, in pyarrow.lib.Table.from_pandas
  File "/workspace/scratch/42ffe4c93098/utilization9_runtime/lib/python3.14/site-packages/pyarrow/pandas_compat.py", line 651, in dataframe_to_arrays
    arrays = [convert_column(c, f)
              ~~~~~~~~~~~~~~^^^^^^
  File "/workspace/scratch/42ffe4c93098/utilization9_runtime/lib/python3.14/site-packages/pyarrow/pandas_compat.py", line 639, in convert_column
    raise e
  File "/workspace/scratch/42ffe4c93098/utilization9_runtime/lib/python3.14/site-packages/pyarrow/pandas_compat.py", line 633, in convert_column
    result = pa.array(col, type=type_, from_pandas=True, safe=safe)
  File "pyarrow/array.pxi", line 390, in pyarrow.lib.array
    result = _ndarray_to_array(values, mask, type, c_from_pandas, safe,
  File "pyarrow/array.pxi", line 91, in pyarrow.lib._ndarray_to_array
    check_status(NdarrayToArrow(pool, values, mask, from_pandas,
  File "pyarrow/error.pxi", line 92, in pyarrow.lib.check_status
pyarrow.lib.ArrowTypeError: ("Expected bytes, got a 'bool' object", 'Conversion failed for column Value with type object')
2026-10-08 17:40:28.604 Please replace `use_container_width` with `width`.

`use_container_width` will be removed after 2025-12-31.

For `use_container_width=True`, use `width='stretch'`. For `use_container_width=False`, use `width='content'`.
2026-10-08 17:40:28.605 Please replace `use_container_width` with `width`.

`use_container_width` will be removed after 2025-12-31.

For `use_container_width=True`, use `width='stretch'`. For `use_container_width=False`, use `width='content'`.
2026-10-08 17:40:28.606 Please replace `use_container_width` with `width`.

`use_container_width` will be removed after 2025-12-31.

For `use_container_width=True`, use `width='stretch'`. For `use_container_width=False`, use `width='content'`.
2026-10-08 17:40:28.607 Please replace `use_container_width` with `width`.

`use_container_width` will be removed after 2025-12-31.

For `use_container_width=True`, use `width='stretch'`. For `use_container_width=False`, use `width='content'`.
2026-10-08 17:40:28.609 Please replace `use_container_width` with `width`.

`use_container_width` will be removed after 2025-12-31.

For `use_container_width=True`, use `width='stretch'`. For `use_container_width=False`, use `width='content'`.
2026-10-08 17:40:28.623 Please replace `use_container_width` with `width`.

`use_container_width` will be removed after 2025-12-31.

For `use_container_width=True`, use `width='stretch'`. For `use_container_width=False`, use `width='content'`.
2026-10-08 17:40:28.626 Please replace `use_container_width` with `width`.

`use_container_width` will be removed after 2025-12-31.

For `use_container_width=True`, use `width='stretch'`. For `use_container_width=False`, use `width='content'`.
2026-10-08 17:40:28.627 Please replace `use_container_width` with `width`.

`use_container_width` will be removed after 2025-12-31.

For `use_container_width=True`, use `width='stretch'`. For `use_container_width=False`, use `width='content'`.
2026-10-08 17:40:28.628 Serialization of dataframe to Arrow table was unsuccessful. Applying automatic fixes for column types to make the dataframe Arrow-compatible.
Traceback (most recent call last):
  File "/workspace/scratch/42ffe4c93098/utilization9_runtime/lib/python3.14/site-packages/streamlit/dataframe_util.py", line 940, in convert_pandas_df_to_arrow_table
    return pa.Table.from_pandas(df, preserve_index=preserve_index)
           ~~~~~~~~~~~~~~~~~~~~^^^^^^^^^^^^^^^^^^^^^^^^^^^^^^^^^^^
  File "pyarrow/table.pxi", line 4768, in pyarrow.lib.Table.from_pandas
  File "/workspace/scratch/42ffe4c93098/utilization9_runtime/lib/python3.14/site-packages/pyarrow/pandas_compat.py", line 651, in dataframe_to_arrays
    arrays = [convert_column(c, f)
              ~~~~~~~~~~~~~~^^^^^^
  File "/workspace/scratch/42ffe4c93098/utilization9_runtime/lib/python3.14/site-packages/pyarrow/pandas_compat.py", line 639, in convert_column
    raise e
  File "/workspace/scratch/42ffe4c93098/utilization9_runtime/lib/python3.14/site-packages/pyarrow/pandas_compat.py", line 633, in convert_column
    result = pa.array(col, type=type_, from_pandas=True, safe=safe)
  File "pyarrow/array.pxi", line 390, in pyarrow.lib.array
    result = _ndarray_to_array(values, mask, type, c_from_pandas, safe,
  File "pyarrow/array.pxi", line 91, in pyarrow.lib._ndarray_to_array
    check_status(NdarrayToArrow(pool, values, mask, from_pandas,
  File "pyarrow/error.pxi", line 92, in pyarrow.lib.check_status
pyarrow.lib.ArrowTypeError: ("Expected bytes, got a 'float' object", 'Conversion failed for column Value with type object')
2026-10-08 17:40:28.630 Please replace `use_container_width` with `width`.

`use_container_width` will be removed after 2025-12-31.

For `use_container_width=True`, use `width='stretch'`. For `use_container_width=False`, use `width='content'`.
2026-10-08 17:40:28.630 Serialization of dataframe to Arrow table was unsuccessful. Applying automatic fixes for column types to make the dataframe Arrow-compatible.
Traceback (most recent call last):
  File "/workspace/scratch/42ffe4c93098/utilization9_runtime/lib/python3.14/site-packages/streamlit/dataframe_util.py", line 940, in convert_pandas_df_to_arrow_table
    return pa.Table.from_pandas(df, preserve_index=preserve_index)
           ~~~~~~~~~~~~~~~~~~~~^^^^^^^^^^^^^^^^^^^^^^^^^^^^^^^^^^^
  File "pyarrow/table.pxi", line 4768, in pyarrow.lib.Table.from_pandas
  File "/workspace/scratch/42ffe4c93098/utilization9_runtime/lib/python3.14/site-packages/pyarrow/pandas_compat.py", line 651, in dataframe_to_arrays
    arrays = [convert_column(c, f)
              ~~~~~~~~~~~~~~^^^^^^
  File "/workspace/scratch/42ffe4c93098/utilization9_runtime/lib/python3.14/site-packages/pyarrow/pandas_compat.py", line 639, in convert_column
    raise e
  File "/workspace/scratch/42ffe4c93098/utilization9_runtime/lib/python3.14/site-packages/pyarrow/pandas_compat.py", line 633, in convert_column
    result = pa.array(col, type=type_, from_pandas=True, safe=safe)
  File "pyarrow/array.pxi", line 390, in pyarrow.lib.array
    result = _ndarray_to_array(values, mask, type, c_from_pandas, safe,
  File "pyarrow/array.pxi", line 91, in pyarrow.lib._ndarray_to_array
    check_status(NdarrayToArrow(pool, values, mask, from_pandas,
  File "pyarrow/error.pxi", line 92, in pyarrow.lib.check_status
pyarrow.lib.ArrowInvalid: ("Could not convert 'Wet slab/topping, barrier, wearing surface, SDL/LL, building service loads' with type str: tried to convert to double", 'Conversion failed for column w_kN/m per girder with type object')
2026-10-08 17:40:28.632 Please replace `use_container_width` with `width`.

`use_container_width` will be removed after 2025-12-31.

For `use_container_width=True`, use `width='stretch'`. For `use_container_width=False`, use `width='content'`.
2026-10-08 17:40:28.634 Please replace `use_container_width` with `width`.

`use_container_width` will be removed after 2025-12-31.

For `use_container_width=True`, use `width='stretch'`. For `use_container_width=False`, use `width='content'`.
2026-10-08 17:40:28.636 Please replace `use_container_width` with `width`.

`use_container_width` will be removed after 2025-12-31.

For `use_container_width=True`, use `width='stretch'`. For `use_container_width=False`, use `width='content'`.
2026-10-08 17:40:28.642 Please replace `use_container_width` with `width`.

`use_container_width` will be removed after 2025-12-31.

For `use_container_width=True`, use `width='stretch'`. For `use_container_width=False`, use `width='content'`.
2026-10-08 17:40:28.642 Serialization of dataframe to Arrow table was unsuccessful. Applying automatic fixes for column types to make the dataframe Arrow-compatible.
Traceback (most recent call last):
  File "/workspace/scratch/42ffe4c93098/utilization9_runtime/lib/python3.14/site-packages/streamlit/dataframe_util.py", line 940, in convert_pandas_df_to_arrow_table
    return pa.Table.from_pandas(df, preserve_index=preserve_index)
           ~~~~~~~~~~~~~~~~~~~~^^^^^^^^^^^^^^^^^^^^^^^^^^^^^^^^^^^
  File "pyarrow/table.pxi", line 4768, in pyarrow.lib.Table.from_pandas
  File "/workspace/scratch/42ffe4c93098/utilization9_runtime/lib/python3.14/site-packages/pyarrow/pandas_compat.py", line 651, in dataframe_to_arrays
    arrays = [convert_column(c, f)
              ~~~~~~~~~~~~~~^^^^^^
  File "/workspace/scratch/42ffe4c93098/utilization9_runtime/lib/python3.14/site-packages/pyarrow/pandas_compat.py", line 639, in convert_column
    raise e
  File "/workspace/scratch/42ffe4c93098/utilization9_runtime/lib/python3.14/site-packages/pyarrow/pandas_compat.py", line 633, in convert_column
    result = pa.array(col, type=type_, from_pandas=True, safe=safe)
  File "pyarrow/array.pxi", line 390, in pyarrow.lib.array
    result = _ndarray_to_array(values, mask, type, c_from_pandas, safe,
  File "pyarrow/array.pxi", line 91, in pyarrow.lib._ndarray_to_array
    check_status(NdarrayToArrow(pool, values, mask, from_pandas,
  File "pyarrow/error.pxi", line 92, in pyarrow.lib.check_status
pyarrow.lib.ArrowInvalid: ('Could not convert 0 with type int: tried to convert to boolean', 'Conversion failed for column Value with type object')
2026-10-08 17:40:28.644 Please replace `use_container_width` with `width`.

`use_container_width` will be removed after 2025-12-31.

For `use_container_width=True`, use `width='stretch'`. For `use_container_width=False`, use `width='content'`.
2026-10-08 17:40:28.648 Please replace `use_container_width` with `width`.

`use_container_width` will be removed after 2025-12-31.

For `use_container_width=True`, use `width='stretch'`. For `use_container_width=False`, use `width='content'`.
2026-10-08 17:40:29.045 Please replace `use_container_width` with `width`.

`use_container_width` will be removed after 2025-12-31.

For `use_container_width=True`, use `width='stretch'`. For `use_container_width=False`, use `width='content'`.
2026-10-08 17:40:29.046 Please replace `use_container_width` with `width`.

`use_container_width` will be removed after 2025-12-31.

For `use_container_width=True`, use `width='stretch'`. For `use_container_width=False`, use `width='content'`.
2026-10-08 17:40:29.047 Please replace `use_container_width` with `width`.

`use_container_width` will be removed after 2025-12-31.

For `use_container_width=True`, use `width='stretch'`. For `use_container_width=False`, use `width='content'`.
2026-10-08 17:40:29.276 Please replace `use_container_width` with `width`.

`use_container_width` will be removed after 2025-12-31.

For `use_container_width=True`, use `width='stretch'`. For `use_container_width=False`, use `width='content'`.
2026-10-08 17:40:29.283 Please replace `use_container_width` with `width`.

`use_container_width` will be removed after 2025-12-31.

For `use_container_width=True`, use `width='stretch'`. For `use_container_width=False`, use `width='content'`.
2026-10-08 17:40:29.288 Please replace `use_container_width` with `width`.

`use_container_width` will be removed after 2025-12-31.

For `use_container_width=True`, use `width='stretch'`. For `use_container_width=False`, use `width='content'`.
2026-10-08 17:40:29.303 Please replace `use_container_width` with `width`.

`use_container_width` will be removed after 2025-12-31.

For `use_container_width=True`, use `width='stretch'`. For `use_container_width=False`, use `width='content'`.
2026-10-08 17:40:29.305 Please replace `use_container_width` with `width`.

`use_container_width` will be removed after 2025-12-31.

For `use_container_width=True`, use `width='stretch'`. For `use_container_width=False`, use `width='content'`.
2026-10-08 17:40:29.305 Please replace `use_container_width` with `width`.

`use_container_width` will be removed after 2025-12-31.

For `use_container_width=True`, use `width='stretch'`. For `use_container_width=False`, use `width='content'`.
2026-10-08 17:40:29.319 Please replace `use_container_width` with `width`.

`use_container_width` will be removed after 2025-12-31.

For `use_container_width=True`, use `width='stretch'`. For `use_container_width=False`, use `width='content'`.
2026-10-08 17:40:29.320 Please replace `use_container_width` with `width`.

`use_container_width` will be removed after 2025-12-31.

For `use_container_width=True`, use `width='stretch'`. For `use_container_width=False`, use `width='content'`.
2026-10-08 17:40:29.325 Please replace `use_container_width` with `width`.

`use_container_width` will be removed after 2025-12-31.

For `use_container_width=True`, use `width='stretch'`. For `use_container_width=False`, use `width='content'`.
2026-10-08 17:40:29.330 Please replace `use_container_width` with `width`.

`use_container_width` will be removed after 2025-12-31.

For `use_container_width=True`, use `width='stretch'`. For `use_container_width=False`, use `width='content'`.
2026-10-08 17:40:29.330 Serialization of dataframe to Arrow table was unsuccessful. Applying automatic fixes for column types to make the dataframe Arrow-compatible.
Traceback (most recent call last):
  File "/workspace/scratch/42ffe4c93098/utilization9_runtime/lib/python3.14/site-packages/streamlit/dataframe_util.py", line 940, in convert_pandas_df_to_arrow_table
    return pa.Table.from_pandas(df, preserve_index=preserve_index)
           ~~~~~~~~~~~~~~~~~~~~^^^^^^^^^^^^^^^^^^^^^^^^^^^^^^^^^^^
  File "pyarrow/table.pxi", line 4768, in pyarrow.lib.Table.from_pandas
  File "/workspace/scratch/42ffe4c93098/utilization9_runtime/lib/python3.14/site-packages/pyarrow/pandas_compat.py", line 651, in dataframe_to_arrays
    arrays = [convert_column(c, f)
              ~~~~~~~~~~~~~~^^^^^^
  File "/workspace/scratch/42ffe4c93098/utilization9_runtime/lib/python3.14/site-packages/pyarrow/pandas_compat.py", line 639, in convert_column
    raise e
  File "/workspace/scratch/42ffe4c93098/utilization9_runtime/lib/python3.14/site-packages/pyarrow/pandas_compat.py", line 633, in convert_column
    result = pa.array(col, type=type_, from_pandas=True, safe=safe)
  File "pyarrow/array.pxi", line 390, in pyarrow.lib.array
    result = _ndarray_to_array(values, mask, type, c_from_pandas, safe,
  File "pyarrow/array.pxi", line 91, in pyarrow.lib._ndarray_to_array
    check_status(NdarrayToArrow(pool, values, mask, from_pandas,
  File "pyarrow/error.pxi", line 92, in pyarrow.lib.check_status
pyarrow.lib.ArrowTypeError: ("Expected bytes, got a 'bool' object", 'Conversion failed for column Value with type object')
2026-10-08 17:40:29.332 Please replace `use_container_width` with `width`.

`use_container_width` will be removed after 2025-12-31.

For `use_container_width=True`, use `width='stretch'`. For `use_container_width=False`, use `width='content'`.
2026-10-08 17:40:29.334 Please replace `use_container_width` with `width`.

`use_container_width` will be removed after 2025-12-31.

For `use_container_width=True`, use `width='stretch'`. For `use_container_width=False`, use `width='content'`.
2026-10-08 17:40:29.335 Please replace `use_container_width` with `width`.

`use_container_width` will be removed after 2025-12-31.

For `use_container_width=True`, use `width='stretch'`. For `use_container_width=False`, use `width='content'`.
2026-10-08 17:40:29.336 Please replace `use_container_width` with `width`.

`use_container_width` will be removed after 2025-12-31.

For `use_container_width=True`, use `width='stretch'`. For `use_container_width=False`, use `width='content'`.
2026-10-08 17:40:29.338 Please replace `use_container_width` with `width`.

`use_container_width` will be removed after 2025-12-31.

For `use_container_width=True`, use `width='stretch'`. For `use_container_width=False`, use `width='content'`.
2026-10-08 17:40:29.353 Please replace `use_container_width` with `width`.

`use_container_width` will be removed after 2025-12-31.

For `use_container_width=True`, use `width='stretch'`. For `use_container_width=False`, use `width='content'`.
2026-10-08 17:40:29.354 Please replace `use_container_width` with `width`.

`use_container_width` will be removed after 2025-12-31.

For `use_container_width=True`, use `width='stretch'`. For `use_container_width=False`, use `width='content'`.
2026-10-08 17:40:29.355 Please replace `use_container_width` with `width`.

`use_container_width` will be removed after 2025-12-31.

For `use_container_width=True`, use `width='stretch'`. For `use_container_width=False`, use `width='content'`.
2026-10-08 17:40:29.356 Serialization of dataframe to Arrow table was unsuccessful. Applying automatic fixes for column types to make the dataframe Arrow-compatible.
Traceback (most recent call last):
  File "/workspace/scratch/42ffe4c93098/utilization9_runtime/lib/python3.14/site-packages/streamlit/dataframe_util.py", line 940, in convert_pandas_df_to_arrow_table
    return pa.Table.from_pandas(df, preserve_index=preserve_index)
           ~~~~~~~~~~~~~~~~~~~~^^^^^^^^^^^^^^^^^^^^^^^^^^^^^^^^^^^
  File "pyarrow/table.pxi", line 4768, in pyarrow.lib.Table.from_pandas
  File "/workspace/scratch/42ffe4c93098/utilization9_runtime/lib/python3.14/site-packages/pyarrow/pandas_compat.py", line 651, in dataframe_to_arrays
    arrays = [convert_column(c, f)
              ~~~~~~~~~~~~~~^^^^^^
  File "/workspace/scratch/42ffe4c93098/utilization9_runtime/lib/python3.14/site-packages/pyarrow/pandas_compat.py", line 639, in convert_column
    raise e
  File "/workspace/scratch/42ffe4c93098/utilization9_runtime/lib/python3.14/site-packages/pyarrow/pandas_compat.py", line 633, in convert_column
    result = pa.array(col, type=type_, from_pandas=True, safe=safe)
  File "pyarrow/array.pxi", line 390, in pyarrow.lib.array
    result = _ndarray_to_array(values, mask, type, c_from_pandas, safe,
  File "pyarrow/array.pxi", line 91, in pyarrow.lib._ndarray_to_array
    check_status(NdarrayToArrow(pool, values, mask, from_pandas,
  File "pyarrow/error.pxi", line 92, in pyarrow.lib.check_status
pyarrow.lib.ArrowTypeError: ("Expected bytes, got a 'float' object", 'Conversion failed for column Value with type object')
2026-10-08 17:40:29.358 Please replace `use_container_width` with `width`.

`use_container_width` will be removed after 2025-12-31.

For `use_container_width=True`, use `width='stretch'`. For `use_container_width=False`, use `width='content'`.
2026-10-08 17:40:29.358 Serialization of dataframe to Arrow table was unsuccessful. Applying automatic fixes for column types to make the dataframe Arrow-compatible.
Traceback (most recent call last):
  File "/workspace/scratch/42ffe4c93098/utilization9_runtime/lib/python3.14/site-packages/streamlit/dataframe_util.py", line 940, in convert_pandas_df_to_arrow_table
    return pa.Table.from_pandas(df, preserve_index=preserve_index)
           ~~~~~~~~~~~~~~~~~~~~^^^^^^^^^^^^^^^^^^^^^^^^^^^^^^^^^^^
  File "pyarrow/table.pxi", line 4768, in pyarrow.lib.Table.from_pandas
  File "/workspace/scratch/42ffe4c93098/utilization9_runtime/lib/python3.14/site-packages/pyarrow/pandas_compat.py", line 651, in dataframe_to_arrays
    arrays = [convert_column(c, f)
              ~~~~~~~~~~~~~~^^^^^^
  File "/workspace/scratch/42ffe4c93098/utilization9_runtime/lib/python3.14/site-packages/pyarrow/pandas_compat.py", line 639, in convert_column
    raise e
  File "/workspace/scratch/42ffe4c93098/utilization9_runtime/lib/python3.14/site-packages/pyarrow/pandas_compat.py", line 633, in convert_column
    result = pa.array(col, type=type_, from_pandas=True, safe=safe)
  File "pyarrow/array.pxi", line 390, in pyarrow.lib.array
    result = _ndarray_to_array(values, mask, type, c_from_pandas, safe,
  File "pyarrow/array.pxi", line 91, in pyarrow.lib._ndarray_to_array
    check_status(NdarrayToArrow(pool, values, mask, from_pandas,
  File "pyarrow/error.pxi", line 92, in pyarrow.lib.check_status
pyarrow.lib.ArrowInvalid: ("Could not convert 'Wet slab/topping, barrier, wearing surface, SDL/LL, building service loads' with type str: tried to convert to double", 'Conversion failed for column w_kN/m per girder with type object')
2026-10-08 17:40:29.360 Please replace `use_container_width` with `width`.

`use_container_width` will be removed after 2025-12-31.

For `use_container_width=True`, use `width='stretch'`. For `use_container_width=False`, use `width='content'`.
2026-10-08 17:40:29.362 Please replace `use_container_width` with `width`.

`use_container_width` will be removed after 2025-12-31.

For `use_container_width=True`, use `width='stretch'`. For `use_container_width=False`, use `width='content'`.
2026-10-08 17:40:29.364 Please replace `use_container_width` with `width`.

`use_container_width` will be removed after 2025-12-31.

For `use_container_width=True`, use `width='stretch'`. For `use_container_width=False`, use `width='content'`.
2026-10-08 17:40:29.370 Please replace `use_container_width` with `width`.

`use_container_width` will be removed after 2025-12-31.

For `use_container_width=True`, use `width='stretch'`. For `use_container_width=False`, use `width='content'`.
2026-10-08 17:40:29.370 Serialization of dataframe to Arrow table was unsuccessful. Applying automatic fixes for column types to make the dataframe Arrow-compatible.
Traceback (most recent call last):
  File "/workspace/scratch/42ffe4c93098/utilization9_runtime/lib/python3.14/site-packages/streamlit/dataframe_util.py", line 940, in convert_pandas_df_to_arrow_table
    return pa.Table.from_pandas(df, preserve_index=preserve_index)
           ~~~~~~~~~~~~~~~~~~~~^^^^^^^^^^^^^^^^^^^^^^^^^^^^^^^^^^^
  File "pyarrow/table.pxi", line 4768, in pyarrow.lib.Table.from_pandas
  File "/workspace/scratch/42ffe4c93098/utilization9_runtime/lib/python3.14/site-packages/pyarrow/pandas_compat.py", line 651, in dataframe_to_arrays
    arrays = [convert_column(c, f)
              ~~~~~~~~~~~~~~^^^^^^
  File "/workspace/scratch/42ffe4c93098/utilization9_runtime/lib/python3.14/site-packages/pyarrow/pandas_compat.py", line 639, in convert_column
    raise e
  File "/workspace/scratch/42ffe4c93098/utilization9_runtime/lib/python3.14/site-packages/pyarrow/pandas_compat.py", line 633, in convert_column
    result = pa.array(col, type=type_, from_pandas=True, safe=safe)
  File "pyarrow/array.pxi", line 390, in pyarrow.lib.array
    result = _ndarray_to_array(values, mask, type, c_from_pandas, safe,
  File "pyarrow/array.pxi", line 91, in pyarrow.lib._ndarray_to_array
    check_status(NdarrayToArrow(pool, values, mask, from_pandas,
  File "pyarrow/error.pxi", line 92, in pyarrow.lib.check_status
pyarrow.lib.ArrowInvalid: ('Could not convert 0 with type int: tried to convert to boolean', 'Conversion failed for column Value with type object')
2026-10-08 17:40:29.371 Please replace `use_container_width` with `width`.

`use_container_width` will be removed after 2025-12-31.

For `use_container_width=True`, use `width='stretch'`. For `use_container_width=False`, use `width='content'`.
2026-10-08 17:40:29.376 Please replace `use_container_width` with `width`.

`use_container_width` will be removed after 2025-12-31.

For `use_container_width=True`, use `width='stretch'`. For `use_container_width=False`, use `width='content'`.
2026-10-08 17:40:29.831 Please replace `use_container_width` with `width`.

`use_container_width` will be removed after 2025-12-31.

For `use_container_width=True`, use `width='stretch'`. For `use_container_width=False`, use `width='content'`.
2026-10-08 17:40:29.833 Please replace `use_container_width` with `width`.

`use_container_width` will be removed after 2025-12-31.

For `use_container_width=True`, use `width='stretch'`. For `use_container_width=False`, use `width='content'`.
2026-10-08 17:40:29.834 Please replace `use_container_width` with `width`.

`use_container_width` will be removed after 2025-12-31.

For `use_container_width=True`, use `width='stretch'`. For `use_container_width=False`, use `width='content'`.
2026-10-08 17:40:30.072 Please replace `use_container_width` with `width`.

`use_container_width` will be removed after 2025-12-31.

For `use_container_width=True`, use `width='stretch'`. For `use_container_width=False`, use `width='content'`.
2026-10-08 17:40:30.082 Please replace `use_container_width` with `width`.

`use_container_width` will be removed after 2025-12-31.

For `use_container_width=True`, use `width='stretch'`. For `use_container_width=False`, use `width='content'`.
2026-10-08 17:40:30.087 Please replace `use_container_width` with `width`.

`use_container_width` will be removed after 2025-12-31.

For `use_container_width=True`, use `width='stretch'`. For `use_container_width=False`, use `width='content'`.
2026-10-08 17:40:30.097 Please replace `use_container_width` with `width`.

`use_container_width` will be removed after 2025-12-31.

For `use_container_width=True`, use `width='stretch'`. For `use_container_width=False`, use `width='content'`.
2026-10-08 17:40:30.108 Please replace `use_container_width` with `width`.

`use_container_width` will be removed after 2025-12-31.

For `use_container_width=True`, use `width='stretch'`. For `use_container_width=False`, use `width='content'`.
2026-10-08 17:40:30.109 Please replace `use_container_width` with `width`.

`use_container_width` will be removed after 2025-12-31.

For `use_container_width=True`, use `width='stretch'`. For `use_container_width=False`, use `width='content'`.
2026-10-08 17:40:30.109 Please replace `use_container_width` with `width`.

`use_container_width` will be removed after 2025-12-31.

For `use_container_width=True`, use `width='stretch'`. For `use_container_width=False`, use `width='content'`.
2026-10-08 17:40:30.123 Please replace `use_container_width` with `width`.

`use_container_width` will be removed after 2025-12-31.

For `use_container_width=True`, use `width='stretch'`. For `use_container_width=False`, use `width='content'`.
2026-10-08 17:40:30.123 Please replace `use_container_width` with `width`.

`use_container_width` will be removed after 2025-12-31.

For `use_container_width=True`, use `width='stretch'`. For `use_container_width=False`, use `width='content'`.
2026-10-08 17:40:30.128 Please replace `use_container_width` with `width`.

`use_container_width` will be removed after 2025-12-31.

For `use_container_width=True`, use `width='stretch'`. For `use_container_width=False`, use `width='content'`.
2026-10-08 17:40:30.132 Please replace `use_container_width` with `width`.

`use_container_width` will be removed after 2025-12-31.

For `use_container_width=True`, use `width='stretch'`. For `use_container_width=False`, use `width='content'`.
2026-10-08 17:40:30.132 Serialization of dataframe to Arrow table was unsuccessful. Applying automatic fixes for column types to make the dataframe Arrow-compatible.
Traceback (most recent call last):
  File "/workspace/scratch/42ffe4c93098/utilization9_runtime/lib/python3.14/site-packages/streamlit/dataframe_util.py", line 940, in convert_pandas_df_to_arrow_table
    return pa.Table.from_pandas(df, preserve_index=preserve_index)
           ~~~~~~~~~~~~~~~~~~~~^^^^^^^^^^^^^^^^^^^^^^^^^^^^^^^^^^^
  File "pyarrow/table.pxi", line 4768, in pyarrow.lib.Table.from_pandas
  File "/workspace/scratch/42ffe4c93098/utilization9_runtime/lib/python3.14/site-packages/pyarrow/pandas_compat.py", line 651, in dataframe_to_arrays
    arrays = [convert_column(c, f)
              ~~~~~~~~~~~~~~^^^^^^
  File "/workspace/scratch/42ffe4c93098/utilization9_runtime/lib/python3.14/site-packages/pyarrow/pandas_compat.py", line 639, in convert_column
    raise e
  File "/workspace/scratch/42ffe4c93098/utilization9_runtime/lib/python3.14/site-packages/pyarrow/pandas_compat.py", line 633, in convert_column
    result = pa.array(col, type=type_, from_pandas=True, safe=safe)
  File "pyarrow/array.pxi", line 390, in pyarrow.lib.array
    result = _ndarray_to_array(values, mask, type, c_from_pandas, safe,
  File "pyarrow/array.pxi", line 91, in pyarrow.lib._ndarray_to_array
    check_status(NdarrayToArrow(pool, values, mask, from_pandas,
  File "pyarrow/error.pxi", line 92, in pyarrow.lib.check_status
pyarrow.lib.ArrowTypeError: ("Expected bytes, got a 'bool' object", 'Conversion failed for column Value with type object')
2026-10-08 17:40:30.134 Please replace `use_container_width` with `width`.

`use_container_width` will be removed after 2025-12-31.

For `use_container_width=True`, use `width='stretch'`. For `use_container_width=False`, use `width='content'`.
2026-10-08 17:40:30.135 Please replace `use_container_width` with `width`.

`use_container_width` will be removed after 2025-12-31.

For `use_container_width=True`, use `width='stretch'`. For `use_container_width=False`, use `width='content'`.
2026-10-08 17:40:30.136 Please replace `use_container_width` with `width`.

`use_container_width` will be removed after 2025-12-31.

For `use_container_width=True`, use `width='stretch'`. For `use_container_width=False`, use `width='content'`.
2026-10-08 17:40:30.138 Please replace `use_container_width` with `width`.

`use_container_width` will be removed after 2025-12-31.

For `use_container_width=True`, use `width='stretch'`. For `use_container_width=False`, use `width='content'`.
2026-10-08 17:40:30.140 Please replace `use_container_width` with `width`.

`use_container_width` will be removed after 2025-12-31.

For `use_container_width=True`, use `width='stretch'`. For `use_container_width=False`, use `width='content'`.
2026-10-08 17:40:30.153 Please replace `use_container_width` with `width`.

`use_container_width` will be removed after 2025-12-31.

For `use_container_width=True`, use `width='stretch'`. For `use_container_width=False`, use `width='content'`.
2026-10-08 17:40:30.155 Please replace `use_container_width` with `width`.

`use_container_width` will be removed after 2025-12-31.

For `use_container_width=True`, use `width='stretch'`. For `use_container_width=False`, use `width='content'`.
2026-10-08 17:40:30.156 Please replace `use_container_width` with `width`.

`use_container_width` will be removed after 2025-12-31.

For `use_container_width=True`, use `width='stretch'`. For `use_container_width=False`, use `width='content'`.
2026-10-08 17:40:30.157 Serialization of dataframe to Arrow table was unsuccessful. Applying automatic fixes for column types to make the dataframe Arrow-compatible.
Traceback (most recent call last):
  File "/workspace/scratch/42ffe4c93098/utilization9_runtime/lib/python3.14/site-packages/streamlit/dataframe_util.py", line 940, in convert_pandas_df_to_arrow_table
    return pa.Table.from_pandas(df, preserve_index=preserve_index)
           ~~~~~~~~~~~~~~~~~~~~^^^^^^^^^^^^^^^^^^^^^^^^^^^^^^^^^^^
  File "pyarrow/table.pxi", line 4768, in pyarrow.lib.Table.from_pandas
  File "/workspace/scratch/42ffe4c93098/utilization9_runtime/lib/python3.14/site-packages/pyarrow/pandas_compat.py", line 651, in dataframe_to_arrays
    arrays = [convert_column(c, f)
              ~~~~~~~~~~~~~~^^^^^^
  File "/workspace/scratch/42ffe4c93098/utilization9_runtime/lib/python3.14/site-packages/pyarrow/pandas_compat.py", line 639, in convert_column
    raise e
  File "/workspace/scratch/42ffe4c93098/utilization9_runtime/lib/python3.14/site-packages/pyarrow/pandas_compat.py", line 633, in convert_column
    result = pa.array(col, type=type_, from_pandas=True, safe=safe)
  File "pyarrow/array.pxi", line 390, in pyarrow.lib.array
    result = _ndarray_to_array(values, mask, type, c_from_pandas, safe,
  File "pyarrow/array.pxi", line 91, in pyarrow.lib._ndarray_to_array
    check_status(NdarrayToArrow(pool, values, mask, from_pandas,
  File "pyarrow/error.pxi", line 92, in pyarrow.lib.check_status
pyarrow.lib.ArrowTypeError: ("Expected bytes, got a 'float' object", 'Conversion failed for column Value with type object')
2026-10-08 17:40:30.159 Please replace `use_container_width` with `width`.

`use_container_width` will be removed after 2025-12-31.

For `use_container_width=True`, use `width='stretch'`. For `use_container_width=False`, use `width='content'`.
2026-10-08 17:40:30.159 Serialization of dataframe to Arrow table was unsuccessful. Applying automatic fixes for column types to make the dataframe Arrow-compatible.
Traceback (most recent call last):
  File "/workspace/scratch/42ffe4c93098/utilization9_runtime/lib/python3.14/site-packages/streamlit/dataframe_util.py", line 940, in convert_pandas_df_to_arrow_table
    return pa.Table.from_pandas(df, preserve_index=preserve_index)
           ~~~~~~~~~~~~~~~~~~~~^^^^^^^^^^^^^^^^^^^^^^^^^^^^^^^^^^^
  File "pyarrow/table.pxi", line 4768, in pyarrow.lib.Table.from_pandas
  File "/workspace/scratch/42ffe4c93098/utilization9_runtime/lib/python3.14/site-packages/pyarrow/pandas_compat.py", line 651, in dataframe_to_arrays
    arrays = [convert_column(c, f)
              ~~~~~~~~~~~~~~^^^^^^
  File "/workspace/scratch/42ffe4c93098/utilization9_runtime/lib/python3.14/site-packages/pyarrow/pandas_compat.py", line 639, in convert_column
    raise e
  File "/workspace/scratch/42ffe4c93098/utilization9_runtime/lib/python3.14/site-packages/pyarrow/pandas_compat.py", line 633, in convert_column
    result = pa.array(col, type=type_, from_pandas=True, safe=safe)
  File "pyarrow/array.pxi", line 390, in pyarrow.lib.array
    result = _ndarray_to_array(values, mask, type, c_from_pandas, safe,
  File "pyarrow/array.pxi", line 91, in pyarrow.lib._ndarray_to_array
    check_status(NdarrayToArrow(pool, values, mask, from_pandas,
  File "pyarrow/error.pxi", line 92, in pyarrow.lib.check_status
pyarrow.lib.ArrowInvalid: ("Could not convert 'Wet slab/topping, barrier, wearing surface, SDL/LL, building service loads' with type str: tried to convert to double", 'Conversion failed for column w_kN/m per girder with type object')
2026-10-08 17:40:30.161 Please replace `use_container_width` with `width`.

`use_container_width` will be removed after 2025-12-31.

For `use_container_width=True`, use `width='stretch'`. For `use_container_width=False`, use `width='content'`.
2026-10-08 17:40:30.163 Please replace `use_container_width` with `width`.

`use_container_width` will be removed after 2025-12-31.

For `use_container_width=True`, use `width='stretch'`. For `use_container_width=False`, use `width='content'`.
2026-10-08 17:40:30.165 Please replace `use_container_width` with `width`.

`use_container_width` will be removed after 2025-12-31.

For `use_container_width=True`, use `width='stretch'`. For `use_container_width=False`, use `width='content'`.
2026-10-08 17:40:30.171 Please replace `use_container_width` with `width`.

`use_container_width` will be removed after 2025-12-31.

For `use_container_width=True`, use `width='stretch'`. For `use_container_width=False`, use `width='content'`.
2026-10-08 17:40:30.172 Serialization of dataframe to Arrow table was unsuccessful. Applying automatic fixes for column types to make the dataframe Arrow-compatible.
Traceback (most recent call last):
  File "/workspace/scratch/42ffe4c93098/utilization9_runtime/lib/python3.14/site-packages/streamlit/dataframe_util.py", line 940, in convert_pandas_df_to_arrow_table
    return pa.Table.from_pandas(df, preserve_index=preserve_index)
           ~~~~~~~~~~~~~~~~~~~~^^^^^^^^^^^^^^^^^^^^^^^^^^^^^^^^^^^
  File "pyarrow/table.pxi", line 4768, in pyarrow.lib.Table.from_pandas
  File "/workspace/scratch/42ffe4c93098/utilization9_runtime/lib/python3.14/site-packages/pyarrow/pandas_compat.py", line 651, in dataframe_to_arrays
    arrays = [convert_column(c, f)
              ~~~~~~~~~~~~~~^^^^^^
  File "/workspace/scratch/42ffe4c93098/utilization9_runtime/lib/python3.14/site-packages/pyarrow/pandas_compat.py", line 639, in convert_column
    raise e
  File "/workspace/scratch/42ffe4c93098/utilization9_runtime/lib/python3.14/site-packages/pyarrow/pandas_compat.py", line 633, in convert_column
    result = pa.array(col, type=type_, from_pandas=True, safe=safe)
  File "pyarrow/array.pxi", line 390, in pyarrow.lib.array
    result = _ndarray_to_array(values, mask, type, c_from_pandas, safe,
  File "pyarrow/array.pxi", line 91, in pyarrow.lib._ndarray_to_array
    check_status(NdarrayToArrow(pool, values, mask, from_pandas,
  File "pyarrow/error.pxi", line 92, in pyarrow.lib.check_status
pyarrow.lib.ArrowInvalid: ('Could not convert 0 with type int: tried to convert to boolean', 'Conversion failed for column Value with type object')
2026-10-08 17:40:30.174 Please replace `use_container_width` with `width`.

`use_container_width` will be removed after 2025-12-31.

For `use_container_width=True`, use `width='stretch'`. For `use_container_width=False`, use `width='content'`.
2026-10-08 17:40:30.179 Please replace `use_container_width` with `width`.

`use_container_width` will be removed after 2025-12-31.

For `use_container_width=True`, use `width='stretch'`. For `use_container_width=False`, use `width='content'`.
2026-10-08 17:40:30.660 Please replace `use_container_width` with `width`.

`use_container_width` will be removed after 2025-12-31.

For `use_container_width=True`, use `width='stretch'`. For `use_container_width=False`, use `width='content'`.
2026-10-08 17:40:30.661 Please replace `use_container_width` with `width`.

`use_container_width` will be removed after 2025-12-31.

For `use_container_width=True`, use `width='stretch'`. For `use_container_width=False`, use `width='content'`.
2026-10-08 17:40:30.662 Please replace `use_container_width` with `width`.

`use_container_width` will be removed after 2025-12-31.

For `use_container_width=True`, use `width='stretch'`. For `use_container_width=False`, use `width='content'`.
2026-10-08 17:40:30.932 Please replace `use_container_width` with `width`.

`use_container_width` will be removed after 2025-12-31.

For `use_container_width=True`, use `width='stretch'`. For `use_container_width=False`, use `width='content'`.
2026-10-08 17:40:30.941 Please replace `use_container_width` with `width`.

`use_container_width` will be removed after 2025-12-31.

For `use_container_width=True`, use `width='stretch'`. For `use_container_width=False`, use `width='content'`.
2026-10-08 17:40:30.947 Please replace `use_container_width` with `width`.

`use_container_width` will be removed after 2025-12-31.

For `use_container_width=True`, use `width='stretch'`. For `use_container_width=False`, use `width='content'`.
2026-10-08 17:40:30.957 Please replace `use_container_width` with `width`.

`use_container_width` will be removed after 2025-12-31.

For `use_container_width=True`, use `width='stretch'`. For `use_container_width=False`, use `width='content'`.
2026-10-08 17:40:31.047 Please replace `use_container_width` with `width`.

`use_container_width` will be removed after 2025-12-31.

For `use_container_width=True`, use `width='stretch'`. For `use_container_width=False`, use `width='content'`.
2026-10-08 17:40:31.048 Please replace `use_container_width` with `width`.

`use_container_width` will be removed after 2025-12-31.

For `use_container_width=True`, use `width='stretch'`. For `use_container_width=False`, use `width='content'`.
2026-10-08 17:40:31.049 Please replace `use_container_width` with `width`.

`use_container_width` will be removed after 2025-12-31.

For `use_container_width=True`, use `width='stretch'`. For `use_container_width=False`, use `width='content'`.
2026-10-08 17:40:31.064 Please replace `use_container_width` with `width`.

`use_container_width` will be removed after 2025-12-31.

For `use_container_width=True`, use `width='stretch'`. For `use_container_width=False`, use `width='content'`.
2026-10-08 17:40:31.065 Please replace `use_container_width` with `width`.

`use_container_width` will be removed after 2025-12-31.

For `use_container_width=True`, use `width='stretch'`. For `use_container_width=False`, use `width='content'`.
2026-10-08 17:40:31.070 Please replace `use_container_width` with `width`.

`use_container_width` will be removed after 2025-12-31.

For `use_container_width=True`, use `width='stretch'`. For `use_container_width=False`, use `width='content'`.
2026-10-08 17:40:31.075 Please replace `use_container_width` with `width`.

`use_container_width` will be removed after 2025-12-31.

For `use_container_width=True`, use `width='stretch'`. For `use_container_width=False`, use `width='content'`.
2026-10-08 17:40:31.075 Serialization of dataframe to Arrow table was unsuccessful. Applying automatic fixes for column types to make the dataframe Arrow-compatible.
Traceback (most recent call last):
  File "/workspace/scratch/42ffe4c93098/utilization9_runtime/lib/python3.14/site-packages/streamlit/dataframe_util.py", line 940, in convert_pandas_df_to_arrow_table
    return pa.Table.from_pandas(df, preserve_index=preserve_index)
           ~~~~~~~~~~~~~~~~~~~~^^^^^^^^^^^^^^^^^^^^^^^^^^^^^^^^^^^
  File "pyarrow/table.pxi", line 4768, in pyarrow.lib.Table.from_pandas
  File "/workspace/scratch/42ffe4c93098/utilization9_runtime/lib/python3.14/site-packages/pyarrow/pandas_compat.py", line 651, in dataframe_to_arrays
    arrays = [convert_column(c, f)
              ~~~~~~~~~~~~~~^^^^^^
  File "/workspace/scratch/42ffe4c93098/utilization9_runtime/lib/python3.14/site-packages/pyarrow/pandas_compat.py", line 639, in convert_column
    raise e
  File "/workspace/scratch/42ffe4c93098/utilization9_runtime/lib/python3.14/site-packages/pyarrow/pandas_compat.py", line 633, in convert_column
    result = pa.array(col, type=type_, from_pandas=True, safe=safe)
  File "pyarrow/array.pxi", line 390, in pyarrow.lib.array
    result = _ndarray_to_array(values, mask, type, c_from_pandas, safe,
  File "pyarrow/array.pxi", line 91, in pyarrow.lib._ndarray_to_array
    check_status(NdarrayToArrow(pool, values, mask, from_pandas,
  File "pyarrow/error.pxi", line 92, in pyarrow.lib.check_status
pyarrow.lib.ArrowTypeError: ("Expected bytes, got a 'bool' object", 'Conversion failed for column Value with type object')
2026-10-08 17:40:31.078 Please replace `use_container_width` with `width`.

`use_container_width` will be removed after 2025-12-31.

For `use_container_width=True`, use `width='stretch'`. For `use_container_width=False`, use `width='content'`.
2026-10-08 17:40:31.079 Please replace `use_container_width` with `width`.

`use_container_width` will be removed after 2025-12-31.

For `use_container_width=True`, use `width='stretch'`. For `use_container_width=False`, use `width='content'`.
2026-10-08 17:40:31.080 Please replace `use_container_width` with `width`.

`use_container_width` will be removed after 2025-12-31.

For `use_container_width=True`, use `width='stretch'`. For `use_container_width=False`, use `width='content'`.
2026-10-08 17:40:31.081 Please replace `use_container_width` with `width`.

`use_container_width` will be removed after 2025-12-31.

For `use_container_width=True`, use `width='stretch'`. For `use_container_width=False`, use `width='content'`.
2026-10-08 17:40:31.083 Please replace `use_container_width` with `width`.

`use_container_width` will be removed after 2025-12-31.

For `use_container_width=True`, use `width='stretch'`. For `use_container_width=False`, use `width='content'`.
2026-10-08 17:40:31.098 Please replace `use_container_width` with `width`.

`use_container_width` will be removed after 2025-12-31.

For `use_container_width=True`, use `width='stretch'`. For `use_container_width=False`, use `width='content'`.
2026-10-08 17:40:31.100 Please replace `use_container_width` with `width`.

`use_container_width` will be removed after 2025-12-31.

For `use_container_width=True`, use `width='stretch'`. For `use_container_width=False`, use `width='content'`.
2026-10-08 17:40:31.101 Please replace `use_container_width` with `width`.

`use_container_width` will be removed after 2025-12-31.

For `use_container_width=True`, use `width='stretch'`. For `use_container_width=False`, use `width='content'`.
2026-10-08 17:40:31.101 Serialization of dataframe to Arrow table was unsuccessful. Applying automatic fixes for column types to make the dataframe Arrow-compatible.
Traceback (most recent call last):
  File "/workspace/scratch/42ffe4c93098/utilization9_runtime/lib/python3.14/site-packages/streamlit/dataframe_util.py", line 940, in convert_pandas_df_to_arrow_table
    return pa.Table.from_pandas(df, preserve_index=preserve_index)
           ~~~~~~~~~~~~~~~~~~~~^^^^^^^^^^^^^^^^^^^^^^^^^^^^^^^^^^^
  File "pyarrow/table.pxi", line 4768, in pyarrow.lib.Table.from_pandas
  File "/workspace/scratch/42ffe4c93098/utilization9_runtime/lib/python3.14/site-packages/pyarrow/pandas_compat.py", line 651, in dataframe_to_arrays
    arrays = [convert_column(c, f)
              ~~~~~~~~~~~~~~^^^^^^
  File "/workspace/scratch/42ffe4c93098/utilization9_runtime/lib/python3.14/site-packages/pyarrow/pandas_compat.py", line 639, in convert_column
    raise e
  File "/workspace/scratch/42ffe4c93098/utilization9_runtime/lib/python3.14/site-packages/pyarrow/pandas_compat.py", line 633, in convert_column
    result = pa.array(col, type=type_, from_pandas=True, safe=safe)
  File "pyarrow/array.pxi", line 390, in pyarrow.lib.array
    result = _ndarray_to_array(values, mask, type, c_from_pandas, safe,
  File "pyarrow/array.pxi", line 91, in pyarrow.lib._ndarray_to_array
    check_status(NdarrayToArrow(pool, values, mask, from_pandas,
  File "pyarrow/error.pxi", line 92, in pyarrow.lib.check_status
pyarrow.lib.ArrowTypeError: ("Expected bytes, got a 'float' object", 'Conversion failed for column Value with type object')
2026-10-08 17:40:31.104 Please replace `use_container_width` with `width`.

`use_container_width` will be removed after 2025-12-31.

For `use_container_width=True`, use `width='stretch'`. For `use_container_width=False`, use `width='content'`.
2026-10-08 17:40:31.104 Serialization of dataframe to Arrow table was unsuccessful. Applying automatic fixes for column types to make the dataframe Arrow-compatible.
Traceback (most recent call last):
  File "/workspace/scratch/42ffe4c93098/utilization9_runtime/lib/python3.14/site-packages/streamlit/dataframe_util.py", line 940, in convert_pandas_df_to_arrow_table
    return pa.Table.from_pandas(df, preserve_index=preserve_index)
           ~~~~~~~~~~~~~~~~~~~~^^^^^^^^^^^^^^^^^^^^^^^^^^^^^^^^^^^
  File "pyarrow/table.pxi", line 4768, in pyarrow.lib.Table.from_pandas
  File "/workspace/scratch/42ffe4c93098/utilization9_runtime/lib/python3.14/site-packages/pyarrow/pandas_compat.py", line 651, in dataframe_to_arrays
    arrays = [convert_column(c, f)
              ~~~~~~~~~~~~~~^^^^^^
  File "/workspace/scratch/42ffe4c93098/utilization9_runtime/lib/python3.14/site-packages/pyarrow/pandas_compat.py", line 639, in convert_column
    raise e
  File "/workspace/scratch/42ffe4c93098/utilization9_runtime/lib/python3.14/site-packages/pyarrow/pandas_compat.py", line 633, in convert_column
    result = pa.array(col, type=type_, from_pandas=True, safe=safe)
  File "pyarrow/array.pxi", line 390, in pyarrow.lib.array
    result = _ndarray_to_array(values, mask, type, c_from_pandas, safe,
  File "pyarrow/array.pxi", line 91, in pyarrow.lib._ndarray_to_array
    check_status(NdarrayToArrow(pool, values, mask, from_pandas,
  File "pyarrow/error.pxi", line 92, in pyarrow.lib.check_status
pyarrow.lib.ArrowInvalid: ("Could not convert 'Wet slab/topping, barrier, wearing surface, SDL/LL, building service loads' with type str: tried to convert to double", 'Conversion failed for column w_kN/m per girder with type object')
2026-10-08 17:40:31.106 Please replace `use_container_width` with `width`.

`use_container_width` will be removed after 2025-12-31.

For `use_container_width=True`, use `width='stretch'`. For `use_container_width=False`, use `width='content'`.
2026-10-08 17:40:31.108 Please replace `use_container_width` with `width`.

`use_container_width` will be removed after 2025-12-31.

For `use_container_width=True`, use `width='stretch'`. For `use_container_width=False`, use `width='content'`.
2026-10-08 17:40:31.110 Please replace `use_container_width` with `width`.

`use_container_width` will be removed after 2025-12-31.

For `use_container_width=True`, use `width='stretch'`. For `use_container_width=False`, use `width='content'`.
2026-10-08 17:40:31.115 Please replace `use_container_width` with `width`.

`use_container_width` will be removed after 2025-12-31.

For `use_container_width=True`, use `width='stretch'`. For `use_container_width=False`, use `width='content'`.
2026-10-08 17:40:31.116 Serialization of dataframe to Arrow table was unsuccessful. Applying automatic fixes for column types to make the dataframe Arrow-compatible.
Traceback (most recent call last):
  File "/workspace/scratch/42ffe4c93098/utilization9_runtime/lib/python3.14/site-packages/streamlit/dataframe_util.py", line 940, in convert_pandas_df_to_arrow_table
    return pa.Table.from_pandas(df, preserve_index=preserve_index)
           ~~~~~~~~~~~~~~~~~~~~^^^^^^^^^^^^^^^^^^^^^^^^^^^^^^^^^^^
  File "pyarrow/table.pxi", line 4768, in pyarrow.lib.Table.from_pandas
  File "/workspace/scratch/42ffe4c93098/utilization9_runtime/lib/python3.14/site-packages/pyarrow/pandas_compat.py", line 651, in dataframe_to_arrays
    arrays = [convert_column(c, f)
              ~~~~~~~~~~~~~~^^^^^^
  File "/workspace/scratch/42ffe4c93098/utilization9_runtime/lib/python3.14/site-packages/pyarrow/pandas_compat.py", line 639, in convert_column
    raise e
  File "/workspace/scratch/42ffe4c93098/utilization9_runtime/lib/python3.14/site-packages/pyarrow/pandas_compat.py", line 633, in convert_column
    result = pa.array(col, type=type_, from_pandas=True, safe=safe)
  File "pyarrow/array.pxi", line 390, in pyarrow.lib.array
    result = _ndarray_to_array(values, mask, type, c_from_pandas, safe,
  File "pyarrow/array.pxi", line 91, in pyarrow.lib._ndarray_to_array
    check_status(NdarrayToArrow(pool, values, mask, from_pandas,
  File "pyarrow/error.pxi", line 92, in pyarrow.lib.check_status
pyarrow.lib.ArrowInvalid: ('Could not convert 0 with type int: tried to convert to boolean', 'Conversion failed for column Value with type object')
2026-10-08 17:40:31.117 Please replace `use_container_width` with `width`.

`use_container_width` will be removed after 2025-12-31.

For `use_container_width=True`, use `width='stretch'`. For `use_container_width=False`, use `width='content'`.
2026-10-08 17:40:31.121 Please replace `use_container_width` with `width`.

`use_container_width` will be removed after 2025-12-31.

For `use_container_width=True`, use `width='stretch'`. For `use_container_width=False`, use `width='content'`.
2026-10-08 17:40:31.510 Please replace `use_container_width` with `width`.

`use_container_width` will be removed after 2025-12-31.

For `use_container_width=True`, use `width='stretch'`. For `use_container_width=False`, use `width='content'`.
2026-10-08 17:40:31.511 Please replace `use_container_width` with `width`.

`use_container_width` will be removed after 2025-12-31.

For `use_container_width=True`, use `width='stretch'`. For `use_container_width=False`, use `width='content'`.
2026-10-08 17:40:31.512 Please replace `use_container_width` with `width`.

`use_container_width` will be removed after 2025-12-31.

For `use_container_width=True`, use `width='stretch'`. For `use_container_width=False`, use `width='content'`.
2026-10-08 17:40:31.758 Please replace `use_container_width` with `width`.

`use_container_width` will be removed after 2025-12-31.

For `use_container_width=True`, use `width='stretch'`. For `use_container_width=False`, use `width='content'`.
2026-10-08 17:40:31.765 Please replace `use_container_width` with `width`.

`use_container_width` will be removed after 2025-12-31.

For `use_container_width=True`, use `width='stretch'`. For `use_container_width=False`, use `width='content'`.
2026-10-08 17:40:31.770 Please replace `use_container_width` with `width`.

`use_container_width` will be removed after 2025-12-31.

For `use_container_width=True`, use `width='stretch'`. For `use_container_width=False`, use `width='content'`.
2026-10-08 17:40:31.785 Please replace `use_container_width` with `width`.

`use_container_width` will be removed after 2025-12-31.

For `use_container_width=True`, use `width='stretch'`. For `use_container_width=False`, use `width='content'`.
2026-10-08 17:40:31.786 Please replace `use_container_width` with `width`.

`use_container_width` will be removed after 2025-12-31.

For `use_container_width=True`, use `width='stretch'`. For `use_container_width=False`, use `width='content'`.
2026-10-08 17:40:31.787 Please replace `use_container_width` with `width`.

`use_container_width` will be removed after 2025-12-31.

For `use_container_width=True`, use `width='stretch'`. For `use_container_width=False`, use `width='content'`.
2026-10-08 17:40:31.804 Please replace `use_container_width` with `width`.

`use_container_width` will be removed after 2025-12-31.

For `use_container_width=True`, use `width='stretch'`. For `use_container_width=False`, use `width='content'`.
2026-10-08 17:40:31.805 Please replace `use_container_width` with `width`.

`use_container_width` will be removed after 2025-12-31.

For `use_container_width=True`, use `width='stretch'`. For `use_container_width=False`, use `width='content'`.
2026-10-08 17:40:31.810 Please replace `use_container_width` with `width`.

`use_container_width` will be removed after 2025-12-31.

For `use_container_width=True`, use `width='stretch'`. For `use_container_width=False`, use `width='content'`.
2026-10-08 17:40:31.817 Please replace `use_container_width` with `width`.

`use_container_width` will be removed after 2025-12-31.

For `use_container_width=True`, use `width='stretch'`. For `use_container_width=False`, use `width='content'`.
2026-10-08 17:40:31.818 Serialization of dataframe to Arrow table was unsuccessful. Applying automatic fixes for column types to make the dataframe Arrow-compatible.
Traceback (most recent call last):
  File "/workspace/scratch/42ffe4c93098/utilization9_runtime/lib/python3.14/site-packages/streamlit/dataframe_util.py", line 940, in convert_pandas_df_to_arrow_table
    return pa.Table.from_pandas(df, preserve_index=preserve_index)
           ~~~~~~~~~~~~~~~~~~~~^^^^^^^^^^^^^^^^^^^^^^^^^^^^^^^^^^^
  File "pyarrow/table.pxi", line 4768, in pyarrow.lib.Table.from_pandas
  File "/workspace/scratch/42ffe4c93098/utilization9_runtime/lib/python3.14/site-packages/pyarrow/pandas_compat.py", line 651, in dataframe_to_arrays
    arrays = [convert_column(c, f)
              ~~~~~~~~~~~~~~^^^^^^
  File "/workspace/scratch/42ffe4c93098/utilization9_runtime/lib/python3.14/site-packages/pyarrow/pandas_compat.py", line 639, in convert_column
    raise e
  File "/workspace/scratch/42ffe4c93098/utilization9_runtime/lib/python3.14/site-packages/pyarrow/pandas_compat.py", line 633, in convert_column
    result = pa.array(col, type=type_, from_pandas=True, safe=safe)
  File "pyarrow/array.pxi", line 390, in pyarrow.lib.array
    result = _ndarray_to_array(values, mask, type, c_from_pandas, safe,
  File "pyarrow/array.pxi", line 91, in pyarrow.lib._ndarray_to_array
    check_status(NdarrayToArrow(pool, values, mask, from_pandas,
  File "pyarrow/error.pxi", line 92, in pyarrow.lib.check_status
pyarrow.lib.ArrowTypeError: ("Expected bytes, got a 'bool' object", 'Conversion failed for column Value with type object')
2026-10-08 17:40:31.821 Please replace `use_container_width` with `width`.

`use_container_width` will be removed after 2025-12-31.

For `use_container_width=True`, use `width='stretch'`. For `use_container_width=False`, use `width='content'`.
2026-10-08 17:40:31.823 Please replace `use_container_width` with `width`.

`use_container_width` will be removed after 2025-12-31.

For `use_container_width=True`, use `width='stretch'`. For `use_container_width=False`, use `width='content'`.
2026-10-08 17:40:31.824 Please replace `use_container_width` with `width`.

`use_container_width` will be removed after 2025-12-31.

For `use_container_width=True`, use `width='stretch'`. For `use_container_width=False`, use `width='content'`.
2026-10-08 17:40:31.826 Please replace `use_container_width` with `width`.

`use_container_width` will be removed after 2025-12-31.

For `use_container_width=True`, use `width='stretch'`. For `use_container_width=False`, use `width='content'`.
2026-10-08 17:40:31.828 Please replace `use_container_width` with `width`.

`use_container_width` will be removed after 2025-12-31.

For `use_container_width=True`, use `width='stretch'`. For `use_container_width=False`, use `width='content'`.
2026-10-08 17:40:31.843 Please replace `use_container_width` with `width`.

`use_container_width` will be removed after 2025-12-31.

For `use_container_width=True`, use `width='stretch'`. For `use_container_width=False`, use `width='content'`.
2026-10-08 17:40:31.845 Please replace `use_container_width` with `width`.

`use_container_width` will be removed after 2025-12-31.

For `use_container_width=True`, use `width='stretch'`. For `use_container_width=False`, use `width='content'`.
2026-10-08 17:40:31.846 Please replace `use_container_width` with `width`.

`use_container_width` will be removed after 2025-12-31.

For `use_container_width=True`, use `width='stretch'`. For `use_container_width=False`, use `width='content'`.
2026-10-08 17:40:31.847 Serialization of dataframe to Arrow table was unsuccessful. Applying automatic fixes for column types to make the dataframe Arrow-compatible.
Traceback (most recent call last):
  File "/workspace/scratch/42ffe4c93098/utilization9_runtime/lib/python3.14/site-packages/streamlit/dataframe_util.py", line 940, in convert_pandas_df_to_arrow_table
    return pa.Table.from_pandas(df, preserve_index=preserve_index)
           ~~~~~~~~~~~~~~~~~~~~^^^^^^^^^^^^^^^^^^^^^^^^^^^^^^^^^^^
  File "pyarrow/table.pxi", line 4768, in pyarrow.lib.Table.from_pandas
  File "/workspace/scratch/42ffe4c93098/utilization9_runtime/lib/python3.14/site-packages/pyarrow/pandas_compat.py", line 651, in dataframe_to_arrays
    arrays = [convert_column(c, f)
              ~~~~~~~~~~~~~~^^^^^^
  File "/workspace/scratch/42ffe4c93098/utilization9_runtime/lib/python3.14/site-packages/pyarrow/pandas_compat.py", line 639, in convert_column
    raise e
  File "/workspace/scratch/42ffe4c93098/utilization9_runtime/lib/python3.14/site-packages/pyarrow/pandas_compat.py", line 633, in convert_column
    result = pa.array(col, type=type_, from_pandas=True, safe=safe)
  File "pyarrow/array.pxi", line 390, in pyarrow.lib.array
    result = _ndarray_to_array(values, mask, type, c_from_pandas, safe,
  File "pyarrow/array.pxi", line 91, in pyarrow.lib._ndarray_to_array
    check_status(NdarrayToArrow(pool, values, mask, from_pandas,
  File "pyarrow/error.pxi", line 92, in pyarrow.lib.check_status
pyarrow.lib.ArrowTypeError: ("Expected bytes, got a 'float' object", 'Conversion failed for column Value with type object')
2026-10-08 17:40:31.850 Please replace `use_container_width` with `width`.

`use_container_width` will be removed after 2025-12-31.

For `use_container_width=True`, use `width='stretch'`. For `use_container_width=False`, use `width='content'`.
2026-10-08 17:40:31.850 Serialization of dataframe to Arrow table was unsuccessful. Applying automatic fixes for column types to make the dataframe Arrow-compatible.
Traceback (most recent call last):
  File "/workspace/scratch/42ffe4c93098/utilization9_runtime/lib/python3.14/site-packages/streamlit/dataframe_util.py", line 940, in convert_pandas_df_to_arrow_table
    return pa.Table.from_pandas(df, preserve_index=preserve_index)
           ~~~~~~~~~~~~~~~~~~~~^^^^^^^^^^^^^^^^^^^^^^^^^^^^^^^^^^^
  File "pyarrow/table.pxi", line 4768, in pyarrow.lib.Table.from_pandas
  File "/workspace/scratch/42ffe4c93098/utilization9_runtime/lib/python3.14/site-packages/pyarrow/pandas_compat.py", line 651, in dataframe_to_arrays
    arrays = [convert_column(c, f)
              ~~~~~~~~~~~~~~^^^^^^
  File "/workspace/scratch/42ffe4c93098/utilization9_runtime/lib/python3.14/site-packages/pyarrow/pandas_compat.py", line 639, in convert_column
    raise e
  File "/workspace/scratch/42ffe4c93098/utilization9_runtime/lib/python3.14/site-packages/pyarrow/pandas_compat.py", line 633, in convert_column
    result = pa.array(col, type=type_, from_pandas=True, safe=safe)
  File "pyarrow/array.pxi", line 390, in pyarrow.lib.array
    result = _ndarray_to_array(values, mask, type, c_from_pandas, safe,
  File "pyarrow/array.pxi", line 91, in pyarrow.lib._ndarray_to_array
    check_status(NdarrayToArrow(pool, values, mask, from_pandas,
  File "pyarrow/error.pxi", line 92, in pyarrow.lib.check_status
pyarrow.lib.ArrowInvalid: ("Could not convert 'Wet slab/topping, barrier, wearing surface, SDL/LL, building service loads' with type str: tried to convert to double", 'Conversion failed for column w_kN/m per girder with type object')
2026-10-08 17:40:31.852 Please replace `use_container_width` with `width`.

`use_container_width` will be removed after 2025-12-31.

For `use_container_width=True`, use `width='stretch'`. For `use_container_width=False`, use `width='content'`.
2026-10-08 17:40:31.855 Please replace `use_container_width` with `width`.

`use_container_width` will be removed after 2025-12-31.

For `use_container_width=True`, use `width='stretch'`. For `use_container_width=False`, use `width='content'`.
2026-10-08 17:40:31.856 Please replace `use_container_width` with `width`.

`use_container_width` will be removed after 2025-12-31.

For `use_container_width=True`, use `width='stretch'`. For `use_container_width=False`, use `width='content'`.
2026-10-08 17:40:31.862 Please replace `use_container_width` with `width`.

`use_container_width` will be removed after 2025-12-31.

For `use_container_width=True`, use `width='stretch'`. For `use_container_width=False`, use `width='content'`.
2026-10-08 17:40:31.863 Serialization of dataframe to Arrow table was unsuccessful. Applying automatic fixes for column types to make the dataframe Arrow-compatible.
Traceback (most recent call last):
  File "/workspace/scratch/42ffe4c93098/utilization9_runtime/lib/python3.14/site-packages/streamlit/dataframe_util.py", line 940, in convert_pandas_df_to_arrow_table
    return pa.Table.from_pandas(df, preserve_index=preserve_index)
           ~~~~~~~~~~~~~~~~~~~~^^^^^^^^^^^^^^^^^^^^^^^^^^^^^^^^^^^
  File "pyarrow/table.pxi", line 4768, in pyarrow.lib.Table.from_pandas
  File "/workspace/scratch/42ffe4c93098/utilization9_runtime/lib/python3.14/site-packages/pyarrow/pandas_compat.py", line 651, in dataframe_to_arrays
    arrays = [convert_column(c, f)
              ~~~~~~~~~~~~~~^^^^^^
  File "/workspace/scratch/42ffe4c93098/utilization9_runtime/lib/python3.14/site-packages/pyarrow/pandas_compat.py", line 639, in convert_column
    raise e
  File "/workspace/scratch/42ffe4c93098/utilization9_runtime/lib/python3.14/site-packages/pyarrow/pandas_compat.py", line 633, in convert_column
    result = pa.array(col, type=type_, from_pandas=True, safe=safe)
  File "pyarrow/array.pxi", line 390, in pyarrow.lib.array
    result = _ndarray_to_array(values, mask, type, c_from_pandas, safe,
  File "pyarrow/array.pxi", line 91, in pyarrow.lib._ndarray_to_array
    check_status(NdarrayToArrow(pool, values, mask, from_pandas,
  File "pyarrow/error.pxi", line 92, in pyarrow.lib.check_status
pyarrow.lib.ArrowInvalid: ('Could not convert 0 with type int: tried to convert to boolean', 'Conversion failed for column Value with type object')
2026-10-08 17:40:31.867 Please replace `use_container_width` with `width`.

`use_container_width` will be removed after 2025-12-31.

For `use_container_width=True`, use `width='stretch'`. For `use_container_width=False`, use `width='content'`.
2026-10-08 17:40:31.873 Please replace `use_container_width` with `width`.

`use_container_width` will be removed after 2025-12-31.

For `use_container_width=True`, use `width='stretch'`. For `use_container_width=False`, use `width='content'`.
2026-10-08 17:40:32.304 Please replace `use_container_width` with `width`.

`use_container_width` will be removed after 2025-12-31.

For `use_container_width=True`, use `width='stretch'`. For `use_container_width=False`, use `width='content'`.
2026-10-08 17:40:32.305 Please replace `use_container_width` with `width`.

`use_container_width` will be removed after 2025-12-31.

For `use_container_width=True`, use `width='stretch'`. For `use_container_width=False`, use `width='content'`.
2026-10-08 17:40:32.306 Please replace `use_container_width` with `width`.

`use_container_width` will be removed after 2025-12-31.

For `use_container_width=True`, use `width='stretch'`. For `use_container_width=False`, use `width='content'`.
2026-10-08 17:40:32.587 Please replace `use_container_width` with `width`.

`use_container_width` will be removed after 2025-12-31.

For `use_container_width=True`, use `width='stretch'`. For `use_container_width=False`, use `width='content'`.
2026-10-08 17:40:32.597 Please replace `use_container_width` with `width`.

`use_container_width` will be removed after 2025-12-31.

For `use_container_width=True`, use `width='stretch'`. For `use_container_width=False`, use `width='content'`.
2026-10-08 17:40:32.603 Please replace `use_container_width` with `width`.

`use_container_width` will be removed after 2025-12-31.

For `use_container_width=True`, use `width='stretch'`. For `use_container_width=False`, use `width='content'`.
2026-10-08 17:40:32.620 Please replace `use_container_width` with `width`.

`use_container_width` will be removed after 2025-12-31.

For `use_container_width=True`, use `width='stretch'`. For `use_container_width=False`, use `width='content'`.
2026-10-08 17:40:32.621 Please replace `use_container_width` with `width`.

`use_container_width` will be removed after 2025-12-31.

For `use_container_width=True`, use `width='stretch'`. For `use_container_width=False`, use `width='content'`.
2026-10-08 17:40:32.623 Please replace `use_container_width` with `width`.

`use_container_width` will be removed after 2025-12-31.

For `use_container_width=True`, use `width='stretch'`. For `use_container_width=False`, use `width='content'`.
2026-10-08 17:40:32.651 Please replace `use_container_width` with `width`.

`use_container_width` will be removed after 2025-12-31.

For `use_container_width=True`, use `width='stretch'`. For `use_container_width=False`, use `width='content'`.
2026-10-08 17:40:32.655 Please replace `use_container_width` with `width`.

`use_container_width` will be removed after 2025-12-31.

For `use_container_width=True`, use `width='stretch'`. For `use_container_width=False`, use `width='content'`.
2026-10-08 17:40:32.665 Please replace `use_container_width` with `width`.

`use_container_width` will be removed after 2025-12-31.

For `use_container_width=True`, use `width='stretch'`. For `use_container_width=False`, use `width='content'`.
2026-10-08 17:40:32.670 Please replace `use_container_width` with `width`.

`use_container_width` will be removed after 2025-12-31.

For `use_container_width=True`, use `width='stretch'`. For `use_container_width=False`, use `width='content'`.
2026-10-08 17:40:32.670 Serialization of dataframe to Arrow table was unsuccessful. Applying automatic fixes for column types to make the dataframe Arrow-compatible.
Traceback (most recent call last):
  File "/workspace/scratch/42ffe4c93098/utilization9_runtime/lib/python3.14/site-packages/streamlit/dataframe_util.py", line 940, in convert_pandas_df_to_arrow_table
    return pa.Table.from_pandas(df, preserve_index=preserve_index)
           ~~~~~~~~~~~~~~~~~~~~^^^^^^^^^^^^^^^^^^^^^^^^^^^^^^^^^^^
  File "pyarrow/table.pxi", line 4768, in pyarrow.lib.Table.from_pandas
  File "/workspace/scratch/42ffe4c93098/utilization9_runtime/lib/python3.14/site-packages/pyarrow/pandas_compat.py", line 651, in dataframe_to_arrays
    arrays = [convert_column(c, f)
              ~~~~~~~~~~~~~~^^^^^^
  File "/workspace/scratch/42ffe4c93098/utilization9_runtime/lib/python3.14/site-packages/pyarrow/pandas_compat.py", line 639, in convert_column
    raise e
  File "/workspace/scratch/42ffe4c93098/utilization9_runtime/lib/python3.14/site-packages/pyarrow/pandas_compat.py", line 633, in convert_column
    result = pa.array(col, type=type_, from_pandas=True, safe=safe)
  File "pyarrow/array.pxi", line 390, in pyarrow.lib.array
    result = _ndarray_to_array(values, mask, type, c_from_pandas, safe,
  File "pyarrow/array.pxi", line 91, in pyarrow.lib._ndarray_to_array
    check_status(NdarrayToArrow(pool, values, mask, from_pandas,
  File "pyarrow/error.pxi", line 92, in pyarrow.lib.check_status
pyarrow.lib.ArrowTypeError: ("Expected bytes, got a 'bool' object", 'Conversion failed for column Value with type object')
2026-10-08 17:40:32.672 Please replace `use_container_width` with `width`.

`use_container_width` will be removed after 2025-12-31.

For `use_container_width=True`, use `width='stretch'`. For `use_container_width=False`, use `width='content'`.
2026-10-08 17:40:32.674 Please replace `use_container_width` with `width`.

`use_container_width` will be removed after 2025-12-31.

For `use_container_width=True`, use `width='stretch'`. For `use_container_width=False`, use `width='content'`.
2026-10-08 17:40:32.675 Please replace `use_container_width` with `width`.

`use_container_width` will be removed after 2025-12-31.

For `use_container_width=True`, use `width='stretch'`. For `use_container_width=False`, use `width='content'`.
2026-10-08 17:40:32.676 Please replace `use_container_width` with `width`.

`use_container_width` will be removed after 2025-12-31.

For `use_container_width=True`, use `width='stretch'`. For `use_container_width=False`, use `width='content'`.
2026-10-08 17:40:32.677 Please replace `use_container_width` with `width`.

`use_container_width` will be removed after 2025-12-31.

For `use_container_width=True`, use `width='stretch'`. For `use_container_width=False`, use `width='content'`.
2026-10-08 17:40:32.694 Please replace `use_container_width` with `width`.

`use_container_width` will be removed after 2025-12-31.

For `use_container_width=True`, use `width='stretch'`. For `use_container_width=False`, use `width='content'`.
2026-10-08 17:40:32.697 Please replace `use_container_width` with `width`.

`use_container_width` will be removed after 2025-12-31.

For `use_container_width=True`, use `width='stretch'`. For `use_container_width=False`, use `width='content'`.
2026-10-08 17:40:32.699 Please replace `use_container_width` with `width`.

`use_container_width` will be removed after 2025-12-31.

For `use_container_width=True`, use `width='stretch'`. For `use_container_width=False`, use `width='content'`.
2026-10-08 17:40:32.699 Serialization of dataframe to Arrow table was unsuccessful. Applying automatic fixes for column types to make the dataframe Arrow-compatible.
Traceback (most recent call last):
  File "/workspace/scratch/42ffe4c93098/utilization9_runtime/lib/python3.14/site-packages/streamlit/dataframe_util.py", line 940, in convert_pandas_df_to_arrow_table
    return pa.Table.from_pandas(df, preserve_index=preserve_index)
           ~~~~~~~~~~~~~~~~~~~~^^^^^^^^^^^^^^^^^^^^^^^^^^^^^^^^^^^
  File "pyarrow/table.pxi", line 4768, in pyarrow.lib.Table.from_pandas
  File "/workspace/scratch/42ffe4c93098/utilization9_runtime/lib/python3.14/site-packages/pyarrow/pandas_compat.py", line 651, in dataframe_to_arrays
    arrays = [convert_column(c, f)
              ~~~~~~~~~~~~~~^^^^^^
  File "/workspace/scratch/42ffe4c93098/utilization9_runtime/lib/python3.14/site-packages/pyarrow/pandas_compat.py", line 639, in convert_column
    raise e
  File "/workspace/scratch/42ffe4c93098/utilization9_runtime/lib/python3.14/site-packages/pyarrow/pandas_compat.py", line 633, in convert_column
    result = pa.array(col, type=type_, from_pandas=True, safe=safe)
  File "pyarrow/array.pxi", line 390, in pyarrow.lib.array
    result = _ndarray_to_array(values, mask, type, c_from_pandas, safe,
  File "pyarrow/array.pxi", line 91, in pyarrow.lib._ndarray_to_array
    check_status(NdarrayToArrow(pool, values, mask, from_pandas,
  File "pyarrow/error.pxi", line 92, in pyarrow.lib.check_status
pyarrow.lib.ArrowTypeError: ("Expected bytes, got a 'float' object", 'Conversion failed for column Value with type object')
2026-10-08 17:40:32.701 Please replace `use_container_width` with `width`.

`use_container_width` will be removed after 2025-12-31.

For `use_container_width=True`, use `width='stretch'`. For `use_container_width=False`, use `width='content'`.
2026-10-08 17:40:32.702 Serialization of dataframe to Arrow table was unsuccessful. Applying automatic fixes for column types to make the dataframe Arrow-compatible.
Traceback (most recent call last):
  File "/workspace/scratch/42ffe4c93098/utilization9_runtime/lib/python3.14/site-packages/streamlit/dataframe_util.py", line 940, in convert_pandas_df_to_arrow_table
    return pa.Table.from_pandas(df, preserve_index=preserve_index)
           ~~~~~~~~~~~~~~~~~~~~^^^^^^^^^^^^^^^^^^^^^^^^^^^^^^^^^^^
  File "pyarrow/table.pxi", line 4768, in pyarrow.lib.Table.from_pandas
  File "/workspace/scratch/42ffe4c93098/utilization9_runtime/lib/python3.14/site-packages/pyarrow/pandas_compat.py", line 651, in dataframe_to_arrays
    arrays = [convert_column(c, f)
              ~~~~~~~~~~~~~~^^^^^^
  File "/workspace/scratch/42ffe4c93098/utilization9_runtime/lib/python3.14/site-packages/pyarrow/pandas_compat.py", line 639, in convert_column
    raise e
  File "/workspace/scratch/42ffe4c93098/utilization9_runtime/lib/python3.14/site-packages/pyarrow/pandas_compat.py", line 633, in convert_column
    result = pa.array(col, type=type_, from_pandas=True, safe=safe)
  File "pyarrow/array.pxi", line 390, in pyarrow.lib.array
    result = _ndarray_to_array(values, mask, type, c_from_pandas, safe,
  File "pyarrow/array.pxi", line 91, in pyarrow.lib._ndarray_to_array
    check_status(NdarrayToArrow(pool, values, mask, from_pandas,
  File "pyarrow/error.pxi", line 92, in pyarrow.lib.check_status
pyarrow.lib.ArrowInvalid: ("Could not convert 'Wet slab/topping, barrier, wearing surface, SDL/LL, building service loads' with type str: tried to convert to double", 'Conversion failed for column w_kN/m per girder with type object')
2026-10-08 17:40:32.704 Please replace `use_container_width` with `width`.

`use_container_width` will be removed after 2025-12-31.

For `use_container_width=True`, use `width='stretch'`. For `use_container_width=False`, use `width='content'`.
2026-10-08 17:40:32.707 Please replace `use_container_width` with `width`.

`use_container_width` will be removed after 2025-12-31.

For `use_container_width=True`, use `width='stretch'`. For `use_container_width=False`, use `width='content'`.
2026-10-08 17:40:32.708 Please replace `use_container_width` with `width`.

`use_container_width` will be removed after 2025-12-31.

For `use_container_width=True`, use `width='stretch'`. For `use_container_width=False`, use `width='content'`.
2026-10-08 17:40:32.714 Please replace `use_container_width` with `width`.

`use_container_width` will be removed after 2025-12-31.

For `use_container_width=True`, use `width='stretch'`. For `use_container_width=False`, use `width='content'`.
2026-10-08 17:40:32.714 Serialization of dataframe to Arrow table was unsuccessful. Applying automatic fixes for column types to make the dataframe Arrow-compatible.
Traceback (most recent call last):
  File "/workspace/scratch/42ffe4c93098/utilization9_runtime/lib/python3.14/site-packages/streamlit/dataframe_util.py", line 940, in convert_pandas_df_to_arrow_table
    return pa.Table.from_pandas(df, preserve_index=preserve_index)
           ~~~~~~~~~~~~~~~~~~~~^^^^^^^^^^^^^^^^^^^^^^^^^^^^^^^^^^^
  File "pyarrow/table.pxi", line 4768, in pyarrow.lib.Table.from_pandas
  File "/workspace/scratch/42ffe4c93098/utilization9_runtime/lib/python3.14/site-packages/pyarrow/pandas_compat.py", line 651, in dataframe_to_arrays
    arrays = [convert_column(c, f)
              ~~~~~~~~~~~~~~^^^^^^
  File "/workspace/scratch/42ffe4c93098/utilization9_runtime/lib/python3.14/site-packages/pyarrow/pandas_compat.py", line 639, in convert_column
    raise e
  File "/workspace/scratch/42ffe4c93098/utilization9_runtime/lib/python3.14/site-packages/pyarrow/pandas_compat.py", line 633, in convert_column
    result = pa.array(col, type=type_, from_pandas=True, safe=safe)
  File "pyarrow/array.pxi", line 390, in pyarrow.lib.array
    result = _ndarray_to_array(values, mask, type, c_from_pandas, safe,
  File "pyarrow/array.pxi", line 91, in pyarrow.lib._ndarray_to_array
    check_status(NdarrayToArrow(pool, values, mask, from_pandas,
  File "pyarrow/error.pxi", line 92, in pyarrow.lib.check_status
pyarrow.lib.ArrowInvalid: ('Could not convert 0 with type int: tried to convert to boolean', 'Conversion failed for column Value with type object')
2026-10-08 17:40:32.716 Please replace `use_container_width` with `width`.

`use_container_width` will be removed after 2025-12-31.

For `use_container_width=True`, use `width='stretch'`. For `use_container_width=False`, use `width='content'`.
2026-10-08 17:40:32.720 Please replace `use_container_width` with `width`.

`use_container_width` will be removed after 2025-12-31.

For `use_container_width=True`, use `width='stretch'`. For `use_container_width=False`, use `width='content'`.
2026-10-08 17:40:33.259 Please replace `use_container_width` with `width`.

`use_container_width` will be removed after 2025-12-31.

For `use_container_width=True`, use `width='stretch'`. For `use_container_width=False`, use `width='content'`.
2026-10-08 17:40:33.260 Please replace `use_container_width` with `width`.

`use_container_width` will be removed after 2025-12-31.

For `use_container_width=True`, use `width='stretch'`. For `use_container_width=False`, use `width='content'`.
2026-10-08 17:40:33.262 Please replace `use_container_width` with `width`.

`use_container_width` will be removed after 2025-12-31.

For `use_container_width=True`, use `width='stretch'`. For `use_container_width=False`, use `width='content'`.
2026-10-08 17:40:33.541 Please replace `use_container_width` with `width`.

`use_container_width` will be removed after 2025-12-31.

For `use_container_width=True`, use `width='stretch'`. For `use_container_width=False`, use `width='content'`.
2026-10-08 17:40:33.548 Please replace `use_container_width` with `width`.

`use_container_width` will be removed after 2025-12-31.

For `use_container_width=True`, use `width='stretch'`. For `use_container_width=False`, use `width='content'`.
2026-10-08 17:40:33.553 Please replace `use_container_width` with `width`.

`use_container_width` will be removed after 2025-12-31.

For `use_container_width=True`, use `width='stretch'`. For `use_container_width=False`, use `width='content'`.
2026-10-08 17:40:33.563 Please replace `use_container_width` with `width`.

`use_container_width` will be removed after 2025-12-31.

For `use_container_width=True`, use `width='stretch'`. For `use_container_width=False`, use `width='content'`.
2026-10-08 17:40:33.574 Please replace `use_container_width` with `width`.

`use_container_width` will be removed after 2025-12-31.

For `use_container_width=True`, use `width='stretch'`. For `use_container_width=False`, use `width='content'`.
2026-10-08 17:40:33.575 Please replace `use_container_width` with `width`.

`use_container_width` will be removed after 2025-12-31.

For `use_container_width=True`, use `width='stretch'`. For `use_container_width=False`, use `width='content'`.
2026-10-08 17:40:33.576 Please replace `use_container_width` with `width`.

`use_container_width` will be removed after 2025-12-31.

For `use_container_width=True`, use `width='stretch'`. For `use_container_width=False`, use `width='content'`.
2026-10-08 17:40:33.590 Please replace `use_container_width` with `width`.

`use_container_width` will be removed after 2025-12-31.

For `use_container_width=True`, use `width='stretch'`. For `use_container_width=False`, use `width='content'`.
2026-10-08 17:40:33.591 Please replace `use_container_width` with `width`.

`use_container_width` will be removed after 2025-12-31.

For `use_container_width=True`, use `width='stretch'`. For `use_container_width=False`, use `width='content'`.
2026-10-08 17:40:33.596 Please replace `use_container_width` with `width`.

`use_container_width` will be removed after 2025-12-31.

For `use_container_width=True`, use `width='stretch'`. For `use_container_width=False`, use `width='content'`.
2026-10-08 17:40:33.601 Please replace `use_container_width` with `width`.

`use_container_width` will be removed after 2025-12-31.

For `use_container_width=True`, use `width='stretch'`. For `use_container_width=False`, use `width='content'`.
2026-10-08 17:40:33.602 Serialization of dataframe to Arrow table was unsuccessful. Applying automatic fixes for column types to make the dataframe Arrow-compatible.
Traceback (most recent call last):
  File "/workspace/scratch/42ffe4c93098/utilization9_runtime/lib/python3.14/site-packages/streamlit/dataframe_util.py", line 940, in convert_pandas_df_to_arrow_table
    return pa.Table.from_pandas(df, preserve_index=preserve_index)
           ~~~~~~~~~~~~~~~~~~~~^^^^^^^^^^^^^^^^^^^^^^^^^^^^^^^^^^^
  File "pyarrow/table.pxi", line 4768, in pyarrow.lib.Table.from_pandas
  File "/workspace/scratch/42ffe4c93098/utilization9_runtime/lib/python3.14/site-packages/pyarrow/pandas_compat.py", line 651, in dataframe_to_arrays
    arrays = [convert_column(c, f)
              ~~~~~~~~~~~~~~^^^^^^
  File "/workspace/scratch/42ffe4c93098/utilization9_runtime/lib/python3.14/site-packages/pyarrow/pandas_compat.py", line 639, in convert_column
    raise e
  File "/workspace/scratch/42ffe4c93098/utilization9_runtime/lib/python3.14/site-packages/pyarrow/pandas_compat.py", line 633, in convert_column
    result = pa.array(col, type=type_, from_pandas=True, safe=safe)
  File "pyarrow/array.pxi", line 390, in pyarrow.lib.array
    result = _ndarray_to_array(values, mask, type, c_from_pandas, safe,
  File "pyarrow/array.pxi", line 91, in pyarrow.lib._ndarray_to_array
    check_status(NdarrayToArrow(pool, values, mask, from_pandas,
  File "pyarrow/error.pxi", line 92, in pyarrow.lib.check_status
pyarrow.lib.ArrowTypeError: ("Expected bytes, got a 'bool' object", 'Conversion failed for column Value with type object')
2026-10-08 17:40:33.604 Please replace `use_container_width` with `width`.

`use_container_width` will be removed after 2025-12-31.

For `use_container_width=True`, use `width='stretch'`. For `use_container_width=False`, use `width='content'`.
2026-10-08 17:40:33.605 Please replace `use_container_width` with `width`.

`use_container_width` will be removed after 2025-12-31.

For `use_container_width=True`, use `width='stretch'`. For `use_container_width=False`, use `width='content'`.
2026-10-08 17:40:33.606 Please replace `use_container_width` with `width`.

`use_container_width` will be removed after 2025-12-31.

For `use_container_width=True`, use `width='stretch'`. For `use_container_width=False`, use `width='content'`.
2026-10-08 17:40:33.608 Please replace `use_container_width` with `width`.

`use_container_width` will be removed after 2025-12-31.

For `use_container_width=True`, use `width='stretch'`. For `use_container_width=False`, use `width='content'`.
2026-10-08 17:40:33.610 Please replace `use_container_width` with `width`.

`use_container_width` will be removed after 2025-12-31.

For `use_container_width=True`, use `width='stretch'`. For `use_container_width=False`, use `width='content'`.
2026-10-08 17:40:33.622 Please replace `use_container_width` with `width`.

`use_container_width` will be removed after 2025-12-31.

For `use_container_width=True`, use `width='stretch'`. For `use_container_width=False`, use `width='content'`.
2026-10-08 17:40:33.624 Please replace `use_container_width` with `width`.

`use_container_width` will be removed after 2025-12-31.

For `use_container_width=True`, use `width='stretch'`. For `use_container_width=False`, use `width='content'`.
2026-10-08 17:40:33.626 Please replace `use_container_width` with `width`.

`use_container_width` will be removed after 2025-12-31.

For `use_container_width=True`, use `width='stretch'`. For `use_container_width=False`, use `width='content'`.
2026-10-08 17:40:33.626 Serialization of dataframe to Arrow table was unsuccessful. Applying automatic fixes for column types to make the dataframe Arrow-compatible.
Traceback (most recent call last):
  File "/workspace/scratch/42ffe4c93098/utilization9_runtime/lib/python3.14/site-packages/streamlit/dataframe_util.py", line 940, in convert_pandas_df_to_arrow_table
    return pa.Table.from_pandas(df, preserve_index=preserve_index)
           ~~~~~~~~~~~~~~~~~~~~^^^^^^^^^^^^^^^^^^^^^^^^^^^^^^^^^^^
  File "pyarrow/table.pxi", line 4768, in pyarrow.lib.Table.from_pandas
  File "/workspace/scratch/42ffe4c93098/utilization9_runtime/lib/python3.14/site-packages/pyarrow/pandas_compat.py", line 651, in dataframe_to_arrays
    arrays = [convert_column(c, f)
              ~~~~~~~~~~~~~~^^^^^^
  File "/workspace/scratch/42ffe4c93098/utilization9_runtime/lib/python3.14/site-packages/pyarrow/pandas_compat.py", line 639, in convert_column
    raise e
  File "/workspace/scratch/42ffe4c93098/utilization9_runtime/lib/python3.14/site-packages/pyarrow/pandas_compat.py", line 633, in convert_column
    result = pa.array(col, type=type_, from_pandas=True, safe=safe)
  File "pyarrow/array.pxi", line 390, in pyarrow.lib.array
    result = _ndarray_to_array(values, mask, type, c_from_pandas, safe,
  File "pyarrow/array.pxi", line 91, in pyarrow.lib._ndarray_to_array
    check_status(NdarrayToArrow(pool, values, mask, from_pandas,
  File "pyarrow/error.pxi", line 92, in pyarrow.lib.check_status
pyarrow.lib.ArrowTypeError: ("Expected bytes, got a 'float' object", 'Conversion failed for column Value with type object')
2026-10-08 17:40:33.629 Please replace `use_container_width` with `width`.

`use_container_width` will be removed after 2025-12-31.

For `use_container_width=True`, use `width='stretch'`. For `use_container_width=False`, use `width='content'`.
2026-10-08 17:40:33.630 Serialization of dataframe to Arrow table was unsuccessful. Applying automatic fixes for column types to make the dataframe Arrow-compatible.
Traceback (most recent call last):
  File "/workspace/scratch/42ffe4c93098/utilization9_runtime/lib/python3.14/site-packages/streamlit/dataframe_util.py", line 940, in convert_pandas_df_to_arrow_table
    return pa.Table.from_pandas(df, preserve_index=preserve_index)
           ~~~~~~~~~~~~~~~~~~~~^^^^^^^^^^^^^^^^^^^^^^^^^^^^^^^^^^^
  File "pyarrow/table.pxi", line 4768, in pyarrow.lib.Table.from_pandas
  File "/workspace/scratch/42ffe4c93098/utilization9_runtime/lib/python3.14/site-packages/pyarrow/pandas_compat.py", line 651, in dataframe_to_arrays
    arrays = [convert_column(c, f)
              ~~~~~~~~~~~~~~^^^^^^
  File "/workspace/scratch/42ffe4c93098/utilization9_runtime/lib/python3.14/site-packages/pyarrow/pandas_compat.py", line 639, in convert_column
    raise e
  File "/workspace/scratch/42ffe4c93098/utilization9_runtime/lib/python3.14/site-packages/pyarrow/pandas_compat.py", line 633, in convert_column
    result = pa.array(col, type=type_, from_pandas=True, safe=safe)
  File "pyarrow/array.pxi", line 390, in pyarrow.lib.array
    result = _ndarray_to_array(values, mask, type, c_from_pandas, safe,
  File "pyarrow/array.pxi", line 91, in pyarrow.lib._ndarray_to_array
    check_status(NdarrayToArrow(pool, values, mask, from_pandas,
  File "pyarrow/error.pxi", line 92, in pyarrow.lib.check_status
pyarrow.lib.ArrowInvalid: ("Could not convert 'Wet slab/topping, barrier, wearing surface, SDL/LL, building service loads' with type str: tried to convert to double", 'Conversion failed for column w_kN/m per girder with type object')
2026-10-08 17:40:33.632 Please replace `use_container_width` with `width`.

`use_container_width` will be removed after 2025-12-31.

For `use_container_width=True`, use `width='stretch'`. For `use_container_width=False`, use `width='content'`.
2026-10-08 17:40:33.634 Please replace `use_container_width` with `width`.

`use_container_width` will be removed after 2025-12-31.

For `use_container_width=True`, use `width='stretch'`. For `use_container_width=False`, use `width='content'`.
2026-10-08 17:40:33.636 Please replace `use_container_width` with `width`.

`use_container_width` will be removed after 2025-12-31.

For `use_container_width=True`, use `width='stretch'`. For `use_container_width=False`, use `width='content'`.
2026-10-08 17:40:33.643 Please replace `use_container_width` with `width`.

`use_container_width` will be removed after 2025-12-31.

For `use_container_width=True`, use `width='stretch'`. For `use_container_width=False`, use `width='content'`.
2026-10-08 17:40:33.645 Serialization of dataframe to Arrow table was unsuccessful. Applying automatic fixes for column types to make the dataframe Arrow-compatible.
Traceback (most recent call last):
  File "/workspace/scratch/42ffe4c93098/utilization9_runtime/lib/python3.14/site-packages/streamlit/dataframe_util.py", line 940, in convert_pandas_df_to_arrow_table
    return pa.Table.from_pandas(df, preserve_index=preserve_index)
           ~~~~~~~~~~~~~~~~~~~~^^^^^^^^^^^^^^^^^^^^^^^^^^^^^^^^^^^
  File "pyarrow/table.pxi", line 4768, in pyarrow.lib.Table.from_pandas
  File "/workspace/scratch/42ffe4c93098/utilization9_runtime/lib/python3.14/site-packages/pyarrow/pandas_compat.py", line 651, in dataframe_to_arrays
    arrays = [convert_column(c, f)
              ~~~~~~~~~~~~~~^^^^^^
  File "/workspace/scratch/42ffe4c93098/utilization9_runtime/lib/python3.14/site-packages/pyarrow/pandas_compat.py", line 639, in convert_column
    raise e
  File "/workspace/scratch/42ffe4c93098/utilization9_runtime/lib/python3.14/site-packages/pyarrow/pandas_compat.py", line 633, in convert_column
    result = pa.array(col, type=type_, from_pandas=True, safe=safe)
  File "pyarrow/array.pxi", line 390, in pyarrow.lib.array
    result = _ndarray_to_array(values, mask, type, c_from_pandas, safe,
  File "pyarrow/array.pxi", line 91, in pyarrow.lib._ndarray_to_array
    check_status(NdarrayToArrow(pool, values, mask, from_pandas,
  File "pyarrow/error.pxi", line 92, in pyarrow.lib.check_status
pyarrow.lib.ArrowInvalid: ('Could not convert 0 with type int: tried to convert to boolean', 'Conversion failed for column Value with type object')
2026-10-08 17:40:33.648 Please replace `use_container_width` with `width`.

`use_container_width` will be removed after 2025-12-31.

For `use_container_width=True`, use `width='stretch'`. For `use_container_width=False`, use `width='content'`.
2026-10-08 17:40:33.653 Please replace `use_container_width` with `width`.

`use_container_width` will be removed after 2025-12-31.

For `use_container_width=True`, use `width='stretch'`. For `use_container_width=False`, use `width='content'`.
2026-10-08 17:40:34.172 Please replace `use_container_width` with `width`.

`use_container_width` will be removed after 2025-12-31.

For `use_container_width=True`, use `width='stretch'`. For `use_container_width=False`, use `width='content'`.
2026-10-08 17:40:34.173 Please replace `use_container_width` with `width`.

`use_container_width` will be removed after 2025-12-31.

For `use_container_width=True`, use `width='stretch'`. For `use_container_width=False`, use `width='content'`.
2026-10-08 17:40:34.174 Please replace `use_container_width` with `width`.

`use_container_width` will be removed after 2025-12-31.

For `use_container_width=True`, use `width='stretch'`. For `use_container_width=False`, use `width='content'`.
2026-10-08 17:40:34.508 Please replace `use_container_width` with `width`.

`use_container_width` will be removed after 2025-12-31.

For `use_container_width=True`, use `width='stretch'`. For `use_container_width=False`, use `width='content'`.
2026-10-08 17:40:34.518 Please replace `use_container_width` with `width`.

`use_container_width` will be removed after 2025-12-31.

For `use_container_width=True`, use `width='stretch'`. For `use_container_width=False`, use `width='content'`.
2026-10-08 17:40:34.530 Please replace `use_container_width` with `width`.

`use_container_width` will be removed after 2025-12-31.

For `use_container_width=True`, use `width='stretch'`. For `use_container_width=False`, use `width='content'`.
2026-10-08 17:40:34.542 Please replace `use_container_width` with `width`.

`use_container_width` will be removed after 2025-12-31.

For `use_container_width=True`, use `width='stretch'`. For `use_container_width=False`, use `width='content'`.
2026-10-08 17:40:34.642 Please replace `use_container_width` with `width`.

`use_container_width` will be removed after 2025-12-31.

For `use_container_width=True`, use `width='stretch'`. For `use_container_width=False`, use `width='content'`.
2026-10-08 17:40:34.645 Please replace `use_container_width` with `width`.

`use_container_width` will be removed after 2025-12-31.

For `use_container_width=True`, use `width='stretch'`. For `use_container_width=False`, use `width='content'`.
2026-10-08 17:40:34.646 Please replace `use_container_width` with `width`.

`use_container_width` will be removed after 2025-12-31.

For `use_container_width=True`, use `width='stretch'`. For `use_container_width=False`, use `width='content'`.
2026-10-08 17:40:34.665 Please replace `use_container_width` with `width`.

`use_container_width` will be removed after 2025-12-31.

For `use_container_width=True`, use `width='stretch'`. For `use_container_width=False`, use `width='content'`.
2026-10-08 17:40:34.666 Please replace `use_container_width` with `width`.

`use_container_width` will be removed after 2025-12-31.

For `use_container_width=True`, use `width='stretch'`. For `use_container_width=False`, use `width='content'`.
2026-10-08 17:40:34.672 Please replace `use_container_width` with `width`.

`use_container_width` will be removed after 2025-12-31.

For `use_container_width=True`, use `width='stretch'`. For `use_container_width=False`, use `width='content'`.
2026-10-08 17:40:34.677 Please replace `use_container_width` with `width`.

`use_container_width` will be removed after 2025-12-31.

For `use_container_width=True`, use `width='stretch'`. For `use_container_width=False`, use `width='content'`.
2026-10-08 17:40:34.678 Serialization of dataframe to Arrow table was unsuccessful. Applying automatic fixes for column types to make the dataframe Arrow-compatible.
Traceback (most recent call last):
  File "/workspace/scratch/42ffe4c93098/utilization9_runtime/lib/python3.14/site-packages/streamlit/dataframe_util.py", line 940, in convert_pandas_df_to_arrow_table
    return pa.Table.from_pandas(df, preserve_index=preserve_index)
           ~~~~~~~~~~~~~~~~~~~~^^^^^^^^^^^^^^^^^^^^^^^^^^^^^^^^^^^
  File "pyarrow/table.pxi", line 4768, in pyarrow.lib.Table.from_pandas
  File "/workspace/scratch/42ffe4c93098/utilization9_runtime/lib/python3.14/site-packages/pyarrow/pandas_compat.py", line 651, in dataframe_to_arrays
    arrays = [convert_column(c, f)
              ~~~~~~~~~~~~~~^^^^^^
  File "/workspace/scratch/42ffe4c93098/utilization9_runtime/lib/python3.14/site-packages/pyarrow/pandas_compat.py", line 639, in convert_column
    raise e
  File "/workspace/scratch/42ffe4c93098/utilization9_runtime/lib/python3.14/site-packages/pyarrow/pandas_compat.py", line 633, in convert_column
    result = pa.array(col, type=type_, from_pandas=True, safe=safe)
  File "pyarrow/array.pxi", line 390, in pyarrow.lib.array
    result = _ndarray_to_array(values, mask, type, c_from_pandas, safe,
  File "pyarrow/array.pxi", line 91, in pyarrow.lib._ndarray_to_array
    check_status(NdarrayToArrow(pool, values, mask, from_pandas,
  File "pyarrow/error.pxi", line 92, in pyarrow.lib.check_status
pyarrow.lib.ArrowTypeError: ("Expected bytes, got a 'bool' object", 'Conversion failed for column Value with type object')
2026-10-08 17:40:34.681 Please replace `use_container_width` with `width`.

`use_container_width` will be removed after 2025-12-31.

For `use_container_width=True`, use `width='stretch'`. For `use_container_width=False`, use `width='content'`.
2026-10-08 17:40:34.682 Please replace `use_container_width` with `width`.

`use_container_width` will be removed after 2025-12-31.

For `use_container_width=True`, use `width='stretch'`. For `use_container_width=False`, use `width='content'`.
2026-10-08 17:40:34.683 Please replace `use_container_width` with `width`.

`use_container_width` will be removed after 2025-12-31.

For `use_container_width=True`, use `width='stretch'`. For `use_container_width=False`, use `width='content'`.
2026-10-08 17:40:34.685 Please replace `use_container_width` with `width`.

`use_container_width` will be removed after 2025-12-31.

For `use_container_width=True`, use `width='stretch'`. For `use_container_width=False`, use `width='content'`.
2026-10-08 17:40:34.687 Please replace `use_container_width` with `width`.

`use_container_width` will be removed after 2025-12-31.

For `use_container_width=True`, use `width='stretch'`. For `use_container_width=False`, use `width='content'`.
2026-10-08 17:40:34.702 Please replace `use_container_width` with `width`.

`use_container_width` will be removed after 2025-12-31.

For `use_container_width=True`, use `width='stretch'`. For `use_container_width=False`, use `width='content'`.
2026-10-08 17:40:34.704 Please replace `use_container_width` with `width`.

`use_container_width` will be removed after 2025-12-31.

For `use_container_width=True`, use `width='stretch'`. For `use_container_width=False`, use `width='content'`.
2026-10-08 17:40:34.706 Please replace `use_container_width` with `width`.

`use_container_width` will be removed after 2025-12-31.

For `use_container_width=True`, use `width='stretch'`. For `use_container_width=False`, use `width='content'`.
2026-10-08 17:40:34.706 Serialization of dataframe to Arrow table was unsuccessful. Applying automatic fixes for column types to make the dataframe Arrow-compatible.
Traceback (most recent call last):
  File "/workspace/scratch/42ffe4c93098/utilization9_runtime/lib/python3.14/site-packages/streamlit/dataframe_util.py", line 940, in convert_pandas_df_to_arrow_table
    return pa.Table.from_pandas(df, preserve_index=preserve_index)
           ~~~~~~~~~~~~~~~~~~~~^^^^^^^^^^^^^^^^^^^^^^^^^^^^^^^^^^^
  File "pyarrow/table.pxi", line 4768, in pyarrow.lib.Table.from_pandas
  File "/workspace/scratch/42ffe4c93098/utilization9_runtime/lib/python3.14/site-packages/pyarrow/pandas_compat.py", line 651, in dataframe_to_arrays
    arrays = [convert_column(c, f)
              ~~~~~~~~~~~~~~^^^^^^
  File "/workspace/scratch/42ffe4c93098/utilization9_runtime/lib/python3.14/site-packages/pyarrow/pandas_compat.py", line 639, in convert_column
    raise e
  File "/workspace/scratch/42ffe4c93098/utilization9_runtime/lib/python3.14/site-packages/pyarrow/pandas_compat.py", line 633, in convert_column
    result = pa.array(col, type=type_, from_pandas=True, safe=safe)
  File "pyarrow/array.pxi", line 390, in pyarrow.lib.array
    result = _ndarray_to_array(values, mask, type, c_from_pandas, safe,
  File "pyarrow/array.pxi", line 91, in pyarrow.lib._ndarray_to_array
    check_status(NdarrayToArrow(pool, values, mask, from_pandas,
  File "pyarrow/error.pxi", line 92, in pyarrow.lib.check_status
pyarrow.lib.ArrowTypeError: ("Expected bytes, got a 'float' object", 'Conversion failed for column Value with type object')
2026-10-08 17:40:34.709 Please replace `use_container_width` with `width`.

`use_container_width` will be removed after 2025-12-31.

For `use_container_width=True`, use `width='stretch'`. For `use_container_width=False`, use `width='content'`.
2026-10-08 17:40:34.709 Serialization of dataframe to Arrow table was unsuccessful. Applying automatic fixes for column types to make the dataframe Arrow-compatible.
Traceback (most recent call last):
  File "/workspace/scratch/42ffe4c93098/utilization9_runtime/lib/python3.14/site-packages/streamlit/dataframe_util.py", line 940, in convert_pandas_df_to_arrow_table
    return pa.Table.from_pandas(df, preserve_index=preserve_index)
           ~~~~~~~~~~~~~~~~~~~~^^^^^^^^^^^^^^^^^^^^^^^^^^^^^^^^^^^
  File "pyarrow/table.pxi", line 4768, in pyarrow.lib.Table.from_pandas
  File "/workspace/scratch/42ffe4c93098/utilization9_runtime/lib/python3.14/site-packages/pyarrow/pandas_compat.py", line 651, in dataframe_to_arrays
    arrays = [convert_column(c, f)
              ~~~~~~~~~~~~~~^^^^^^
  File "/workspace/scratch/42ffe4c93098/utilization9_runtime/lib/python3.14/site-packages/pyarrow/pandas_compat.py", line 639, in convert_column
    raise e
  File "/workspace/scratch/42ffe4c93098/utilization9_runtime/lib/python3.14/site-packages/pyarrow/pandas_compat.py", line 633, in convert_column
    result = pa.array(col, type=type_, from_pandas=True, safe=safe)
  File "pyarrow/array.pxi", line 390, in pyarrow.lib.array
    result = _ndarray_to_array(values, mask, type, c_from_pandas, safe,
  File "pyarrow/array.pxi", line 91, in pyarrow.lib._ndarray_to_array
    check_status(NdarrayToArrow(pool, values, mask, from_pandas,
  File "pyarrow/error.pxi", line 92, in pyarrow.lib.check_status
pyarrow.lib.ArrowInvalid: ("Could not convert 'Wet slab/topping, barrier, wearing surface, SDL/LL, building service loads' with type str: tried to convert to double", 'Conversion failed for column w_kN/m per girder with type object')
2026-10-08 17:40:34.712 Please replace `use_container_width` with `width`.

`use_container_width` will be removed after 2025-12-31.

For `use_container_width=True`, use `width='stretch'`. For `use_container_width=False`, use `width='content'`.
2026-10-08 17:40:34.715 Please replace `use_container_width` with `width`.

`use_container_width` will be removed after 2025-12-31.

For `use_container_width=True`, use `width='stretch'`. For `use_container_width=False`, use `width='content'`.
2026-10-08 17:40:34.717 Please replace `use_container_width` with `width`.

`use_container_width` will be removed after 2025-12-31.

For `use_container_width=True`, use `width='stretch'`. For `use_container_width=False`, use `width='content'`.
2026-10-08 17:40:34.724 Please replace `use_container_width` with `width`.

`use_container_width` will be removed after 2025-12-31.

For `use_container_width=True`, use `width='stretch'`. For `use_container_width=False`, use `width='content'`.
2026-10-08 17:40:34.725 Serialization of dataframe to Arrow table was unsuccessful. Applying automatic fixes for column types to make the dataframe Arrow-compatible.
Traceback (most recent call last):
  File "/workspace/scratch/42ffe4c93098/utilization9_runtime/lib/python3.14/site-packages/streamlit/dataframe_util.py", line 940, in convert_pandas_df_to_arrow_table
    return pa.Table.from_pandas(df, preserve_index=preserve_index)
           ~~~~~~~~~~~~~~~~~~~~^^^^^^^^^^^^^^^^^^^^^^^^^^^^^^^^^^^
  File "pyarrow/table.pxi", line 4768, in pyarrow.lib.Table.from_pandas
  File "/workspace/scratch/42ffe4c93098/utilization9_runtime/lib/python3.14/site-packages/pyarrow/pandas_compat.py", line 651, in dataframe_to_arrays
    arrays = [convert_column(c, f)
              ~~~~~~~~~~~~~~^^^^^^
  File "/workspace/scratch/42ffe4c93098/utilization9_runtime/lib/python3.14/site-packages/pyarrow/pandas_compat.py", line 639, in convert_column
    raise e
  File "/workspace/scratch/42ffe4c93098/utilization9_runtime/lib/python3.14/site-packages/pyarrow/pandas_compat.py", line 633, in convert_column
    result = pa.array(col, type=type_, from_pandas=True, safe=safe)
  File "pyarrow/array.pxi", line 390, in pyarrow.lib.array
    result = _ndarray_to_array(values, mask, type, c_from_pandas, safe,
  File "pyarrow/array.pxi", line 91, in pyarrow.lib._ndarray_to_array
    check_status(NdarrayToArrow(pool, values, mask, from_pandas,
  File "pyarrow/error.pxi", line 92, in pyarrow.lib.check_status
pyarrow.lib.ArrowInvalid: ('Could not convert 0 with type int: tried to convert to boolean', 'Conversion failed for column Value with type object')
2026-10-08 17:40:34.727 Please replace `use_container_width` with `width`.

`use_container_width` will be removed after 2025-12-31.

For `use_container_width=True`, use `width='stretch'`. For `use_container_width=False`, use `width='content'`.
2026-10-08 17:40:34.733 Please replace `use_container_width` with `width`.

`use_container_width` will be removed after 2025-12-31.

For `use_container_width=True`, use `width='stretch'`. For `use_container_width=False`, use `width='content'`.
2026-10-08 17:40:35.388 Please replace `use_container_width` with `width`.

`use_container_width` will be removed after 2025-12-31.

For `use_container_width=True`, use `width='stretch'`. For `use_container_width=False`, use `width='content'`.
2026-10-08 17:40:35.389 Please replace `use_container_width` with `width`.

`use_container_width` will be removed after 2025-12-31.

For `use_container_width=True`, use `width='stretch'`. For `use_container_width=False`, use `width='content'`.
2026-10-08 17:40:35.390 Please replace `use_container_width` with `width`.

`use_container_width` will be removed after 2025-12-31.

For `use_container_width=True`, use `width='stretch'`. For `use_container_width=False`, use `width='content'`.
2026-10-08 17:40:35.620 Please replace `use_container_width` with `width`.

`use_container_width` will be removed after 2025-12-31.

For `use_container_width=True`, use `width='stretch'`. For `use_container_width=False`, use `width='content'`.
2026-10-08 17:40:35.627 Please replace `use_container_width` with `width`.

`use_container_width` will be removed after 2025-12-31.

For `use_container_width=True`, use `width='stretch'`. For `use_container_width=False`, use `width='content'`.
2026-10-08 17:40:35.633 Please replace `use_container_width` with `width`.

`use_container_width` will be removed after 2025-12-31.

For `use_container_width=True`, use `width='stretch'`. For `use_container_width=False`, use `width='content'`.
2026-10-08 17:40:35.650 Please replace `use_container_width` with `width`.

`use_container_width` will be removed after 2025-12-31.

For `use_container_width=True`, use `width='stretch'`. For `use_container_width=False`, use `width='content'`.
2026-10-08 17:40:35.651 Please replace `use_container_width` with `width`.

`use_container_width` will be removed after 2025-12-31.

For `use_container_width=True`, use `width='stretch'`. For `use_container_width=False`, use `width='content'`.
2026-10-08 17:40:35.652 Please replace `use_container_width` with `width`.

`use_container_width` will be removed after 2025-12-31.

For `use_container_width=True`, use `width='stretch'`. For `use_container_width=False`, use `width='content'`.
2026-10-08 17:40:35.667 Please replace `use_container_width` with `width`.

`use_container_width` will be removed after 2025-12-31.

For `use_container_width=True`, use `width='stretch'`. For `use_container_width=False`, use `width='content'`.
2026-10-08 17:40:35.667 Please replace `use_container_width` with `width`.

`use_container_width` will be removed after 2025-12-31.

For `use_container_width=True`, use `width='stretch'`. For `use_container_width=False`, use `width='content'`.
2026-10-08 17:40:35.672 Please replace `use_container_width` with `width`.

`use_container_width` will be removed after 2025-12-31.

For `use_container_width=True`, use `width='stretch'`. For `use_container_width=False`, use `width='content'`.
2026-10-08 17:40:35.676 Please replace `use_container_width` with `width`.

`use_container_width` will be removed after 2025-12-31.

For `use_container_width=True`, use `width='stretch'`. For `use_container_width=False`, use `width='content'`.
2026-10-08 17:40:35.676 Serialization of dataframe to Arrow table was unsuccessful. Applying automatic fixes for column types to make the dataframe Arrow-compatible.
Traceback (most recent call last):
  File "/workspace/scratch/42ffe4c93098/utilization9_runtime/lib/python3.14/site-packages/streamlit/dataframe_util.py", line 940, in convert_pandas_df_to_arrow_table
    return pa.Table.from_pandas(df, preserve_index=preserve_index)
           ~~~~~~~~~~~~~~~~~~~~^^^^^^^^^^^^^^^^^^^^^^^^^^^^^^^^^^^
  File "pyarrow/table.pxi", line 4768, in pyarrow.lib.Table.from_pandas
  File "/workspace/scratch/42ffe4c93098/utilization9_runtime/lib/python3.14/site-packages/pyarrow/pandas_compat.py", line 651, in dataframe_to_arrays
    arrays = [convert_column(c, f)
              ~~~~~~~~~~~~~~^^^^^^
  File "/workspace/scratch/42ffe4c93098/utilization9_runtime/lib/python3.14/site-packages/pyarrow/pandas_compat.py", line 639, in convert_column
    raise e
  File "/workspace/scratch/42ffe4c93098/utilization9_runtime/lib/python3.14/site-packages/pyarrow/pandas_compat.py", line 633, in convert_column
    result = pa.array(col, type=type_, from_pandas=True, safe=safe)
  File "pyarrow/array.pxi", line 390, in pyarrow.lib.array
    result = _ndarray_to_array(values, mask, type, c_from_pandas, safe,
  File "pyarrow/array.pxi", line 91, in pyarrow.lib._ndarray_to_array
    check_status(NdarrayToArrow(pool, values, mask, from_pandas,
  File "pyarrow/error.pxi", line 92, in pyarrow.lib.check_status
pyarrow.lib.ArrowTypeError: ("Expected bytes, got a 'bool' object", 'Conversion failed for column Value with type object')
2026-10-08 17:40:35.678 Please replace `use_container_width` with `width`.

`use_container_width` will be removed after 2025-12-31.

For `use_container_width=True`, use `width='stretch'`. For `use_container_width=False`, use `width='content'`.
2026-10-08 17:40:35.679 Please replace `use_container_width` with `width`.

`use_container_width` will be removed after 2025-12-31.

For `use_container_width=True`, use `width='stretch'`. For `use_container_width=False`, use `width='content'`.
2026-10-08 17:40:35.681 Please replace `use_container_width` with `width`.

`use_container_width` will be removed after 2025-12-31.

For `use_container_width=True`, use `width='stretch'`. For `use_container_width=False`, use `width='content'`.
2026-10-08 17:40:35.682 Please replace `use_container_width` with `width`.

`use_container_width` will be removed after 2025-12-31.

For `use_container_width=True`, use `width='stretch'`. For `use_container_width=False`, use `width='content'`.
2026-10-08 17:40:35.683 Please replace `use_container_width` with `width`.

`use_container_width` will be removed after 2025-12-31.

For `use_container_width=True`, use `width='stretch'`. For `use_container_width=False`, use `width='content'`.
2026-10-08 17:40:35.695 Please replace `use_container_width` with `width`.

`use_container_width` will be removed after 2025-12-31.

For `use_container_width=True`, use `width='stretch'`. For `use_container_width=False`, use `width='content'`.
2026-10-08 17:40:35.697 Please replace `use_container_width` with `width`.

`use_container_width` will be removed after 2025-12-31.

For `use_container_width=True`, use `width='stretch'`. For `use_container_width=False`, use `width='content'`.
2026-10-08 17:40:35.698 Please replace `use_container_width` with `width`.

`use_container_width` will be removed after 2025-12-31.

For `use_container_width=True`, use `width='stretch'`. For `use_container_width=False`, use `width='content'`.
2026-10-08 17:40:35.698 Serialization of dataframe to Arrow table was unsuccessful. Applying automatic fixes for column types to make the dataframe Arrow-compatible.
Traceback (most recent call last):
  File "/workspace/scratch/42ffe4c93098/utilization9_runtime/lib/python3.14/site-packages/streamlit/dataframe_util.py", line 940, in convert_pandas_df_to_arrow_table
    return pa.Table.from_pandas(df, preserve_index=preserve_index)
           ~~~~~~~~~~~~~~~~~~~~^^^^^^^^^^^^^^^^^^^^^^^^^^^^^^^^^^^
  File "pyarrow/table.pxi", line 4768, in pyarrow.lib.Table.from_pandas
  File "/workspace/scratch/42ffe4c93098/utilization9_runtime/lib/python3.14/site-packages/pyarrow/pandas_compat.py", line 651, in dataframe_to_arrays
    arrays = [convert_column(c, f)
              ~~~~~~~~~~~~~~^^^^^^
  File "/workspace/scratch/42ffe4c93098/utilization9_runtime/lib/python3.14/site-packages/pyarrow/pandas_compat.py", line 639, in convert_column
    raise e
  File "/workspace/scratch/42ffe4c93098/utilization9_runtime/lib/python3.14/site-packages/pyarrow/pandas_compat.py", line 633, in convert_column
    result = pa.array(col, type=type_, from_pandas=True, safe=safe)
  File "pyarrow/array.pxi", line 390, in pyarrow.lib.array
    result = _ndarray_to_array(values, mask, type, c_from_pandas, safe,
  File "pyarrow/array.pxi", line 91, in pyarrow.lib._ndarray_to_array
    check_status(NdarrayToArrow(pool, values, mask, from_pandas,
  File "pyarrow/error.pxi", line 92, in pyarrow.lib.check_status
pyarrow.lib.ArrowTypeError: ("Expected bytes, got a 'float' object", 'Conversion failed for column Value with type object')
2026-10-08 17:40:35.700 Please replace `use_container_width` with `width`.

`use_container_width` will be removed after 2025-12-31.

For `use_container_width=True`, use `width='stretch'`. For `use_container_width=False`, use `width='content'`.
2026-10-08 17:40:35.701 Serialization of dataframe to Arrow table was unsuccessful. Applying automatic fixes for column types to make the dataframe Arrow-compatible.
Traceback (most recent call last):
  File "/workspace/scratch/42ffe4c93098/utilization9_runtime/lib/python3.14/site-packages/streamlit/dataframe_util.py", line 940, in convert_pandas_df_to_arrow_table
    return pa.Table.from_pandas(df, preserve_index=preserve_index)
           ~~~~~~~~~~~~~~~~~~~~^^^^^^^^^^^^^^^^^^^^^^^^^^^^^^^^^^^
  File "pyarrow/table.pxi", line 4768, in pyarrow.lib.Table.from_pandas
  File "/workspace/scratch/42ffe4c93098/utilization9_runtime/lib/python3.14/site-packages/pyarrow/pandas_compat.py", line 651, in dataframe_to_arrays
    arrays = [convert_column(c, f)
              ~~~~~~~~~~~~~~^^^^^^
  File "/workspace/scratch/42ffe4c93098/utilization9_runtime/lib/python3.14/site-packages/pyarrow/pandas_compat.py", line 639, in convert_column
    raise e
  File "/workspace/scratch/42ffe4c93098/utilization9_runtime/lib/python3.14/site-packages/pyarrow/pandas_compat.py", line 633, in convert_column
    result = pa.array(col, type=type_, from_pandas=True, safe=safe)
  File "pyarrow/array.pxi", line 390, in pyarrow.lib.array
    result = _ndarray_to_array(values, mask, type, c_from_pandas, safe,
  File "pyarrow/array.pxi", line 91, in pyarrow.lib._ndarray_to_array
    check_status(NdarrayToArrow(pool, values, mask, from_pandas,
  File "pyarrow/error.pxi", line 92, in pyarrow.lib.check_status
pyarrow.lib.ArrowInvalid: ("Could not convert 'Wet slab/topping, barrier, wearing surface, SDL/LL, building service loads' with type str: tried to convert to double", 'Conversion failed for column w_kN/m per girder with type object')
2026-10-08 17:40:35.703 Please replace `use_container_width` with `width`.

`use_container_width` will be removed after 2025-12-31.

For `use_container_width=True`, use `width='stretch'`. For `use_container_width=False`, use `width='content'`.
2026-10-08 17:40:35.705 Please replace `use_container_width` with `width`.

`use_container_width` will be removed after 2025-12-31.

For `use_container_width=True`, use `width='stretch'`. For `use_container_width=False`, use `width='content'`.
2026-10-08 17:40:35.707 Please replace `use_container_width` with `width`.

`use_container_width` will be removed after 2025-12-31.

For `use_container_width=True`, use `width='stretch'`. For `use_container_width=False`, use `width='content'`.
2026-10-08 17:40:35.712 Please replace `use_container_width` with `width`.

`use_container_width` will be removed after 2025-12-31.

For `use_container_width=True`, use `width='stretch'`. For `use_container_width=False`, use `width='content'`.
2026-10-08 17:40:35.712 Serialization of dataframe to Arrow table was unsuccessful. Applying automatic fixes for column types to make the dataframe Arrow-compatible.
Traceback (most recent call last):
  File "/workspace/scratch/42ffe4c93098/utilization9_runtime/lib/python3.14/site-packages/streamlit/dataframe_util.py", line 940, in convert_pandas_df_to_arrow_table
    return pa.Table.from_pandas(df, preserve_index=preserve_index)
           ~~~~~~~~~~~~~~~~~~~~^^^^^^^^^^^^^^^^^^^^^^^^^^^^^^^^^^^
  File "pyarrow/table.pxi", line 4768, in pyarrow.lib.Table.from_pandas
  File "/workspace/scratch/42ffe4c93098/utilization9_runtime/lib/python3.14/site-packages/pyarrow/pandas_compat.py", line 651, in dataframe_to_arrays
    arrays = [convert_column(c, f)
              ~~~~~~~~~~~~~~^^^^^^
  File "/workspace/scratch/42ffe4c93098/utilization9_runtime/lib/python3.14/site-packages/pyarrow/pandas_compat.py", line 639, in convert_column
    raise e
  File "/workspace/scratch/42ffe4c93098/utilization9_runtime/lib/python3.14/site-packages/pyarrow/pandas_compat.py", line 633, in convert_column
    result = pa.array(col, type=type_, from_pandas=True, safe=safe)
  File "pyarrow/array.pxi", line 390, in pyarrow.lib.array
    result = _ndarray_to_array(values, mask, type, c_from_pandas, safe,
  File "pyarrow/array.pxi", line 91, in pyarrow.lib._ndarray_to_array
    check_status(NdarrayToArrow(pool, values, mask, from_pandas,
  File "pyarrow/error.pxi", line 92, in pyarrow.lib.check_status
pyarrow.lib.ArrowInvalid: ('Could not convert 0 with type int: tried to convert to boolean', 'Conversion failed for column Value with type object')
2026-10-08 17:40:35.714 Please replace `use_container_width` with `width`.

`use_container_width` will be removed after 2025-12-31.

For `use_container_width=True`, use `width='stretch'`. For `use_container_width=False`, use `width='content'`.
2026-10-08 17:40:35.718 Please replace `use_container_width` with `width`.

`use_container_width` will be removed after 2025-12-31.

For `use_container_width=True`, use `width='stretch'`. For `use_container_width=False`, use `width='content'`.
2026-10-08 17:40:36.157 Please replace `use_container_width` with `width`.

`use_container_width` will be removed after 2025-12-31.

For `use_container_width=True`, use `width='stretch'`. For `use_container_width=False`, use `width='content'`.
2026-10-08 17:40:36.158 Please replace `use_container_width` with `width`.

`use_container_width` will be removed after 2025-12-31.

For `use_container_width=True`, use `width='stretch'`. For `use_container_width=False`, use `width='content'`.
2026-10-08 17:40:36.160 Please replace `use_container_width` with `width`.

`use_container_width` will be removed after 2025-12-31.

For `use_container_width=True`, use `width='stretch'`. For `use_container_width=False`, use `width='content'`.
2026-10-08 17:40:36.408 Please replace `use_container_width` with `width`.

`use_container_width` will be removed after 2025-12-31.

For `use_container_width=True`, use `width='stretch'`. For `use_container_width=False`, use `width='content'`.
2026-10-08 17:40:36.418 Please replace `use_container_width` with `width`.

`use_container_width` will be removed after 2025-12-31.

For `use_container_width=True`, use `width='stretch'`. For `use_container_width=False`, use `width='content'`.
2026-10-08 17:40:36.423 Please replace `use_container_width` with `width`.

`use_container_width` will be removed after 2025-12-31.

For `use_container_width=True`, use `width='stretch'`. For `use_container_width=False`, use `width='content'`.
2026-10-08 17:40:36.532 Please replace `use_container_width` with `width`.

`use_container_width` will be removed after 2025-12-31.

For `use_container_width=True`, use `width='stretch'`. For `use_container_width=False`, use `width='content'`.
2026-10-08 17:40:36.533 Please replace `use_container_width` with `width`.

`use_container_width` will be removed after 2025-12-31.

For `use_container_width=True`, use `width='stretch'`. For `use_container_width=False`, use `width='content'`.
2026-10-08 17:40:36.534 Please replace `use_container_width` with `width`.

`use_container_width` will be removed after 2025-12-31.

For `use_container_width=True`, use `width='stretch'`. For `use_container_width=False`, use `width='content'`.
2026-10-08 17:40:36.549 Please replace `use_container_width` with `width`.

`use_container_width` will be removed after 2025-12-31.

For `use_container_width=True`, use `width='stretch'`. For `use_container_width=False`, use `width='content'`.
2026-10-08 17:40:36.549 Please replace `use_container_width` with `width`.

`use_container_width` will be removed after 2025-12-31.

For `use_container_width=True`, use `width='stretch'`. For `use_container_width=False`, use `width='content'`.
2026-10-08 17:40:36.554 Please replace `use_container_width` with `width`.

`use_container_width` will be removed after 2025-12-31.

For `use_container_width=True`, use `width='stretch'`. For `use_container_width=False`, use `width='content'`.
2026-10-08 17:40:36.558 Please replace `use_container_width` with `width`.

`use_container_width` will be removed after 2025-12-31.

For `use_container_width=True`, use `width='stretch'`. For `use_container_width=False`, use `width='content'`.
2026-10-08 17:40:36.559 Serialization of dataframe to Arrow table was unsuccessful. Applying automatic fixes for column types to make the dataframe Arrow-compatible.
Traceback (most recent call last):
  File "/workspace/scratch/42ffe4c93098/utilization9_runtime/lib/python3.14/site-packages/streamlit/dataframe_util.py", line 940, in convert_pandas_df_to_arrow_table
    return pa.Table.from_pandas(df, preserve_index=preserve_index)
           ~~~~~~~~~~~~~~~~~~~~^^^^^^^^^^^^^^^^^^^^^^^^^^^^^^^^^^^
  File "pyarrow/table.pxi", line 4768, in pyarrow.lib.Table.from_pandas
  File "/workspace/scratch/42ffe4c93098/utilization9_runtime/lib/python3.14/site-packages/pyarrow/pandas_compat.py", line 651, in dataframe_to_arrays
    arrays = [convert_column(c, f)
              ~~~~~~~~~~~~~~^^^^^^
  File "/workspace/scratch/42ffe4c93098/utilization9_runtime/lib/python3.14/site-packages/pyarrow/pandas_compat.py", line 639, in convert_column
    raise e
  File "/workspace/scratch/42ffe4c93098/utilization9_runtime/lib/python3.14/site-packages/pyarrow/pandas_compat.py", line 633, in convert_column
    result = pa.array(col, type=type_, from_pandas=True, safe=safe)
  File "pyarrow/array.pxi", line 390, in pyarrow.lib.array
    result = _ndarray_to_array(values, mask, type, c_from_pandas, safe,
  File "pyarrow/array.pxi", line 91, in pyarrow.lib._ndarray_to_array
    check_status(NdarrayToArrow(pool, values, mask, from_pandas,
  File "pyarrow/error.pxi", line 92, in pyarrow.lib.check_status
pyarrow.lib.ArrowTypeError: ("Expected bytes, got a 'bool' object", 'Conversion failed for column Value with type object')
2026-10-08 17:40:36.561 Please replace `use_container_width` with `width`.

`use_container_width` will be removed after 2025-12-31.

For `use_container_width=True`, use `width='stretch'`. For `use_container_width=False`, use `width='content'`.
2026-10-08 17:40:36.562 Please replace `use_container_width` with `width`.

`use_container_width` will be removed after 2025-12-31.

For `use_container_width=True`, use `width='stretch'`. For `use_container_width=False`, use `width='content'`.
2026-10-08 17:40:36.563 Please replace `use_container_width` with `width`.

`use_container_width` will be removed after 2025-12-31.

For `use_container_width=True`, use `width='stretch'`. For `use_container_width=False`, use `width='content'`.
2026-10-08 17:40:36.565 Please replace `use_container_width` with `width`.

`use_container_width` will be removed after 2025-12-31.

For `use_container_width=True`, use `width='stretch'`. For `use_container_width=False`, use `width='content'`.
2026-10-08 17:40:36.566 Please replace `use_container_width` with `width`.

`use_container_width` will be removed after 2025-12-31.

For `use_container_width=True`, use `width='stretch'`. For `use_container_width=False`, use `width='content'`.
2026-10-08 17:40:36.580 Please replace `use_container_width` with `width`.

`use_container_width` will be removed after 2025-12-31.

For `use_container_width=True`, use `width='stretch'`. For `use_container_width=False`, use `width='content'`.
2026-10-08 17:40:36.581 Please replace `use_container_width` with `width`.

`use_container_width` will be removed after 2025-12-31.

For `use_container_width=True`, use `width='stretch'`. For `use_container_width=False`, use `width='content'`.
2026-10-08 17:40:36.583 Please replace `use_container_width` with `width`.

`use_container_width` will be removed after 2025-12-31.

For `use_container_width=True`, use `width='stretch'`. For `use_container_width=False`, use `width='content'`.
2026-10-08 17:40:36.583 Serialization of dataframe to Arrow table was unsuccessful. Applying automatic fixes for column types to make the dataframe Arrow-compatible.
Traceback (most recent call last):
  File "/workspace/scratch/42ffe4c93098/utilization9_runtime/lib/python3.14/site-packages/streamlit/dataframe_util.py", line 940, in convert_pandas_df_to_arrow_table
    return pa.Table.from_pandas(df, preserve_index=preserve_index)
           ~~~~~~~~~~~~~~~~~~~~^^^^^^^^^^^^^^^^^^^^^^^^^^^^^^^^^^^
  File "pyarrow/table.pxi", line 4768, in pyarrow.lib.Table.from_pandas
  File "/workspace/scratch/42ffe4c93098/utilization9_runtime/lib/python3.14/site-packages/pyarrow/pandas_compat.py", line 651, in dataframe_to_arrays
    arrays = [convert_column(c, f)
              ~~~~~~~~~~~~~~^^^^^^
  File "/workspace/scratch/42ffe4c93098/utilization9_runtime/lib/python3.14/site-packages/pyarrow/pandas_compat.py", line 639, in convert_column
    raise e
  File "/workspace/scratch/42ffe4c93098/utilization9_runtime/lib/python3.14/site-packages/pyarrow/pandas_compat.py", line 633, in convert_column
    result = pa.array(col, type=type_, from_pandas=True, safe=safe)
  File "pyarrow/array.pxi", line 390, in pyarrow.lib.array
    result = _ndarray_to_array(values, mask, type, c_from_pandas, safe,
  File "pyarrow/array.pxi", line 91, in pyarrow.lib._ndarray_to_array
    check_status(NdarrayToArrow(pool, values, mask, from_pandas,
  File "pyarrow/error.pxi", line 92, in pyarrow.lib.check_status
pyarrow.lib.ArrowTypeError: ("Expected bytes, got a 'float' object", 'Conversion failed for column Value with type object')
2026-10-08 17:40:36.585 Please replace `use_container_width` with `width`.

`use_container_width` will be removed after 2025-12-31.

For `use_container_width=True`, use `width='stretch'`. For `use_container_width=False`, use `width='content'`.
2026-10-08 17:40:36.586 Serialization of dataframe to Arrow table was unsuccessful. Applying automatic fixes for column types to make the dataframe Arrow-compatible.
Traceback (most recent call last):
  File "/workspace/scratch/42ffe4c93098/utilization9_runtime/lib/python3.14/site-packages/streamlit/dataframe_util.py", line 940, in convert_pandas_df_to_arrow_table
    return pa.Table.from_pandas(df, preserve_index=preserve_index)
           ~~~~~~~~~~~~~~~~~~~~^^^^^^^^^^^^^^^^^^^^^^^^^^^^^^^^^^^
  File "pyarrow/table.pxi", line 4768, in pyarrow.lib.Table.from_pandas
  File "/workspace/scratch/42ffe4c93098/utilization9_runtime/lib/python3.14/site-packages/pyarrow/pandas_compat.py", line 651, in dataframe_to_arrays
    arrays = [convert_column(c, f)
              ~~~~~~~~~~~~~~^^^^^^
  File "/workspace/scratch/42ffe4c93098/utilization9_runtime/lib/python3.14/site-packages/pyarrow/pandas_compat.py", line 639, in convert_column
    raise e
  File "/workspace/scratch/42ffe4c93098/utilization9_runtime/lib/python3.14/site-packages/pyarrow/pandas_compat.py", line 633, in convert_column
    result = pa.array(col, type=type_, from_pandas=True, safe=safe)
  File "pyarrow/array.pxi", line 390, in pyarrow.lib.array
    result = _ndarray_to_array(values, mask, type, c_from_pandas, safe,
  File "pyarrow/array.pxi", line 91, in pyarrow.lib._ndarray_to_array
    check_status(NdarrayToArrow(pool, values, mask, from_pandas,
  File "pyarrow/error.pxi", line 92, in pyarrow.lib.check_status
pyarrow.lib.ArrowInvalid: ("Could not convert 'Wet slab/topping, barrier, wearing surface, SDL/LL, building service loads' with type str: tried to convert to double", 'Conversion failed for column w_kN/m per girder with type object')
2026-10-08 17:40:36.588 Please replace `use_container_width` with `width`.

`use_container_width` will be removed after 2025-12-31.

For `use_container_width=True`, use `width='stretch'`. For `use_container_width=False`, use `width='content'`.
2026-10-08 17:40:36.591 Please replace `use_container_width` with `width`.

`use_container_width` will be removed after 2025-12-31.

For `use_container_width=True`, use `width='stretch'`. For `use_container_width=False`, use `width='content'`.
2026-10-08 17:40:36.592 Please replace `use_container_width` with `width`.

`use_container_width` will be removed after 2025-12-31.

For `use_container_width=True`, use `width='stretch'`. For `use_container_width=False`, use `width='content'`.
2026-10-08 17:40:36.598 Please replace `use_container_width` with `width`.

`use_container_width` will be removed after 2025-12-31.

For `use_container_width=True`, use `width='stretch'`. For `use_container_width=False`, use `width='content'`.
2026-10-08 17:40:36.599 Serialization of dataframe to Arrow table was unsuccessful. Applying automatic fixes for column types to make the dataframe Arrow-compatible.
Traceback (most recent call last):
  File "/workspace/scratch/42ffe4c93098/utilization9_runtime/lib/python3.14/site-packages/streamlit/dataframe_util.py", line 940, in convert_pandas_df_to_arrow_table
    return pa.Table.from_pandas(df, preserve_index=preserve_index)
           ~~~~~~~~~~~~~~~~~~~~^^^^^^^^^^^^^^^^^^^^^^^^^^^^^^^^^^^
  File "pyarrow/table.pxi", line 4768, in pyarrow.lib.Table.from_pandas
  File "/workspace/scratch/42ffe4c93098/utilization9_runtime/lib/python3.14/site-packages/pyarrow/pandas_compat.py", line 651, in dataframe_to_arrays
    arrays = [convert_column(c, f)
              ~~~~~~~~~~~~~~^^^^^^
  File "/workspace/scratch/42ffe4c93098/utilization9_runtime/lib/python3.14/site-packages/pyarrow/pandas_compat.py", line 639, in convert_column
    raise e
  File "/workspace/scratch/42ffe4c93098/utilization9_runtime/lib/python3.14/site-packages/pyarrow/pandas_compat.py", line 633, in convert_column
    result = pa.array(col, type=type_, from_pandas=True, safe=safe)
  File "pyarrow/array.pxi", line 390, in pyarrow.lib.array
    result = _ndarray_to_array(values, mask, type, c_from_pandas, safe,
  File "pyarrow/array.pxi", line 91, in pyarrow.lib._ndarray_to_array
    check_status(NdarrayToArrow(pool, values, mask, from_pandas,
  File "pyarrow/error.pxi", line 92, in pyarrow.lib.check_status
pyarrow.lib.ArrowInvalid: ('Could not convert 0 with type int: tried to convert to boolean', 'Conversion failed for column Value with type object')
2026-10-08 17:40:36.601 Please replace `use_container_width` with `width`.

`use_container_width` will be removed after 2025-12-31.

For `use_container_width=True`, use `width='stretch'`. For `use_container_width=False`, use `width='content'`.
2026-10-08 17:40:36.605 Please replace `use_container_width` with `width`.

`use_container_width` will be removed after 2025-12-31.

For `use_container_width=True`, use `width='stretch'`. For `use_container_width=False`, use `width='content'`.
2026-10-08 17:40:37.093 Please replace `use_container_width` with `width`.

`use_container_width` will be removed after 2025-12-31.

For `use_container_width=True`, use `width='stretch'`. For `use_container_width=False`, use `width='content'`.
2026-10-08 17:40:37.095 Please replace `use_container_width` with `width`.

`use_container_width` will be removed after 2025-12-31.

For `use_container_width=True`, use `width='stretch'`. For `use_container_width=False`, use `width='content'`.
2026-10-08 17:40:37.096 Please replace `use_container_width` with `width`.

`use_container_width` will be removed after 2025-12-31.

For `use_container_width=True`, use `width='stretch'`. For `use_container_width=False`, use `width='content'`.
2026-10-08 17:40:37.291 Please replace `use_container_width` with `width`.

`use_container_width` will be removed after 2025-12-31.

For `use_container_width=True`, use `width='stretch'`. For `use_container_width=False`, use `width='content'`.
2026-10-08 17:40:37.304 Please replace `use_container_width` with `width`.

`use_container_width` will be removed after 2025-12-31.

For `use_container_width=True`, use `width='stretch'`. For `use_container_width=False`, use `width='content'`.
2026-10-08 17:40:37.311 Please replace `use_container_width` with `width`.

`use_container_width` will be removed after 2025-12-31.

For `use_container_width=True`, use `width='stretch'`. For `use_container_width=False`, use `width='content'`.
2026-10-08 17:40:37.329 Please replace `use_container_width` with `width`.

`use_container_width` will be removed after 2025-12-31.

For `use_container_width=True`, use `width='stretch'`. For `use_container_width=False`, use `width='content'`.
2026-10-08 17:40:37.330 Please replace `use_container_width` with `width`.

`use_container_width` will be removed after 2025-12-31.

For `use_container_width=True`, use `width='stretch'`. For `use_container_width=False`, use `width='content'`.
2026-10-08 17:40:37.331 Please replace `use_container_width` with `width`.

`use_container_width` will be removed after 2025-12-31.

For `use_container_width=True`, use `width='stretch'`. For `use_container_width=False`, use `width='content'`.
2026-10-08 17:40:37.348 Please replace `use_container_width` with `width`.

`use_container_width` will be removed after 2025-12-31.

For `use_container_width=True`, use `width='stretch'`. For `use_container_width=False`, use `width='content'`.
2026-10-08 17:40:37.349 Please replace `use_container_width` with `width`.

`use_container_width` will be removed after 2025-12-31.

For `use_container_width=True`, use `width='stretch'`. For `use_container_width=False`, use `width='content'`.
2026-10-08 17:40:37.354 Please replace `use_container_width` with `width`.

`use_container_width` will be removed after 2025-12-31.

For `use_container_width=True`, use `width='stretch'`. For `use_container_width=False`, use `width='content'`.
2026-10-08 17:40:37.360 Please replace `use_container_width` with `width`.

`use_container_width` will be removed after 2025-12-31.

For `use_container_width=True`, use `width='stretch'`. For `use_container_width=False`, use `width='content'`.
2026-10-08 17:40:37.360 Serialization of dataframe to Arrow table was unsuccessful. Applying automatic fixes for column types to make the dataframe Arrow-compatible.
Traceback (most recent call last):
  File "/workspace/scratch/42ffe4c93098/utilization9_runtime/lib/python3.14/site-packages/streamlit/dataframe_util.py", line 940, in convert_pandas_df_to_arrow_table
    return pa.Table.from_pandas(df, preserve_index=preserve_index)
           ~~~~~~~~~~~~~~~~~~~~^^^^^^^^^^^^^^^^^^^^^^^^^^^^^^^^^^^
  File "pyarrow/table.pxi", line 4768, in pyarrow.lib.Table.from_pandas
  File "/workspace/scratch/42ffe4c93098/utilization9_runtime/lib/python3.14/site-packages/pyarrow/pandas_compat.py", line 651, in dataframe_to_arrays
    arrays = [convert_column(c, f)
              ~~~~~~~~~~~~~~^^^^^^
  File "/workspace/scratch/42ffe4c93098/utilization9_runtime/lib/python3.14/site-packages/pyarrow/pandas_compat.py", line 639, in convert_column
    raise e
  File "/workspace/scratch/42ffe4c93098/utilization9_runtime/lib/python3.14/site-packages/pyarrow/pandas_compat.py", line 633, in convert_column
    result = pa.array(col, type=type_, from_pandas=True, safe=safe)
  File "pyarrow/array.pxi", line 390, in pyarrow.lib.array
    result = _ndarray_to_array(values, mask, type, c_from_pandas, safe,
  File "pyarrow/array.pxi", line 91, in pyarrow.lib._ndarray_to_array
    check_status(NdarrayToArrow(pool, values, mask, from_pandas,
  File "pyarrow/error.pxi", line 92, in pyarrow.lib.check_status
pyarrow.lib.ArrowTypeError: ("Expected bytes, got a 'bool' object", 'Conversion failed for column Value with type object')
2026-10-08 17:40:37.363 Please replace `use_container_width` with `width`.

`use_container_width` will be removed after 2025-12-31.

For `use_container_width=True`, use `width='stretch'`. For `use_container_width=False`, use `width='content'`.
2026-10-08 17:40:37.365 Please replace `use_container_width` with `width`.

`use_container_width` will be removed after 2025-12-31.

For `use_container_width=True`, use `width='stretch'`. For `use_container_width=False`, use `width='content'`.
2026-10-08 17:40:37.366 Please replace `use_container_width` with `width`.

`use_container_width` will be removed after 2025-12-31.

For `use_container_width=True`, use `width='stretch'`. For `use_container_width=False`, use `width='content'`.
2026-10-08 17:40:37.368 Please replace `use_container_width` with `width`.

`use_container_width` will be removed after 2025-12-31.

For `use_container_width=True`, use `width='stretch'`. For `use_container_width=False`, use `width='content'`.
2026-10-08 17:40:37.369 Please replace `use_container_width` with `width`.

`use_container_width` will be removed after 2025-12-31.

For `use_container_width=True`, use `width='stretch'`. For `use_container_width=False`, use `width='content'`.
2026-10-08 17:40:37.388 Please replace `use_container_width` with `width`.

`use_container_width` will be removed after 2025-12-31.

For `use_container_width=True`, use `width='stretch'`. For `use_container_width=False`, use `width='content'`.
2026-10-08 17:40:37.391 Please replace `use_container_width` with `width`.

`use_container_width` will be removed after 2025-12-31.

For `use_container_width=True`, use `width='stretch'`. For `use_container_width=False`, use `width='content'`.
2026-10-08 17:40:37.392 Please replace `use_container_width` with `width`.

`use_container_width` will be removed after 2025-12-31.

For `use_container_width=True`, use `width='stretch'`. For `use_container_width=False`, use `width='content'`.
2026-10-08 17:40:37.393 Serialization of dataframe to Arrow table was unsuccessful. Applying automatic fixes for column types to make the dataframe Arrow-compatible.
Traceback (most recent call last):
  File "/workspace/scratch/42ffe4c93098/utilization9_runtime/lib/python3.14/site-packages/streamlit/dataframe_util.py", line 940, in convert_pandas_df_to_arrow_table
    return pa.Table.from_pandas(df, preserve_index=preserve_index)
           ~~~~~~~~~~~~~~~~~~~~^^^^^^^^^^^^^^^^^^^^^^^^^^^^^^^^^^^
  File "pyarrow/table.pxi", line 4768, in pyarrow.lib.Table.from_pandas
  File "/workspace/scratch/42ffe4c93098/utilization9_runtime/lib/python3.14/site-packages/pyarrow/pandas_compat.py", line 651, in dataframe_to_arrays
    arrays = [convert_column(c, f)
              ~~~~~~~~~~~~~~^^^^^^
  File "/workspace/scratch/42ffe4c93098/utilization9_runtime/lib/python3.14/site-packages/pyarrow/pandas_compat.py", line 639, in convert_column
    raise e
  File "/workspace/scratch/42ffe4c93098/utilization9_runtime/lib/python3.14/site-packages/pyarrow/pandas_compat.py", line 633, in convert_column
    result = pa.array(col, type=type_, from_pandas=True, safe=safe)
  File "pyarrow/array.pxi", line 390, in pyarrow.lib.array
    result = _ndarray_to_array(values, mask, type, c_from_pandas, safe,
  File "pyarrow/array.pxi", line 91, in pyarrow.lib._ndarray_to_array
    check_status(NdarrayToArrow(pool, values, mask, from_pandas,
  File "pyarrow/error.pxi", line 92, in pyarrow.lib.check_status
pyarrow.lib.ArrowTypeError: ("Expected bytes, got a 'float' object", 'Conversion failed for column Value with type object')
2026-10-08 17:40:37.395 Please replace `use_container_width` with `width`.

`use_container_width` will be removed after 2025-12-31.

For `use_container_width=True`, use `width='stretch'`. For `use_container_width=False`, use `width='content'`.
2026-10-08 17:40:37.395 Serialization of dataframe to Arrow table was unsuccessful. Applying automatic fixes for column types to make the dataframe Arrow-compatible.
Traceback (most recent call last):
  File "/workspace/scratch/42ffe4c93098/utilization9_runtime/lib/python3.14/site-packages/streamlit/dataframe_util.py", line 940, in convert_pandas_df_to_arrow_table
    return pa.Table.from_pandas(df, preserve_index=preserve_index)
           ~~~~~~~~~~~~~~~~~~~~^^^^^^^^^^^^^^^^^^^^^^^^^^^^^^^^^^^
  File "pyarrow/table.pxi", line 4768, in pyarrow.lib.Table.from_pandas
  File "/workspace/scratch/42ffe4c93098/utilization9_runtime/lib/python3.14/site-packages/pyarrow/pandas_compat.py", line 651, in dataframe_to_arrays
    arrays = [convert_column(c, f)
              ~~~~~~~~~~~~~~^^^^^^
  File "/workspace/scratch/42ffe4c93098/utilization9_runtime/lib/python3.14/site-packages/pyarrow/pandas_compat.py", line 639, in convert_column
    raise e
  File "/workspace/scratch/42ffe4c93098/utilization9_runtime/lib/python3.14/site-packages/pyarrow/pandas_compat.py", line 633, in convert_column
    result = pa.array(col, type=type_, from_pandas=True, safe=safe)
  File "pyarrow/array.pxi", line 390, in pyarrow.lib.array
    result = _ndarray_to_array(values, mask, type, c_from_pandas, safe,
  File "pyarrow/array.pxi", line 91, in pyarrow.lib._ndarray_to_array
    check_status(NdarrayToArrow(pool, values, mask, from_pandas,
  File "pyarrow/error.pxi", line 92, in pyarrow.lib.check_status
pyarrow.lib.ArrowInvalid: ("Could not convert 'Wet slab/topping, barrier, wearing surface, SDL/LL, building service loads' with type str: tried to convert to double", 'Conversion failed for column w_kN/m per girder with type object')
2026-10-08 17:40:37.397 Please replace `use_container_width` with `width`.

`use_container_width` will be removed after 2025-12-31.

For `use_container_width=True`, use `width='stretch'`. For `use_container_width=False`, use `width='content'`.
2026-10-08 17:40:37.400 Please replace `use_container_width` with `width`.

`use_container_width` will be removed after 2025-12-31.

For `use_container_width=True`, use `width='stretch'`. For `use_container_width=False`, use `width='content'`.
2026-10-08 17:40:37.401 Please replace `use_container_width` with `width`.

`use_container_width` will be removed after 2025-12-31.

For `use_container_width=True`, use `width='stretch'`. For `use_container_width=False`, use `width='content'`.
2026-10-08 17:40:37.409 Please replace `use_container_width` with `width`.

`use_container_width` will be removed after 2025-12-31.

For `use_container_width=True`, use `width='stretch'`. For `use_container_width=False`, use `width='content'`.
2026-10-08 17:40:37.410 Serialization of dataframe to Arrow table was unsuccessful. Applying automatic fixes for column types to make the dataframe Arrow-compatible.
Traceback (most recent call last):
  File "/workspace/scratch/42ffe4c93098/utilization9_runtime/lib/python3.14/site-packages/streamlit/dataframe_util.py", line 940, in convert_pandas_df_to_arrow_table
    return pa.Table.from_pandas(df, preserve_index=preserve_index)
           ~~~~~~~~~~~~~~~~~~~~^^^^^^^^^^^^^^^^^^^^^^^^^^^^^^^^^^^
  File "pyarrow/table.pxi", line 4768, in pyarrow.lib.Table.from_pandas
  File "/workspace/scratch/42ffe4c93098/utilization9_runtime/lib/python3.14/site-packages/pyarrow/pandas_compat.py", line 651, in dataframe_to_arrays
    arrays = [convert_column(c, f)
              ~~~~~~~~~~~~~~^^^^^^
  File "/workspace/scratch/42ffe4c93098/utilization9_runtime/lib/python3.14/site-packages/pyarrow/pandas_compat.py", line 639, in convert_column
    raise e
  File "/workspace/scratch/42ffe4c93098/utilization9_runtime/lib/python3.14/site-packages/pyarrow/pandas_compat.py", line 633, in convert_column
    result = pa.array(col, type=type_, from_pandas=True, safe=safe)
  File "pyarrow/array.pxi", line 390, in pyarrow.lib.array
    result = _ndarray_to_array(values, mask, type, c_from_pandas, safe,
  File "pyarrow/array.pxi", line 91, in pyarrow.lib._ndarray_to_array
    check_status(NdarrayToArrow(pool, values, mask, from_pandas,
  File "pyarrow/error.pxi", line 92, in pyarrow.lib.check_status
pyarrow.lib.ArrowInvalid: ('Could not convert 0 with type int: tried to convert to boolean', 'Conversion failed for column Value with type object')
2026-10-08 17:40:37.411 Please replace `use_container_width` with `width`.

`use_container_width` will be removed after 2025-12-31.

For `use_container_width=True`, use `width='stretch'`. For `use_container_width=False`, use `width='content'`.
2026-10-08 17:40:37.417 Please replace `use_container_width` with `width`.

`use_container_width` will be removed after 2025-12-31.

For `use_container_width=True`, use `width='stretch'`. For `use_container_width=False`, use `width='content'`.
2026-10-08 17:40:37.894 Please replace `use_container_width` with `width`.

`use_container_width` will be removed after 2025-12-31.

For `use_container_width=True`, use `width='stretch'`. For `use_container_width=False`, use `width='content'`.
2026-10-08 17:40:37.896 Please replace `use_container_width` with `width`.

`use_container_width` will be removed after 2025-12-31.

For `use_container_width=True`, use `width='stretch'`. For `use_container_width=False`, use `width='content'`.
2026-10-08 17:40:37.897 Please replace `use_container_width` with `width`.

`use_container_width` will be removed after 2025-12-31.

For `use_container_width=True`, use `width='stretch'`. For `use_container_width=False`, use `width='content'`.
2026-10-08 17:40:38.089 Please replace `use_container_width` with `width`.

`use_container_width` will be removed after 2025-12-31.

For `use_container_width=True`, use `width='stretch'`. For `use_container_width=False`, use `width='content'`.
2026-10-08 17:40:38.098 Please replace `use_container_width` with `width`.

`use_container_width` will be removed after 2025-12-31.

For `use_container_width=True`, use `width='stretch'`. For `use_container_width=False`, use `width='content'`.
2026-10-08 17:40:38.102 Please replace `use_container_width` with `width`.

`use_container_width` will be removed after 2025-12-31.

For `use_container_width=True`, use `width='stretch'`. For `use_container_width=False`, use `width='content'`.
2026-10-08 17:40:38.121 Please replace `use_container_width` with `width`.

`use_container_width` will be removed after 2025-12-31.

For `use_container_width=True`, use `width='stretch'`. For `use_container_width=False`, use `width='content'`.
2026-10-08 17:40:38.122 Please replace `use_container_width` with `width`.

`use_container_width` will be removed after 2025-12-31.

For `use_container_width=True`, use `width='stretch'`. For `use_container_width=False`, use `width='content'`.
2026-10-08 17:40:38.123 Please replace `use_container_width` with `width`.

`use_container_width` will be removed after 2025-12-31.

For `use_container_width=True`, use `width='stretch'`. For `use_container_width=False`, use `width='content'`.
2026-10-08 17:40:38.138 Please replace `use_container_width` with `width`.

`use_container_width` will be removed after 2025-12-31.

For `use_container_width=True`, use `width='stretch'`. For `use_container_width=False`, use `width='content'`.
2026-10-08 17:40:38.139 Please replace `use_container_width` with `width`.

`use_container_width` will be removed after 2025-12-31.

For `use_container_width=True`, use `width='stretch'`. For `use_container_width=False`, use `width='content'`.
2026-10-08 17:40:38.144 Please replace `use_container_width` with `width`.

`use_container_width` will be removed after 2025-12-31.

For `use_container_width=True`, use `width='stretch'`. For `use_container_width=False`, use `width='content'`.
2026-10-08 17:40:38.149 Please replace `use_container_width` with `width`.

`use_container_width` will be removed after 2025-12-31.

For `use_container_width=True`, use `width='stretch'`. For `use_container_width=False`, use `width='content'`.
2026-10-08 17:40:38.150 Serialization of dataframe to Arrow table was unsuccessful. Applying automatic fixes for column types to make the dataframe Arrow-compatible.
Traceback (most recent call last):
  File "/workspace/scratch/42ffe4c93098/utilization9_runtime/lib/python3.14/site-packages/streamlit/dataframe_util.py", line 940, in convert_pandas_df_to_arrow_table
    return pa.Table.from_pandas(df, preserve_index=preserve_index)
           ~~~~~~~~~~~~~~~~~~~~^^^^^^^^^^^^^^^^^^^^^^^^^^^^^^^^^^^
  File "pyarrow/table.pxi", line 4768, in pyarrow.lib.Table.from_pandas
  File "/workspace/scratch/42ffe4c93098/utilization9_runtime/lib/python3.14/site-packages/pyarrow/pandas_compat.py", line 651, in dataframe_to_arrays
    arrays = [convert_column(c, f)
              ~~~~~~~~~~~~~~^^^^^^
  File "/workspace/scratch/42ffe4c93098/utilization9_runtime/lib/python3.14/site-packages/pyarrow/pandas_compat.py", line 639, in convert_column
    raise e
  File "/workspace/scratch/42ffe4c93098/utilization9_runtime/lib/python3.14/site-packages/pyarrow/pandas_compat.py", line 633, in convert_column
    result = pa.array(col, type=type_, from_pandas=True, safe=safe)
  File "pyarrow/array.pxi", line 390, in pyarrow.lib.array
    result = _ndarray_to_array(values, mask, type, c_from_pandas, safe,
  File "pyarrow/array.pxi", line 91, in pyarrow.lib._ndarray_to_array
    check_status(NdarrayToArrow(pool, values, mask, from_pandas,
  File "pyarrow/error.pxi", line 92, in pyarrow.lib.check_status
pyarrow.lib.ArrowTypeError: ("Expected bytes, got a 'bool' object", 'Conversion failed for column Value with type object')
2026-10-08 17:40:38.152 Please replace `use_container_width` with `width`.

`use_container_width` will be removed after 2025-12-31.

For `use_container_width=True`, use `width='stretch'`. For `use_container_width=False`, use `width='content'`.
2026-10-08 17:40:38.153 Please replace `use_container_width` with `width`.

`use_container_width` will be removed after 2025-12-31.

For `use_container_width=True`, use `width='stretch'`. For `use_container_width=False`, use `width='content'`.
2026-10-08 17:40:38.155 Please replace `use_container_width` with `width`.

`use_container_width` will be removed after 2025-12-31.

For `use_container_width=True`, use `width='stretch'`. For `use_container_width=False`, use `width='content'`.
2026-10-08 17:40:38.156 Please replace `use_container_width` with `width`.

`use_container_width` will be removed after 2025-12-31.

For `use_container_width=True`, use `width='stretch'`. For `use_container_width=False`, use `width='content'`.
2026-10-08 17:40:38.157 Please replace `use_container_width` with `width`.

`use_container_width` will be removed after 2025-12-31.

For `use_container_width=True`, use `width='stretch'`. For `use_container_width=False`, use `width='content'`.
2026-10-08 17:40:38.173 Please replace `use_container_width` with `width`.

`use_container_width` will be removed after 2025-12-31.

For `use_container_width=True`, use `width='stretch'`. For `use_container_width=False`, use `width='content'`.
2026-10-08 17:40:38.175 Please replace `use_container_width` with `width`.

`use_container_width` will be removed after 2025-12-31.

For `use_container_width=True`, use `width='stretch'`. For `use_container_width=False`, use `width='content'`.
2026-10-08 17:40:38.176 Please replace `use_container_width` with `width`.

`use_container_width` will be removed after 2025-12-31.

For `use_container_width=True`, use `width='stretch'`. For `use_container_width=False`, use `width='content'`.
2026-10-08 17:40:38.176 Serialization of dataframe to Arrow table was unsuccessful. Applying automatic fixes for column types to make the dataframe Arrow-compatible.
Traceback (most recent call last):
  File "/workspace/scratch/42ffe4c93098/utilization9_runtime/lib/python3.14/site-packages/streamlit/dataframe_util.py", line 940, in convert_pandas_df_to_arrow_table
    return pa.Table.from_pandas(df, preserve_index=preserve_index)
           ~~~~~~~~~~~~~~~~~~~~^^^^^^^^^^^^^^^^^^^^^^^^^^^^^^^^^^^
  File "pyarrow/table.pxi", line 4768, in pyarrow.lib.Table.from_pandas
  File "/workspace/scratch/42ffe4c93098/utilization9_runtime/lib/python3.14/site-packages/pyarrow/pandas_compat.py", line 651, in dataframe_to_arrays
    arrays = [convert_column(c, f)
              ~~~~~~~~~~~~~~^^^^^^
  File "/workspace/scratch/42ffe4c93098/utilization9_runtime/lib/python3.14/site-packages/pyarrow/pandas_compat.py", line 639, in convert_column
    raise e
  File "/workspace/scratch/42ffe4c93098/utilization9_runtime/lib/python3.14/site-packages/pyarrow/pandas_compat.py", line 633, in convert_column
    result = pa.array(col, type=type_, from_pandas=True, safe=safe)
  File "pyarrow/array.pxi", line 390, in pyarrow.lib.array
    result = _ndarray_to_array(values, mask, type, c_from_pandas, safe,
  File "pyarrow/array.pxi", line 91, in pyarrow.lib._ndarray_to_array
    check_status(NdarrayToArrow(pool, values, mask, from_pandas,
  File "pyarrow/error.pxi", line 92, in pyarrow.lib.check_status
pyarrow.lib.ArrowTypeError: ("Expected bytes, got a 'float' object", 'Conversion failed for column Value with type object')
2026-10-08 17:40:38.180 Please replace `use_container_width` with `width`.

`use_container_width` will be removed after 2025-12-31.

For `use_container_width=True`, use `width='stretch'`. For `use_container_width=False`, use `width='content'`.
2026-10-08 17:40:38.180 Serialization of dataframe to Arrow table was unsuccessful. Applying automatic fixes for column types to make the dataframe Arrow-compatible.
Traceback (most recent call last):
  File "/workspace/scratch/42ffe4c93098/utilization9_runtime/lib/python3.14/site-packages/streamlit/dataframe_util.py", line 940, in convert_pandas_df_to_arrow_table
    return pa.Table.from_pandas(df, preserve_index=preserve_index)
           ~~~~~~~~~~~~~~~~~~~~^^^^^^^^^^^^^^^^^^^^^^^^^^^^^^^^^^^
  File "pyarrow/table.pxi", line 4768, in pyarrow.lib.Table.from_pandas
  File "/workspace/scratch/42ffe4c93098/utilization9_runtime/lib/python3.14/site-packages/pyarrow/pandas_compat.py", line 651, in dataframe_to_arrays
    arrays = [convert_column(c, f)
              ~~~~~~~~~~~~~~^^^^^^
  File "/workspace/scratch/42ffe4c93098/utilization9_runtime/lib/python3.14/site-packages/pyarrow/pandas_compat.py", line 639, in convert_column
    raise e
  File "/workspace/scratch/42ffe4c93098/utilization9_runtime/lib/python3.14/site-packages/pyarrow/pandas_compat.py", line 633, in convert_column
    result = pa.array(col, type=type_, from_pandas=True, safe=safe)
  File "pyarrow/array.pxi", line 390, in pyarrow.lib.array
    result = _ndarray_to_array(values, mask, type, c_from_pandas, safe,
  File "pyarrow/array.pxi", line 91, in pyarrow.lib._ndarray_to_array
    check_status(NdarrayToArrow(pool, values, mask, from_pandas,
  File "pyarrow/error.pxi", line 92, in pyarrow.lib.check_status
pyarrow.lib.ArrowInvalid: ("Could not convert 'Wet slab/topping, barrier, wearing surface, SDL/LL, building service loads' with type str: tried to convert to double", 'Conversion failed for column w_kN/m per girder with type object')
2026-10-08 17:40:38.182 Please replace `use_container_width` with `width`.

`use_container_width` will be removed after 2025-12-31.

For `use_container_width=True`, use `width='stretch'`. For `use_container_width=False`, use `width='content'`.
2026-10-08 17:40:38.185 Please replace `use_container_width` with `width`.

`use_container_width` will be removed after 2025-12-31.

For `use_container_width=True`, use `width='stretch'`. For `use_container_width=False`, use `width='content'`.
2026-10-08 17:40:38.186 Please replace `use_container_width` with `width`.

`use_container_width` will be removed after 2025-12-31.

For `use_container_width=True`, use `width='stretch'`. For `use_container_width=False`, use `width='content'`.
2026-10-08 17:40:38.192 Please replace `use_container_width` with `width`.

`use_container_width` will be removed after 2025-12-31.

For `use_container_width=True`, use `width='stretch'`. For `use_container_width=False`, use `width='content'`.
2026-10-08 17:40:38.193 Serialization of dataframe to Arrow table was unsuccessful. Applying automatic fixes for column types to make the dataframe Arrow-compatible.
Traceback (most recent call last):
  File "/workspace/scratch/42ffe4c93098/utilization9_runtime/lib/python3.14/site-packages/streamlit/dataframe_util.py", line 940, in convert_pandas_df_to_arrow_table
    return pa.Table.from_pandas(df, preserve_index=preserve_index)
           ~~~~~~~~~~~~~~~~~~~~^^^^^^^^^^^^^^^^^^^^^^^^^^^^^^^^^^^
  File "pyarrow/table.pxi", line 4768, in pyarrow.lib.Table.from_pandas
  File "/workspace/scratch/42ffe4c93098/utilization9_runtime/lib/python3.14/site-packages/pyarrow/pandas_compat.py", line 651, in dataframe_to_arrays
    arrays = [convert_column(c, f)
              ~~~~~~~~~~~~~~^^^^^^
  File "/workspace/scratch/42ffe4c93098/utilization9_runtime/lib/python3.14/site-packages/pyarrow/pandas_compat.py", line 639, in convert_column
    raise e
  File "/workspace/scratch/42ffe4c93098/utilization9_runtime/lib/python3.14/site-packages/pyarrow/pandas_compat.py", line 633, in convert_column
    result = pa.array(col, type=type_, from_pandas=True, safe=safe)
  File "pyarrow/array.pxi", line 390, in pyarrow.lib.array
    result = _ndarray_to_array(values, mask, type, c_from_pandas, safe,
  File "pyarrow/array.pxi", line 91, in pyarrow.lib._ndarray_to_array
    check_status(NdarrayToArrow(pool, values, mask, from_pandas,
  File "pyarrow/error.pxi", line 92, in pyarrow.lib.check_status
pyarrow.lib.ArrowInvalid: ('Could not convert 0 with type int: tried to convert to boolean', 'Conversion failed for column Value with type object')
2026-10-08 17:40:38.195 Please replace `use_container_width` with `width`.

`use_container_width` will be removed after 2025-12-31.

For `use_container_width=True`, use `width='stretch'`. For `use_container_width=False`, use `width='content'`.
2026-10-08 17:40:38.200 Please replace `use_container_width` with `width`.

`use_container_width` will be removed after 2025-12-31.

For `use_container_width=True`, use `width='stretch'`. For `use_container_width=False`, use `width='content'`.
2026-10-08 17:40:38.709 Please replace `use_container_width` with `width`.

`use_container_width` will be removed after 2025-12-31.

For `use_container_width=True`, use `width='stretch'`. For `use_container_width=False`, use `width='content'`.
2026-10-08 17:40:38.710 Please replace `use_container_width` with `width`.

`use_container_width` will be removed after 2025-12-31.

For `use_container_width=True`, use `width='stretch'`. For `use_container_width=False`, use `width='content'`.
2026-10-08 17:40:38.711 Please replace `use_container_width` with `width`.

`use_container_width` will be removed after 2025-12-31.

For `use_container_width=True`, use `width='stretch'`. For `use_container_width=False`, use `width='content'`.
2026-10-08 17:40:38.933 Please replace `use_container_width` with `width`.

`use_container_width` will be removed after 2025-12-31.

For `use_container_width=True`, use `width='stretch'`. For `use_container_width=False`, use `width='content'`.
2026-10-08 17:40:38.942 Please replace `use_container_width` with `width`.

`use_container_width` will be removed after 2025-12-31.

For `use_container_width=True`, use `width='stretch'`. For `use_container_width=False`, use `width='content'`.
2026-10-08 17:40:38.946 Please replace `use_container_width` with `width`.

`use_container_width` will be removed after 2025-12-31.

For `use_container_width=True`, use `width='stretch'`. For `use_container_width=False`, use `width='content'`.
2026-10-08 17:40:38.961 Please replace `use_container_width` with `width`.

`use_container_width` will be removed after 2025-12-31.

For `use_container_width=True`, use `width='stretch'`. For `use_container_width=False`, use `width='content'`.
2026-10-08 17:40:38.962 Please replace `use_container_width` with `width`.

`use_container_width` will be removed after 2025-12-31.

For `use_container_width=True`, use `width='stretch'`. For `use_container_width=False`, use `width='content'`.
2026-10-08 17:40:38.963 Please replace `use_container_width` with `width`.

`use_container_width` will be removed after 2025-12-31.

For `use_container_width=True`, use `width='stretch'`. For `use_container_width=False`, use `width='content'`.
2026-10-08 17:40:38.977 Please replace `use_container_width` with `width`.

`use_container_width` will be removed after 2025-12-31.

For `use_container_width=True`, use `width='stretch'`. For `use_container_width=False`, use `width='content'`.
2026-10-08 17:40:38.978 Please replace `use_container_width` with `width`.

`use_container_width` will be removed after 2025-12-31.

For `use_container_width=True`, use `width='stretch'`. For `use_container_width=False`, use `width='content'`.
2026-10-08 17:40:38.983 Please replace `use_container_width` with `width`.

`use_container_width` will be removed after 2025-12-31.

For `use_container_width=True`, use `width='stretch'`. For `use_container_width=False`, use `width='content'`.
2026-10-08 17:40:38.987 Please replace `use_container_width` with `width`.

`use_container_width` will be removed after 2025-12-31.

For `use_container_width=True`, use `width='stretch'`. For `use_container_width=False`, use `width='content'`.
2026-10-08 17:40:38.987 Serialization of dataframe to Arrow table was unsuccessful. Applying automatic fixes for column types to make the dataframe Arrow-compatible.
Traceback (most recent call last):
  File "/workspace/scratch/42ffe4c93098/utilization9_runtime/lib/python3.14/site-packages/streamlit/dataframe_util.py", line 940, in convert_pandas_df_to_arrow_table
    return pa.Table.from_pandas(df, preserve_index=preserve_index)
           ~~~~~~~~~~~~~~~~~~~~^^^^^^^^^^^^^^^^^^^^^^^^^^^^^^^^^^^
  File "pyarrow/table.pxi", line 4768, in pyarrow.lib.Table.from_pandas
  File "/workspace/scratch/42ffe4c93098/utilization9_runtime/lib/python3.14/site-packages/pyarrow/pandas_compat.py", line 651, in dataframe_to_arrays
    arrays = [convert_column(c, f)
              ~~~~~~~~~~~~~~^^^^^^
  File "/workspace/scratch/42ffe4c93098/utilization9_runtime/lib/python3.14/site-packages/pyarrow/pandas_compat.py", line 639, in convert_column
    raise e
  File "/workspace/scratch/42ffe4c93098/utilization9_runtime/lib/python3.14/site-packages/pyarrow/pandas_compat.py", line 633, in convert_column
    result = pa.array(col, type=type_, from_pandas=True, safe=safe)
  File "pyarrow/array.pxi", line 390, in pyarrow.lib.array
    result = _ndarray_to_array(values, mask, type, c_from_pandas, safe,
  File "pyarrow/array.pxi", line 91, in pyarrow.lib._ndarray_to_array
    check_status(NdarrayToArrow(pool, values, mask, from_pandas,
  File "pyarrow/error.pxi", line 92, in pyarrow.lib.check_status
pyarrow.lib.ArrowTypeError: ("Expected bytes, got a 'bool' object", 'Conversion failed for column Value with type object')
2026-10-08 17:40:38.990 Please replace `use_container_width` with `width`.

`use_container_width` will be removed after 2025-12-31.

For `use_container_width=True`, use `width='stretch'`. For `use_container_width=False`, use `width='content'`.
2026-10-08 17:40:38.991 Please replace `use_container_width` with `width`.

`use_container_width` will be removed after 2025-12-31.

For `use_container_width=True`, use `width='stretch'`. For `use_container_width=False`, use `width='content'`.
2026-10-08 17:40:38.992 Please replace `use_container_width` with `width`.

`use_container_width` will be removed after 2025-12-31.

For `use_container_width=True`, use `width='stretch'`. For `use_container_width=False`, use `width='content'`.
2026-10-08 17:40:38.994 Please replace `use_container_width` with `width`.

`use_container_width` will be removed after 2025-12-31.

For `use_container_width=True`, use `width='stretch'`. For `use_container_width=False`, use `width='content'`.
2026-10-08 17:40:38.995 Please replace `use_container_width` with `width`.

`use_container_width` will be removed after 2025-12-31.

For `use_container_width=True`, use `width='stretch'`. For `use_container_width=False`, use `width='content'`.
2026-10-08 17:40:39.010 Please replace `use_container_width` with `width`.

`use_container_width` will be removed after 2025-12-31.

For `use_container_width=True`, use `width='stretch'`. For `use_container_width=False`, use `width='content'`.
2026-10-08 17:40:39.011 Please replace `use_container_width` with `width`.

`use_container_width` will be removed after 2025-12-31.

For `use_container_width=True`, use `width='stretch'`. For `use_container_width=False`, use `width='content'`.
2026-10-08 17:40:39.012 Please replace `use_container_width` with `width`.

`use_container_width` will be removed after 2025-12-31.

For `use_container_width=True`, use `width='stretch'`. For `use_container_width=False`, use `width='content'`.
2026-10-08 17:40:39.012 Serialization of dataframe to Arrow table was unsuccessful. Applying automatic fixes for column types to make the dataframe Arrow-compatible.
Traceback (most recent call last):
  File "/workspace/scratch/42ffe4c93098/utilization9_runtime/lib/python3.14/site-packages/streamlit/dataframe_util.py", line 940, in convert_pandas_df_to_arrow_table
    return pa.Table.from_pandas(df, preserve_index=preserve_index)
           ~~~~~~~~~~~~~~~~~~~~^^^^^^^^^^^^^^^^^^^^^^^^^^^^^^^^^^^
  File "pyarrow/table.pxi", line 4768, in pyarrow.lib.Table.from_pandas
  File "/workspace/scratch/42ffe4c93098/utilization9_runtime/lib/python3.14/site-packages/pyarrow/pandas_compat.py", line 651, in dataframe_to_arrays
    arrays = [convert_column(c, f)
              ~~~~~~~~~~~~~~^^^^^^
  File "/workspace/scratch/42ffe4c93098/utilization9_runtime/lib/python3.14/site-packages/pyarrow/pandas_compat.py", line 639, in convert_column
    raise e
  File "/workspace/scratch/42ffe4c93098/utilization9_runtime/lib/python3.14/site-packages/pyarrow/pandas_compat.py", line 633, in convert_column
    result = pa.array(col, type=type_, from_pandas=True, safe=safe)
  File "pyarrow/array.pxi", line 390, in pyarrow.lib.array
    result = _ndarray_to_array(values, mask, type, c_from_pandas, safe,
  File "pyarrow/array.pxi", line 91, in pyarrow.lib._ndarray_to_array
    check_status(NdarrayToArrow(pool, values, mask, from_pandas,
  File "pyarrow/error.pxi", line 92, in pyarrow.lib.check_status
pyarrow.lib.ArrowTypeError: ("Expected bytes, got a 'float' object", 'Conversion failed for column Value with type object')
2026-10-08 17:40:39.015 Please replace `use_container_width` with `width`.

`use_container_width` will be removed after 2025-12-31.

For `use_container_width=True`, use `width='stretch'`. For `use_container_width=False`, use `width='content'`.
2026-10-08 17:40:39.015 Serialization of dataframe to Arrow table was unsuccessful. Applying automatic fixes for column types to make the dataframe Arrow-compatible.
Traceback (most recent call last):
  File "/workspace/scratch/42ffe4c93098/utilization9_runtime/lib/python3.14/site-packages/streamlit/dataframe_util.py", line 940, in convert_pandas_df_to_arrow_table
    return pa.Table.from_pandas(df, preserve_index=preserve_index)
           ~~~~~~~~~~~~~~~~~~~~^^^^^^^^^^^^^^^^^^^^^^^^^^^^^^^^^^^
  File "pyarrow/table.pxi", line 4768, in pyarrow.lib.Table.from_pandas
  File "/workspace/scratch/42ffe4c93098/utilization9_runtime/lib/python3.14/site-packages/pyarrow/pandas_compat.py", line 651, in dataframe_to_arrays
    arrays = [convert_column(c, f)
              ~~~~~~~~~~~~~~^^^^^^
  File "/workspace/scratch/42ffe4c93098/utilization9_runtime/lib/python3.14/site-packages/pyarrow/pandas_compat.py", line 639, in convert_column
    raise e
  File "/workspace/scratch/42ffe4c93098/utilization9_runtime/lib/python3.14/site-packages/pyarrow/pandas_compat.py", line 633, in convert_column
    result = pa.array(col, type=type_, from_pandas=True, safe=safe)
  File "pyarrow/array.pxi", line 390, in pyarrow.lib.array
    result = _ndarray_to_array(values, mask, type, c_from_pandas, safe,
  File "pyarrow/array.pxi", line 91, in pyarrow.lib._ndarray_to_array
    check_status(NdarrayToArrow(pool, values, mask, from_pandas,
  File "pyarrow/error.pxi", line 92, in pyarrow.lib.check_status
pyarrow.lib.ArrowInvalid: ("Could not convert 'Wet slab/topping, barrier, wearing surface, SDL/LL, building service loads' with type str: tried to convert to double", 'Conversion failed for column w_kN/m per girder with type object')
2026-10-08 17:40:39.017 Please replace `use_container_width` with `width`.

`use_container_width` will be removed after 2025-12-31.

For `use_container_width=True`, use `width='stretch'`. For `use_container_width=False`, use `width='content'`.
2026-10-08 17:40:39.020 Please replace `use_container_width` with `width`.

`use_container_width` will be removed after 2025-12-31.

For `use_container_width=True`, use `width='stretch'`. For `use_container_width=False`, use `width='content'`.
2026-10-08 17:40:39.022 Please replace `use_container_width` with `width`.

`use_container_width` will be removed after 2025-12-31.

For `use_container_width=True`, use `width='stretch'`. For `use_container_width=False`, use `width='content'`.
2026-10-08 17:40:39.028 Please replace `use_container_width` with `width`.

`use_container_width` will be removed after 2025-12-31.

For `use_container_width=True`, use `width='stretch'`. For `use_container_width=False`, use `width='content'`.
2026-10-08 17:40:39.029 Serialization of dataframe to Arrow table was unsuccessful. Applying automatic fixes for column types to make the dataframe Arrow-compatible.
Traceback (most recent call last):
  File "/workspace/scratch/42ffe4c93098/utilization9_runtime/lib/python3.14/site-packages/streamlit/dataframe_util.py", line 940, in convert_pandas_df_to_arrow_table
    return pa.Table.from_pandas(df, preserve_index=preserve_index)
           ~~~~~~~~~~~~~~~~~~~~^^^^^^^^^^^^^^^^^^^^^^^^^^^^^^^^^^^
  File "pyarrow/table.pxi", line 4768, in pyarrow.lib.Table.from_pandas
  File "/workspace/scratch/42ffe4c93098/utilization9_runtime/lib/python3.14/site-packages/pyarrow/pandas_compat.py", line 651, in dataframe_to_arrays
    arrays = [convert_column(c, f)
              ~~~~~~~~~~~~~~^^^^^^
  File "/workspace/scratch/42ffe4c93098/utilization9_runtime/lib/python3.14/site-packages/pyarrow/pandas_compat.py", line 639, in convert_column
    raise e
  File "/workspace/scratch/42ffe4c93098/utilization9_runtime/lib/python3.14/site-packages/pyarrow/pandas_compat.py", line 633, in convert_column
    result = pa.array(col, type=type_, from_pandas=True, safe=safe)
  File "pyarrow/array.pxi", line 390, in pyarrow.lib.array
    result = _ndarray_to_array(values, mask, type, c_from_pandas, safe,
  File "pyarrow/array.pxi", line 91, in pyarrow.lib._ndarray_to_array
    check_status(NdarrayToArrow(pool, values, mask, from_pandas,
  File "pyarrow/error.pxi", line 92, in pyarrow.lib.check_status
pyarrow.lib.ArrowInvalid: ('Could not convert 0 with type int: tried to convert to boolean', 'Conversion failed for column Value with type object')
2026-10-08 17:40:39.030 Please replace `use_container_width` with `width`.

`use_container_width` will be removed after 2025-12-31.

For `use_container_width=True`, use `width='stretch'`. For `use_container_width=False`, use `width='content'`.
2026-10-08 17:40:39.034 Please replace `use_container_width` with `width`.

`use_container_width` will be removed after 2025-12-31.

For `use_container_width=True`, use `width='stretch'`. For `use_container_width=False`, use `width='content'`.
2026-10-08 17:40:39.521 Please replace `use_container_width` with `width`.

`use_container_width` will be removed after 2025-12-31.

For `use_container_width=True`, use `width='stretch'`. For `use_container_width=False`, use `width='content'`.
2026-10-08 17:40:39.522 Please replace `use_container_width` with `width`.

`use_container_width` will be removed after 2025-12-31.

For `use_container_width=True`, use `width='stretch'`. For `use_container_width=False`, use `width='content'`.
2026-10-08 17:40:39.523 Please replace `use_container_width` with `width`.

`use_container_width` will be removed after 2025-12-31.

For `use_container_width=True`, use `width='stretch'`. For `use_container_width=False`, use `width='content'`.
2026-10-08 17:40:39.701 Please replace `use_container_width` with `width`.

`use_container_width` will be removed after 2025-12-31.

For `use_container_width=True`, use `width='stretch'`. For `use_container_width=False`, use `width='content'`.
2026-10-08 17:40:39.710 Please replace `use_container_width` with `width`.

`use_container_width` will be removed after 2025-12-31.

For `use_container_width=True`, use `width='stretch'`. For `use_container_width=False`, use `width='content'`.
2026-10-08 17:40:39.713 Please replace `use_container_width` with `width`.

`use_container_width` will be removed after 2025-12-31.

For `use_container_width=True`, use `width='stretch'`. For `use_container_width=False`, use `width='content'`.
2026-10-08 17:40:39.731 Please replace `use_container_width` with `width`.

`use_container_width` will be removed after 2025-12-31.

For `use_container_width=True`, use `width='stretch'`. For `use_container_width=False`, use `width='content'`.
2026-10-08 17:40:39.732 Please replace `use_container_width` with `width`.

`use_container_width` will be removed after 2025-12-31.

For `use_container_width=True`, use `width='stretch'`. For `use_container_width=False`, use `width='content'`.
2026-10-08 17:40:39.733 Please replace `use_container_width` with `width`.

`use_container_width` will be removed after 2025-12-31.

For `use_container_width=True`, use `width='stretch'`. For `use_container_width=False`, use `width='content'`.
2026-10-08 17:40:39.747 Please replace `use_container_width` with `width`.

`use_container_width` will be removed after 2025-12-31.

For `use_container_width=True`, use `width='stretch'`. For `use_container_width=False`, use `width='content'`.
2026-10-08 17:40:39.748 Please replace `use_container_width` with `width`.

`use_container_width` will be removed after 2025-12-31.

For `use_container_width=True`, use `width='stretch'`. For `use_container_width=False`, use `width='content'`.
2026-10-08 17:40:39.753 Please replace `use_container_width` with `width`.

`use_container_width` will be removed after 2025-12-31.

For `use_container_width=True`, use `width='stretch'`. For `use_container_width=False`, use `width='content'`.
2026-10-08 17:40:39.757 Please replace `use_container_width` with `width`.

`use_container_width` will be removed after 2025-12-31.

For `use_container_width=True`, use `width='stretch'`. For `use_container_width=False`, use `width='content'`.
2026-10-08 17:40:39.758 Serialization of dataframe to Arrow table was unsuccessful. Applying automatic fixes for column types to make the dataframe Arrow-compatible.
Traceback (most recent call last):
  File "/workspace/scratch/42ffe4c93098/utilization9_runtime/lib/python3.14/site-packages/streamlit/dataframe_util.py", line 940, in convert_pandas_df_to_arrow_table
    return pa.Table.from_pandas(df, preserve_index=preserve_index)
           ~~~~~~~~~~~~~~~~~~~~^^^^^^^^^^^^^^^^^^^^^^^^^^^^^^^^^^^
  File "pyarrow/table.pxi", line 4768, in pyarrow.lib.Table.from_pandas
  File "/workspace/scratch/42ffe4c93098/utilization9_runtime/lib/python3.14/site-packages/pyarrow/pandas_compat.py", line 651, in dataframe_to_arrays
    arrays = [convert_column(c, f)
              ~~~~~~~~~~~~~~^^^^^^
  File "/workspace/scratch/42ffe4c93098/utilization9_runtime/lib/python3.14/site-packages/pyarrow/pandas_compat.py", line 639, in convert_column
    raise e
  File "/workspace/scratch/42ffe4c93098/utilization9_runtime/lib/python3.14/site-packages/pyarrow/pandas_compat.py", line 633, in convert_column
    result = pa.array(col, type=type_, from_pandas=True, safe=safe)
  File "pyarrow/array.pxi", line 390, in pyarrow.lib.array
    result = _ndarray_to_array(values, mask, type, c_from_pandas, safe,
  File "pyarrow/array.pxi", line 91, in pyarrow.lib._ndarray_to_array
    check_status(NdarrayToArrow(pool, values, mask, from_pandas,
  File "pyarrow/error.pxi", line 92, in pyarrow.lib.check_status
pyarrow.lib.ArrowTypeError: ("Expected bytes, got a 'bool' object", 'Conversion failed for column Value with type object')
2026-10-08 17:40:39.760 Please replace `use_container_width` with `width`.

`use_container_width` will be removed after 2025-12-31.

For `use_container_width=True`, use `width='stretch'`. For `use_container_width=False`, use `width='content'`.
2026-10-08 17:40:39.761 Please replace `use_container_width` with `width`.

`use_container_width` will be removed after 2025-12-31.

For `use_container_width=True`, use `width='stretch'`. For `use_container_width=False`, use `width='content'`.
2026-10-08 17:40:39.763 Please replace `use_container_width` with `width`.

`use_container_width` will be removed after 2025-12-31.

For `use_container_width=True`, use `width='stretch'`. For `use_container_width=False`, use `width='content'`.
2026-10-08 17:40:39.765 Please replace `use_container_width` with `width`.

`use_container_width` will be removed after 2025-12-31.

For `use_container_width=True`, use `width='stretch'`. For `use_container_width=False`, use `width='content'`.
2026-10-08 17:40:39.767 Please replace `use_container_width` with `width`.

`use_container_width` will be removed after 2025-12-31.

For `use_container_width=True`, use `width='stretch'`. For `use_container_width=False`, use `width='content'`.
2026-10-08 17:40:39.782 Please replace `use_container_width` with `width`.

`use_container_width` will be removed after 2025-12-31.

For `use_container_width=True`, use `width='stretch'`. For `use_container_width=False`, use `width='content'`.
2026-10-08 17:40:39.784 Please replace `use_container_width` with `width`.

`use_container_width` will be removed after 2025-12-31.

For `use_container_width=True`, use `width='stretch'`. For `use_container_width=False`, use `width='content'`.
2026-10-08 17:40:39.785 Please replace `use_container_width` with `width`.

`use_container_width` will be removed after 2025-12-31.

For `use_container_width=True`, use `width='stretch'`. For `use_container_width=False`, use `width='content'`.
2026-10-08 17:40:39.785 Serialization of dataframe to Arrow table was unsuccessful. Applying automatic fixes for column types to make the dataframe Arrow-compatible.
Traceback (most recent call last):
  File "/workspace/scratch/42ffe4c93098/utilization9_runtime/lib/python3.14/site-packages/streamlit/dataframe_util.py", line 940, in convert_pandas_df_to_arrow_table
    return pa.Table.from_pandas(df, preserve_index=preserve_index)
           ~~~~~~~~~~~~~~~~~~~~^^^^^^^^^^^^^^^^^^^^^^^^^^^^^^^^^^^
  File "pyarrow/table.pxi", line 4768, in pyarrow.lib.Table.from_pandas
  File "/workspace/scratch/42ffe4c93098/utilization9_runtime/lib/python3.14/site-packages/pyarrow/pandas_compat.py", line 651, in dataframe_to_arrays
    arrays = [convert_column(c, f)
              ~~~~~~~~~~~~~~^^^^^^
  File "/workspace/scratch/42ffe4c93098/utilization9_runtime/lib/python3.14/site-packages/pyarrow/pandas_compat.py", line 639, in convert_column
    raise e
  File "/workspace/scratch/42ffe4c93098/utilization9_runtime/lib/python3.14/site-packages/pyarrow/pandas_compat.py", line 633, in convert_column
    result = pa.array(col, type=type_, from_pandas=True, safe=safe)
  File "pyarrow/array.pxi", line 390, in pyarrow.lib.array
    result = _ndarray_to_array(values, mask, type, c_from_pandas, safe,
  File "pyarrow/array.pxi", line 91, in pyarrow.lib._ndarray_to_array
    check_status(NdarrayToArrow(pool, values, mask, from_pandas,
  File "pyarrow/error.pxi", line 92, in pyarrow.lib.check_status
pyarrow.lib.ArrowTypeError: ("Expected bytes, got a 'float' object", 'Conversion failed for column Value with type object')
2026-10-08 17:40:39.787 Please replace `use_container_width` with `width`.

`use_container_width` will be removed after 2025-12-31.

For `use_container_width=True`, use `width='stretch'`. For `use_container_width=False`, use `width='content'`.
2026-10-08 17:40:39.787 Serialization of dataframe to Arrow table was unsuccessful. Applying automatic fixes for column types to make the dataframe Arrow-compatible.
Traceback (most recent call last):
  File "/workspace/scratch/42ffe4c93098/utilization9_runtime/lib/python3.14/site-packages/streamlit/dataframe_util.py", line 940, in convert_pandas_df_to_arrow_table
    return pa.Table.from_pandas(df, preserve_index=preserve_index)
           ~~~~~~~~~~~~~~~~~~~~^^^^^^^^^^^^^^^^^^^^^^^^^^^^^^^^^^^
  File "pyarrow/table.pxi", line 4768, in pyarrow.lib.Table.from_pandas
  File "/workspace/scratch/42ffe4c93098/utilization9_runtime/lib/python3.14/site-packages/pyarrow/pandas_compat.py", line 651, in dataframe_to_arrays
    arrays = [convert_column(c, f)
              ~~~~~~~~~~~~~~^^^^^^
  File "/workspace/scratch/42ffe4c93098/utilization9_runtime/lib/python3.14/site-packages/pyarrow/pandas_compat.py", line 639, in convert_column
    raise e
  File "/workspace/scratch/42ffe4c93098/utilization9_runtime/lib/python3.14/site-packages/pyarrow/pandas_compat.py", line 633, in convert_column
    result = pa.array(col, type=type_, from_pandas=True, safe=safe)
  File "pyarrow/array.pxi", line 390, in pyarrow.lib.array
    result = _ndarray_to_array(values, mask, type, c_from_pandas, safe,
  File "pyarrow/array.pxi", line 91, in pyarrow.lib._ndarray_to_array
    check_status(NdarrayToArrow(pool, values, mask, from_pandas,
  File "pyarrow/error.pxi", line 92, in pyarrow.lib.check_status
pyarrow.lib.ArrowInvalid: ("Could not convert 'Wet slab/topping, barrier, wearing surface, SDL/LL, building service loads' with type str: tried to convert to double", 'Conversion failed for column w_kN/m per girder with type object')
2026-10-08 17:40:39.789 Please replace `use_container_width` with `width`.

`use_container_width` will be removed after 2025-12-31.

For `use_container_width=True`, use `width='stretch'`. For `use_container_width=False`, use `width='content'`.
2026-10-08 17:40:39.791 Please replace `use_container_width` with `width`.

`use_container_width` will be removed after 2025-12-31.

For `use_container_width=True`, use `width='stretch'`. For `use_container_width=False`, use `width='content'`.
2026-10-08 17:40:39.793 Please replace `use_container_width` with `width`.

`use_container_width` will be removed after 2025-12-31.

For `use_container_width=True`, use `width='stretch'`. For `use_container_width=False`, use `width='content'`.
2026-10-08 17:40:39.800 Please replace `use_container_width` with `width`.

`use_container_width` will be removed after 2025-12-31.

For `use_container_width=True`, use `width='stretch'`. For `use_container_width=False`, use `width='content'`.
2026-10-08 17:40:39.801 Serialization of dataframe to Arrow table was unsuccessful. Applying automatic fixes for column types to make the dataframe Arrow-compatible.
Traceback (most recent call last):
  File "/workspace/scratch/42ffe4c93098/utilization9_runtime/lib/python3.14/site-packages/streamlit/dataframe_util.py", line 940, in convert_pandas_df_to_arrow_table
    return pa.Table.from_pandas(df, preserve_index=preserve_index)
           ~~~~~~~~~~~~~~~~~~~~^^^^^^^^^^^^^^^^^^^^^^^^^^^^^^^^^^^
  File "pyarrow/table.pxi", line 4768, in pyarrow.lib.Table.from_pandas
  File "/workspace/scratch/42ffe4c93098/utilization9_runtime/lib/python3.14/site-packages/pyarrow/pandas_compat.py", line 651, in dataframe_to_arrays
    arrays = [convert_column(c, f)
              ~~~~~~~~~~~~~~^^^^^^
  File "/workspace/scratch/42ffe4c93098/utilization9_runtime/lib/python3.14/site-packages/pyarrow/pandas_compat.py", line 639, in convert_column
    raise e
  File "/workspace/scratch/42ffe4c93098/utilization9_runtime/lib/python3.14/site-packages/pyarrow/pandas_compat.py", line 633, in convert_column
    result = pa.array(col, type=type_, from_pandas=True, safe=safe)
  File "pyarrow/array.pxi", line 390, in pyarrow.lib.array
    result = _ndarray_to_array(values, mask, type, c_from_pandas, safe,
  File "pyarrow/array.pxi", line 91, in pyarrow.lib._ndarray_to_array
    check_status(NdarrayToArrow(pool, values, mask, from_pandas,
  File "pyarrow/error.pxi", line 92, in pyarrow.lib.check_status
pyarrow.lib.ArrowInvalid: ('Could not convert 0 with type int: tried to convert to boolean', 'Conversion failed for column Value with type object')
2026-10-08 17:40:39.802 Please replace `use_container_width` with `width`.

`use_container_width` will be removed after 2025-12-31.

For `use_container_width=True`, use `width='stretch'`. For `use_container_width=False`, use `width='content'`.
2026-10-08 17:40:39.809 Please replace `use_container_width` with `width`.

`use_container_width` will be removed after 2025-12-31.

For `use_container_width=True`, use `width='stretch'`. For `use_container_width=False`, use `width='content'`.
2026-10-08 17:40:40.412 Please replace `use_container_width` with `width`.

`use_container_width` will be removed after 2025-12-31.

For `use_container_width=True`, use `width='stretch'`. For `use_container_width=False`, use `width='content'`.
2026-10-08 17:40:40.414 Please replace `use_container_width` with `width`.

`use_container_width` will be removed after 2025-12-31.

For `use_container_width=True`, use `width='stretch'`. For `use_container_width=False`, use `width='content'`.
2026-10-08 17:40:40.415 Please replace `use_container_width` with `width`.

`use_container_width` will be removed after 2025-12-31.

For `use_container_width=True`, use `width='stretch'`. For `use_container_width=False`, use `width='content'`.
2026-10-08 17:40:40.654 Please replace `use_container_width` with `width`.

`use_container_width` will be removed after 2025-12-31.

For `use_container_width=True`, use `width='stretch'`. For `use_container_width=False`, use `width='content'`.
2026-10-08 17:40:40.664 Please replace `use_container_width` with `width`.

`use_container_width` will be removed after 2025-12-31.

For `use_container_width=True`, use `width='stretch'`. For `use_container_width=False`, use `width='content'`.
2026-10-08 17:40:40.668 Please replace `use_container_width` with `width`.

`use_container_width` will be removed after 2025-12-31.

For `use_container_width=True`, use `width='stretch'`. For `use_container_width=False`, use `width='content'`.
2026-10-08 17:40:40.688 Please replace `use_container_width` with `width`.

`use_container_width` will be removed after 2025-12-31.

For `use_container_width=True`, use `width='stretch'`. For `use_container_width=False`, use `width='content'`.
2026-10-08 17:40:40.690 Please replace `use_container_width` with `width`.

`use_container_width` will be removed after 2025-12-31.

For `use_container_width=True`, use `width='stretch'`. For `use_container_width=False`, use `width='content'`.
2026-10-08 17:40:40.691 Please replace `use_container_width` with `width`.

`use_container_width` will be removed after 2025-12-31.

For `use_container_width=True`, use `width='stretch'`. For `use_container_width=False`, use `width='content'`.
2026-10-08 17:40:40.707 Please replace `use_container_width` with `width`.

`use_container_width` will be removed after 2025-12-31.

For `use_container_width=True`, use `width='stretch'`. For `use_container_width=False`, use `width='content'`.
2026-10-08 17:40:40.710 Please replace `use_container_width` with `width`.

`use_container_width` will be removed after 2025-12-31.

For `use_container_width=True`, use `width='stretch'`. For `use_container_width=False`, use `width='content'`.
2026-10-08 17:40:40.717 Please replace `use_container_width` with `width`.

`use_container_width` will be removed after 2025-12-31.

For `use_container_width=True`, use `width='stretch'`. For `use_container_width=False`, use `width='content'`.
2026-10-08 17:40:40.721 Please replace `use_container_width` with `width`.

`use_container_width` will be removed after 2025-12-31.

For `use_container_width=True`, use `width='stretch'`. For `use_container_width=False`, use `width='content'`.
2026-10-08 17:40:40.722 Serialization of dataframe to Arrow table was unsuccessful. Applying automatic fixes for column types to make the dataframe Arrow-compatible.
Traceback (most recent call last):
  File "/workspace/scratch/42ffe4c93098/utilization9_runtime/lib/python3.14/site-packages/streamlit/dataframe_util.py", line 940, in convert_pandas_df_to_arrow_table
    return pa.Table.from_pandas(df, preserve_index=preserve_index)
           ~~~~~~~~~~~~~~~~~~~~^^^^^^^^^^^^^^^^^^^^^^^^^^^^^^^^^^^
  File "pyarrow/table.pxi", line 4768, in pyarrow.lib.Table.from_pandas
  File "/workspace/scratch/42ffe4c93098/utilization9_runtime/lib/python3.14/site-packages/pyarrow/pandas_compat.py", line 651, in dataframe_to_arrays
    arrays = [convert_column(c, f)
              ~~~~~~~~~~~~~~^^^^^^
  File "/workspace/scratch/42ffe4c93098/utilization9_runtime/lib/python3.14/site-packages/pyarrow/pandas_compat.py", line 639, in convert_column
    raise e
  File "/workspace/scratch/42ffe4c93098/utilization9_runtime/lib/python3.14/site-packages/pyarrow/pandas_compat.py", line 633, in convert_column
    result = pa.array(col, type=type_, from_pandas=True, safe=safe)
  File "pyarrow/array.pxi", line 390, in pyarrow.lib.array
    result = _ndarray_to_array(values, mask, type, c_from_pandas, safe,
  File "pyarrow/array.pxi", line 91, in pyarrow.lib._ndarray_to_array
    check_status(NdarrayToArrow(pool, values, mask, from_pandas,
  File "pyarrow/error.pxi", line 92, in pyarrow.lib.check_status
pyarrow.lib.ArrowTypeError: ("Expected bytes, got a 'bool' object", 'Conversion failed for column Value with type object')
2026-10-08 17:40:40.724 Please replace `use_container_width` with `width`.

`use_container_width` will be removed after 2025-12-31.

For `use_container_width=True`, use `width='stretch'`. For `use_container_width=False`, use `width='content'`.
2026-10-08 17:40:40.725 Please replace `use_container_width` with `width`.

`use_container_width` will be removed after 2025-12-31.

For `use_container_width=True`, use `width='stretch'`. For `use_container_width=False`, use `width='content'`.
2026-10-08 17:40:40.726 Please replace `use_container_width` with `width`.

`use_container_width` will be removed after 2025-12-31.

For `use_container_width=True`, use `width='stretch'`. For `use_container_width=False`, use `width='content'`.
2026-10-08 17:40:40.728 Please replace `use_container_width` with `width`.

`use_container_width` will be removed after 2025-12-31.

For `use_container_width=True`, use `width='stretch'`. For `use_container_width=False`, use `width='content'`.
2026-10-08 17:40:40.729 Please replace `use_container_width` with `width`.

`use_container_width` will be removed after 2025-12-31.

For `use_container_width=True`, use `width='stretch'`. For `use_container_width=False`, use `width='content'`.
2026-10-08 17:40:40.742 Please replace `use_container_width` with `width`.

`use_container_width` will be removed after 2025-12-31.

For `use_container_width=True`, use `width='stretch'`. For `use_container_width=False`, use `width='content'`.
2026-10-08 17:40:40.744 Please replace `use_container_width` with `width`.

`use_container_width` will be removed after 2025-12-31.

For `use_container_width=True`, use `width='stretch'`. For `use_container_width=False`, use `width='content'`.
2026-10-08 17:40:40.746 Please replace `use_container_width` with `width`.

`use_container_width` will be removed after 2025-12-31.

For `use_container_width=True`, use `width='stretch'`. For `use_container_width=False`, use `width='content'`.
2026-10-08 17:40:40.746 Serialization of dataframe to Arrow table was unsuccessful. Applying automatic fixes for column types to make the dataframe Arrow-compatible.
Traceback (most recent call last):
  File "/workspace/scratch/42ffe4c93098/utilization9_runtime/lib/python3.14/site-packages/streamlit/dataframe_util.py", line 940, in convert_pandas_df_to_arrow_table
    return pa.Table.from_pandas(df, preserve_index=preserve_index)
           ~~~~~~~~~~~~~~~~~~~~^^^^^^^^^^^^^^^^^^^^^^^^^^^^^^^^^^^
  File "pyarrow/table.pxi", line 4768, in pyarrow.lib.Table.from_pandas
  File "/workspace/scratch/42ffe4c93098/utilization9_runtime/lib/python3.14/site-packages/pyarrow/pandas_compat.py", line 651, in dataframe_to_arrays
    arrays = [convert_column(c, f)
              ~~~~~~~~~~~~~~^^^^^^
  File "/workspace/scratch/42ffe4c93098/utilization9_runtime/lib/python3.14/site-packages/pyarrow/pandas_compat.py", line 639, in convert_column
    raise e
  File "/workspace/scratch/42ffe4c93098/utilization9_runtime/lib/python3.14/site-packages/pyarrow/pandas_compat.py", line 633, in convert_column
    result = pa.array(col, type=type_, from_pandas=True, safe=safe)
  File "pyarrow/array.pxi", line 390, in pyarrow.lib.array
    result = _ndarray_to_array(values, mask, type, c_from_pandas, safe,
  File "pyarrow/array.pxi", line 91, in pyarrow.lib._ndarray_to_array
    check_status(NdarrayToArrow(pool, values, mask, from_pandas,
  File "pyarrow/error.pxi", line 92, in pyarrow.lib.check_status
pyarrow.lib.ArrowTypeError: ("Expected bytes, got a 'float' object", 'Conversion failed for column Value with type object')
2026-10-08 17:40:40.748 Please replace `use_container_width` with `width`.

`use_container_width` will be removed after 2025-12-31.

For `use_container_width=True`, use `width='stretch'`. For `use_container_width=False`, use `width='content'`.
2026-10-08 17:40:40.749 Serialization of dataframe to Arrow table was unsuccessful. Applying automatic fixes for column types to make the dataframe Arrow-compatible.
Traceback (most recent call last):
  File "/workspace/scratch/42ffe4c93098/utilization9_runtime/lib/python3.14/site-packages/streamlit/dataframe_util.py", line 940, in convert_pandas_df_to_arrow_table
    return pa.Table.from_pandas(df, preserve_index=preserve_index)
           ~~~~~~~~~~~~~~~~~~~~^^^^^^^^^^^^^^^^^^^^^^^^^^^^^^^^^^^
  File "pyarrow/table.pxi", line 4768, in pyarrow.lib.Table.from_pandas
  File "/workspace/scratch/42ffe4c93098/utilization9_runtime/lib/python3.14/site-packages/pyarrow/pandas_compat.py", line 651, in dataframe_to_arrays
    arrays = [convert_column(c, f)
              ~~~~~~~~~~~~~~^^^^^^
  File "/workspace/scratch/42ffe4c93098/utilization9_runtime/lib/python3.14/site-packages/pyarrow/pandas_compat.py", line 639, in convert_column
    raise e
  File "/workspace/scratch/42ffe4c93098/utilization9_runtime/lib/python3.14/site-packages/pyarrow/pandas_compat.py", line 633, in convert_column
    result = pa.array(col, type=type_, from_pandas=True, safe=safe)
  File "pyarrow/array.pxi", line 390, in pyarrow.lib.array
    result = _ndarray_to_array(values, mask, type, c_from_pandas, safe,
  File "pyarrow/array.pxi", line 91, in pyarrow.lib._ndarray_to_array
    check_status(NdarrayToArrow(pool, values, mask, from_pandas,
  File "pyarrow/error.pxi", line 92, in pyarrow.lib.check_status
pyarrow.lib.ArrowInvalid: ("Could not convert 'Wet slab/topping, barrier, wearing surface, SDL/LL, building service loads' with type str: tried to convert to double", 'Conversion failed for column w_kN/m per girder with type object')
2026-10-08 17:40:40.751 Please replace `use_container_width` with `width`.

`use_container_width` will be removed after 2025-12-31.

For `use_container_width=True`, use `width='stretch'`. For `use_container_width=False`, use `width='content'`.
2026-10-08 17:40:40.754 Please replace `use_container_width` with `width`.

`use_container_width` will be removed after 2025-12-31.

For `use_container_width=True`, use `width='stretch'`. For `use_container_width=False`, use `width='content'`.
2026-10-08 17:40:40.755 Please replace `use_container_width` with `width`.

`use_container_width` will be removed after 2025-12-31.

For `use_container_width=True`, use `width='stretch'`. For `use_container_width=False`, use `width='content'`.
2026-10-08 17:40:40.761 Please replace `use_container_width` with `width`.

`use_container_width` will be removed after 2025-12-31.

For `use_container_width=True`, use `width='stretch'`. For `use_container_width=False`, use `width='content'`.
2026-10-08 17:40:40.762 Serialization of dataframe to Arrow table was unsuccessful. Applying automatic fixes for column types to make the dataframe Arrow-compatible.
Traceback (most recent call last):
  File "/workspace/scratch/42ffe4c93098/utilization9_runtime/lib/python3.14/site-packages/streamlit/dataframe_util.py", line 940, in convert_pandas_df_to_arrow_table
    return pa.Table.from_pandas(df, preserve_index=preserve_index)
           ~~~~~~~~~~~~~~~~~~~~^^^^^^^^^^^^^^^^^^^^^^^^^^^^^^^^^^^
  File "pyarrow/table.pxi", line 4768, in pyarrow.lib.Table.from_pandas
  File "/workspace/scratch/42ffe4c93098/utilization9_runtime/lib/python3.14/site-packages/pyarrow/pandas_compat.py", line 651, in dataframe_to_arrays
    arrays = [convert_column(c, f)
              ~~~~~~~~~~~~~~^^^^^^
  File "/workspace/scratch/42ffe4c93098/utilization9_runtime/lib/python3.14/site-packages/pyarrow/pandas_compat.py", line 639, in convert_column
    raise e
  File "/workspace/scratch/42ffe4c93098/utilization9_runtime/lib/python3.14/site-packages/pyarrow/pandas_compat.py", line 633, in convert_column
    result = pa.array(col, type=type_, from_pandas=True, safe=safe)
  File "pyarrow/array.pxi", line 390, in pyarrow.lib.array
    result = _ndarray_to_array(values, mask, type, c_from_pandas, safe,
  File "pyarrow/array.pxi", line 91, in pyarrow.lib._ndarray_to_array
    check_status(NdarrayToArrow(pool, values, mask, from_pandas,
  File "pyarrow/error.pxi", line 92, in pyarrow.lib.check_status
pyarrow.lib.ArrowInvalid: ('Could not convert 0 with type int: tried to convert to boolean', 'Conversion failed for column Value with type object')
2026-10-08 17:40:40.763 Please replace `use_container_width` with `width`.

`use_container_width` will be removed after 2025-12-31.

For `use_container_width=True`, use `width='stretch'`. For `use_container_width=False`, use `width='content'`.
2026-10-08 17:40:40.767 Please replace `use_container_width` with `width`.

`use_container_width` will be removed after 2025-12-31.

For `use_container_width=True`, use `width='stretch'`. For `use_container_width=False`, use `width='content'`.
2026-10-08 17:40:41.376 Please replace `use_container_width` with `width`.

`use_container_width` will be removed after 2025-12-31.

For `use_container_width=True`, use `width='stretch'`. For `use_container_width=False`, use `width='content'`.
2026-10-08 17:40:41.377 Please replace `use_container_width` with `width`.

`use_container_width` will be removed after 2025-12-31.

For `use_container_width=True`, use `width='stretch'`. For `use_container_width=False`, use `width='content'`.
2026-10-08 17:40:41.378 Please replace `use_container_width` with `width`.

`use_container_width` will be removed after 2025-12-31.

For `use_container_width=True`, use `width='stretch'`. For `use_container_width=False`, use `width='content'`.
2026-10-08 17:40:41.575 Please replace `use_container_width` with `width`.

`use_container_width` will be removed after 2025-12-31.

For `use_container_width=True`, use `width='stretch'`. For `use_container_width=False`, use `width='content'`.
2026-10-08 17:40:41.587 Please replace `use_container_width` with `width`.

`use_container_width` will be removed after 2025-12-31.

For `use_container_width=True`, use `width='stretch'`. For `use_container_width=False`, use `width='content'`.
2026-10-08 17:40:41.590 Please replace `use_container_width` with `width`.

`use_container_width` will be removed after 2025-12-31.

For `use_container_width=True`, use `width='stretch'`. For `use_container_width=False`, use `width='content'`.
2026-10-08 17:40:41.605 Please replace `use_container_width` with `width`.

`use_container_width` will be removed after 2025-12-31.

For `use_container_width=True`, use `width='stretch'`. For `use_container_width=False`, use `width='content'`.
2026-10-08 17:40:41.609 Please replace `use_container_width` with `width`.

`use_container_width` will be removed after 2025-12-31.

For `use_container_width=True`, use `width='stretch'`. For `use_container_width=False`, use `width='content'`.
2026-10-08 17:40:41.610 Please replace `use_container_width` with `width`.

`use_container_width` will be removed after 2025-12-31.

For `use_container_width=True`, use `width='stretch'`. For `use_container_width=False`, use `width='content'`.
2026-10-08 17:40:41.627 Please replace `use_container_width` with `width`.

`use_container_width` will be removed after 2025-12-31.

For `use_container_width=True`, use `width='stretch'`. For `use_container_width=False`, use `width='content'`.
2026-10-08 17:40:41.628 Please replace `use_container_width` with `width`.

`use_container_width` will be removed after 2025-12-31.

For `use_container_width=True`, use `width='stretch'`. For `use_container_width=False`, use `width='content'`.
2026-10-08 17:40:41.632 Please replace `use_container_width` with `width`.

`use_container_width` will be removed after 2025-12-31.

For `use_container_width=True`, use `width='stretch'`. For `use_container_width=False`, use `width='content'`.
2026-10-08 17:40:41.638 Please replace `use_container_width` with `width`.

`use_container_width` will be removed after 2025-12-31.

For `use_container_width=True`, use `width='stretch'`. For `use_container_width=False`, use `width='content'`.
2026-10-08 17:40:41.638 Serialization of dataframe to Arrow table was unsuccessful. Applying automatic fixes for column types to make the dataframe Arrow-compatible.
Traceback (most recent call last):
  File "/workspace/scratch/42ffe4c93098/utilization9_runtime/lib/python3.14/site-packages/streamlit/dataframe_util.py", line 940, in convert_pandas_df_to_arrow_table
    return pa.Table.from_pandas(df, preserve_index=preserve_index)
           ~~~~~~~~~~~~~~~~~~~~^^^^^^^^^^^^^^^^^^^^^^^^^^^^^^^^^^^
  File "pyarrow/table.pxi", line 4768, in pyarrow.lib.Table.from_pandas
  File "/workspace/scratch/42ffe4c93098/utilization9_runtime/lib/python3.14/site-packages/pyarrow/pandas_compat.py", line 651, in dataframe_to_arrays
    arrays = [convert_column(c, f)
              ~~~~~~~~~~~~~~^^^^^^
  File "/workspace/scratch/42ffe4c93098/utilization9_runtime/lib/python3.14/site-packages/pyarrow/pandas_compat.py", line 639, in convert_column
    raise e
  File "/workspace/scratch/42ffe4c93098/utilization9_runtime/lib/python3.14/site-packages/pyarrow/pandas_compat.py", line 633, in convert_column
    result = pa.array(col, type=type_, from_pandas=True, safe=safe)
  File "pyarrow/array.pxi", line 390, in pyarrow.lib.array
    result = _ndarray_to_array(values, mask, type, c_from_pandas, safe,
  File "pyarrow/array.pxi", line 91, in pyarrow.lib._ndarray_to_array
    check_status(NdarrayToArrow(pool, values, mask, from_pandas,
  File "pyarrow/error.pxi", line 92, in pyarrow.lib.check_status
pyarrow.lib.ArrowTypeError: ("Expected bytes, got a 'bool' object", 'Conversion failed for column Value with type object')
2026-10-08 17:40:41.641 Please replace `use_container_width` with `width`.

`use_container_width` will be removed after 2025-12-31.

For `use_container_width=True`, use `width='stretch'`. For `use_container_width=False`, use `width='content'`.
2026-10-08 17:40:41.642 Please replace `use_container_width` with `width`.

`use_container_width` will be removed after 2025-12-31.

For `use_container_width=True`, use `width='stretch'`. For `use_container_width=False`, use `width='content'`.
2026-10-08 17:40:41.643 Please replace `use_container_width` with `width`.

`use_container_width` will be removed after 2025-12-31.

For `use_container_width=True`, use `width='stretch'`. For `use_container_width=False`, use `width='content'`.
2026-10-08 17:40:41.644 Please replace `use_container_width` with `width`.

`use_container_width` will be removed after 2025-12-31.

For `use_container_width=True`, use `width='stretch'`. For `use_container_width=False`, use `width='content'`.
2026-10-08 17:40:41.645 Please replace `use_container_width` with `width`.

`use_container_width` will be removed after 2025-12-31.

For `use_container_width=True`, use `width='stretch'`. For `use_container_width=False`, use `width='content'`.
2026-10-08 17:40:41.659 Please replace `use_container_width` with `width`.

`use_container_width` will be removed after 2025-12-31.

For `use_container_width=True`, use `width='stretch'`. For `use_container_width=False`, use `width='content'`.
2026-10-08 17:40:41.661 Please replace `use_container_width` with `width`.

`use_container_width` will be removed after 2025-12-31.

For `use_container_width=True`, use `width='stretch'`. For `use_container_width=False`, use `width='content'`.
2026-10-08 17:40:41.662 Please replace `use_container_width` with `width`.

`use_container_width` will be removed after 2025-12-31.

For `use_container_width=True`, use `width='stretch'`. For `use_container_width=False`, use `width='content'`.
2026-10-08 17:40:41.663 Serialization of dataframe to Arrow table was unsuccessful. Applying automatic fixes for column types to make the dataframe Arrow-compatible.
Traceback (most recent call last):
  File "/workspace/scratch/42ffe4c93098/utilization9_runtime/lib/python3.14/site-packages/streamlit/dataframe_util.py", line 940, in convert_pandas_df_to_arrow_table
    return pa.Table.from_pandas(df, preserve_index=preserve_index)
           ~~~~~~~~~~~~~~~~~~~~^^^^^^^^^^^^^^^^^^^^^^^^^^^^^^^^^^^
  File "pyarrow/table.pxi", line 4768, in pyarrow.lib.Table.from_pandas
  File "/workspace/scratch/42ffe4c93098/utilization9_runtime/lib/python3.14/site-packages/pyarrow/pandas_compat.py", line 651, in dataframe_to_arrays
    arrays = [convert_column(c, f)
              ~~~~~~~~~~~~~~^^^^^^
  File "/workspace/scratch/42ffe4c93098/utilization9_runtime/lib/python3.14/site-packages/pyarrow/pandas_compat.py", line 639, in convert_column
    raise e
  File "/workspace/scratch/42ffe4c93098/utilization9_runtime/lib/python3.14/site-packages/pyarrow/pandas_compat.py", line 633, in convert_column
    result = pa.array(col, type=type_, from_pandas=True, safe=safe)
  File "pyarrow/array.pxi", line 390, in pyarrow.lib.array
    result = _ndarray_to_array(values, mask, type, c_from_pandas, safe,
  File "pyarrow/array.pxi", line 91, in pyarrow.lib._ndarray_to_array
    check_status(NdarrayToArrow(pool, values, mask, from_pandas,
  File "pyarrow/error.pxi", line 92, in pyarrow.lib.check_status
pyarrow.lib.ArrowTypeError: ("Expected bytes, got a 'float' object", 'Conversion failed for column Value with type object')
2026-10-08 17:40:41.665 Please replace `use_container_width` with `width`.

`use_container_width` will be removed after 2025-12-31.

For `use_container_width=True`, use `width='stretch'`. For `use_container_width=False`, use `width='content'`.
2026-10-08 17:40:41.665 Serialization of dataframe to Arrow table was unsuccessful. Applying automatic fixes for column types to make the dataframe Arrow-compatible.
Traceback (most recent call last):
  File "/workspace/scratch/42ffe4c93098/utilization9_runtime/lib/python3.14/site-packages/streamlit/dataframe_util.py", line 940, in convert_pandas_df_to_arrow_table
    return pa.Table.from_pandas(df, preserve_index=preserve_index)
           ~~~~~~~~~~~~~~~~~~~~^^^^^^^^^^^^^^^^^^^^^^^^^^^^^^^^^^^
  File "pyarrow/table.pxi", line 4768, in pyarrow.lib.Table.from_pandas
  File "/workspace/scratch/42ffe4c93098/utilization9_runtime/lib/python3.14/site-packages/pyarrow/pandas_compat.py", line 651, in dataframe_to_arrays
    arrays = [convert_column(c, f)
              ~~~~~~~~~~~~~~^^^^^^
  File "/workspace/scratch/42ffe4c93098/utilization9_runtime/lib/python3.14/site-packages/pyarrow/pandas_compat.py", line 639, in convert_column
    raise e
  File "/workspace/scratch/42ffe4c93098/utilization9_runtime/lib/python3.14/site-packages/pyarrow/pandas_compat.py", line 633, in convert_column
    result = pa.array(col, type=type_, from_pandas=True, safe=safe)
  File "pyarrow/array.pxi", line 390, in pyarrow.lib.array
    result = _ndarray_to_array(values, mask, type, c_from_pandas, safe,
  File "pyarrow/array.pxi", line 91, in pyarrow.lib._ndarray_to_array
    check_status(NdarrayToArrow(pool, values, mask, from_pandas,
  File "pyarrow/error.pxi", line 92, in pyarrow.lib.check_status
pyarrow.lib.ArrowInvalid: ("Could not convert 'Wet slab/topping, barrier, wearing surface, SDL/LL, building service loads' with type str: tried to convert to double", 'Conversion failed for column w_kN/m per girder with type object')
2026-10-08 17:40:41.667 Please replace `use_container_width` with `width`.

`use_container_width` will be removed after 2025-12-31.

For `use_container_width=True`, use `width='stretch'`. For `use_container_width=False`, use `width='content'`.
2026-10-08 17:40:41.669 Please replace `use_container_width` with `width`.

`use_container_width` will be removed after 2025-12-31.

For `use_container_width=True`, use `width='stretch'`. For `use_container_width=False`, use `width='content'`.
2026-10-08 17:40:41.670 Please replace `use_container_width` with `width`.

`use_container_width` will be removed after 2025-12-31.

For `use_container_width=True`, use `width='stretch'`. For `use_container_width=False`, use `width='content'`.
2026-10-08 17:40:41.680 Please replace `use_container_width` with `width`.

`use_container_width` will be removed after 2025-12-31.

For `use_container_width=True`, use `width='stretch'`. For `use_container_width=False`, use `width='content'`.
2026-10-08 17:40:41.680 Serialization of dataframe to Arrow table was unsuccessful. Applying automatic fixes for column types to make the dataframe Arrow-compatible.
Traceback (most recent call last):
  File "/workspace/scratch/42ffe4c93098/utilization9_runtime/lib/python3.14/site-packages/streamlit/dataframe_util.py", line 940, in convert_pandas_df_to_arrow_table
    return pa.Table.from_pandas(df, preserve_index=preserve_index)
           ~~~~~~~~~~~~~~~~~~~~^^^^^^^^^^^^^^^^^^^^^^^^^^^^^^^^^^^
  File "pyarrow/table.pxi", line 4768, in pyarrow.lib.Table.from_pandas
  File "/workspace/scratch/42ffe4c93098/utilization9_runtime/lib/python3.14/site-packages/pyarrow/pandas_compat.py", line 651, in dataframe_to_arrays
    arrays = [convert_column(c, f)
              ~~~~~~~~~~~~~~^^^^^^
  File "/workspace/scratch/42ffe4c93098/utilization9_runtime/lib/python3.14/site-packages/pyarrow/pandas_compat.py", line 639, in convert_column
    raise e
  File "/workspace/scratch/42ffe4c93098/utilization9_runtime/lib/python3.14/site-packages/pyarrow/pandas_compat.py", line 633, in convert_column
    result = pa.array(col, type=type_, from_pandas=True, safe=safe)
  File "pyarrow/array.pxi", line 390, in pyarrow.lib.array
    result = _ndarray_to_array(values, mask, type, c_from_pandas, safe,
  File "pyarrow/array.pxi", line 91, in pyarrow.lib._ndarray_to_array
    check_status(NdarrayToArrow(pool, values, mask, from_pandas,
  File "pyarrow/error.pxi", line 92, in pyarrow.lib.check_status
pyarrow.lib.ArrowInvalid: ('Could not convert 0 with type int: tried to convert to boolean', 'Conversion failed for column Value with type object')
2026-10-08 17:40:41.683 Please replace `use_container_width` with `width`.

`use_container_width` will be removed after 2025-12-31.

For `use_container_width=True`, use `width='stretch'`. For `use_container_width=False`, use `width='content'`.
2026-10-08 17:40:41.688 Please replace `use_container_width` with `width`.

`use_container_width` will be removed after 2025-12-31.

For `use_container_width=True`, use `width='stretch'`. For `use_container_width=False`, use `width='content'`.
2026-10-08 17:40:42.116 Please replace `use_container_width` with `width`.

`use_container_width` will be removed after 2025-12-31.

For `use_container_width=True`, use `width='stretch'`. For `use_container_width=False`, use `width='content'`.
2026-10-08 17:40:42.118 Please replace `use_container_width` with `width`.

`use_container_width` will be removed after 2025-12-31.

For `use_container_width=True`, use `width='stretch'`. For `use_container_width=False`, use `width='content'`.
2026-10-08 17:40:42.119 Please replace `use_container_width` with `width`.

`use_container_width` will be removed after 2025-12-31.

For `use_container_width=True`, use `width='stretch'`. For `use_container_width=False`, use `width='content'`.
2026-10-08 17:40:42.347 Please replace `use_container_width` with `width`.

`use_container_width` will be removed after 2025-12-31.

For `use_container_width=True`, use `width='stretch'`. For `use_container_width=False`, use `width='content'`.
2026-10-08 17:40:42.357 Please replace `use_container_width` with `width`.

`use_container_width` will be removed after 2025-12-31.

For `use_container_width=True`, use `width='stretch'`. For `use_container_width=False`, use `width='content'`.
2026-10-08 17:40:42.361 Please replace `use_container_width` with `width`.

`use_container_width` will be removed after 2025-12-31.

For `use_container_width=True`, use `width='stretch'`. For `use_container_width=False`, use `width='content'`.
2026-10-08 17:40:42.379 Please replace `use_container_width` with `width`.

`use_container_width` will be removed after 2025-12-31.

For `use_container_width=True`, use `width='stretch'`. For `use_container_width=False`, use `width='content'`.
2026-10-08 17:40:42.381 Please replace `use_container_width` with `width`.

`use_container_width` will be removed after 2025-12-31.

For `use_container_width=True`, use `width='stretch'`. For `use_container_width=False`, use `width='content'`.
2026-10-08 17:40:42.382 Please replace `use_container_width` with `width`.

`use_container_width` will be removed after 2025-12-31.

For `use_container_width=True`, use `width='stretch'`. For `use_container_width=False`, use `width='content'`.
2026-10-08 17:40:42.398 Please replace `use_container_width` with `width`.

`use_container_width` will be removed after 2025-12-31.

For `use_container_width=True`, use `width='stretch'`. For `use_container_width=False`, use `width='content'`.
2026-10-08 17:40:42.400 Please replace `use_container_width` with `width`.

`use_container_width` will be removed after 2025-12-31.

For `use_container_width=True`, use `width='stretch'`. For `use_container_width=False`, use `width='content'`.
2026-10-08 17:40:42.405 Please replace `use_container_width` with `width`.

`use_container_width` will be removed after 2025-12-31.

For `use_container_width=True`, use `width='stretch'`. For `use_container_width=False`, use `width='content'`.
2026-10-08 17:40:42.410 Please replace `use_container_width` with `width`.

`use_container_width` will be removed after 2025-12-31.

For `use_container_width=True`, use `width='stretch'`. For `use_container_width=False`, use `width='content'`.
2026-10-08 17:40:42.411 Serialization of dataframe to Arrow table was unsuccessful. Applying automatic fixes for column types to make the dataframe Arrow-compatible.
Traceback (most recent call last):
  File "/workspace/scratch/42ffe4c93098/utilization9_runtime/lib/python3.14/site-packages/streamlit/dataframe_util.py", line 940, in convert_pandas_df_to_arrow_table
    return pa.Table.from_pandas(df, preserve_index=preserve_index)
           ~~~~~~~~~~~~~~~~~~~~^^^^^^^^^^^^^^^^^^^^^^^^^^^^^^^^^^^
  File "pyarrow/table.pxi", line 4768, in pyarrow.lib.Table.from_pandas
  File "/workspace/scratch/42ffe4c93098/utilization9_runtime/lib/python3.14/site-packages/pyarrow/pandas_compat.py", line 651, in dataframe_to_arrays
    arrays = [convert_column(c, f)
              ~~~~~~~~~~~~~~^^^^^^
  File "/workspace/scratch/42ffe4c93098/utilization9_runtime/lib/python3.14/site-packages/pyarrow/pandas_compat.py", line 639, in convert_column
    raise e
  File "/workspace/scratch/42ffe4c93098/utilization9_runtime/lib/python3.14/site-packages/pyarrow/pandas_compat.py", line 633, in convert_column
    result = pa.array(col, type=type_, from_pandas=True, safe=safe)
  File "pyarrow/array.pxi", line 390, in pyarrow.lib.array
    result = _ndarray_to_array(values, mask, type, c_from_pandas, safe,
  File "pyarrow/array.pxi", line 91, in pyarrow.lib._ndarray_to_array
    check_status(NdarrayToArrow(pool, values, mask, from_pandas,
  File "pyarrow/error.pxi", line 92, in pyarrow.lib.check_status
pyarrow.lib.ArrowTypeError: ("Expected bytes, got a 'bool' object", 'Conversion failed for column Value with type object')
2026-10-08 17:40:42.413 Please replace `use_container_width` with `width`.

`use_container_width` will be removed after 2025-12-31.

For `use_container_width=True`, use `width='stretch'`. For `use_container_width=False`, use `width='content'`.
2026-10-08 17:40:42.415 Please replace `use_container_width` with `width`.

`use_container_width` will be removed after 2025-12-31.

For `use_container_width=True`, use `width='stretch'`. For `use_container_width=False`, use `width='content'`.
2026-10-08 17:40:42.416 Please replace `use_container_width` with `width`.

`use_container_width` will be removed after 2025-12-31.

For `use_container_width=True`, use `width='stretch'`. For `use_container_width=False`, use `width='content'`.
2026-10-08 17:40:42.418 Please replace `use_container_width` with `width`.

`use_container_width` will be removed after 2025-12-31.

For `use_container_width=True`, use `width='stretch'`. For `use_container_width=False`, use `width='content'`.
2026-10-08 17:40:42.420 Please replace `use_container_width` with `width`.

`use_container_width` will be removed after 2025-12-31.

For `use_container_width=True`, use `width='stretch'`. For `use_container_width=False`, use `width='content'`.
2026-10-08 17:40:42.435 Please replace `use_container_width` with `width`.

`use_container_width` will be removed after 2025-12-31.

For `use_container_width=True`, use `width='stretch'`. For `use_container_width=False`, use `width='content'`.
2026-10-08 17:40:42.438 Please replace `use_container_width` with `width`.

`use_container_width` will be removed after 2025-12-31.

For `use_container_width=True`, use `width='stretch'`. For `use_container_width=False`, use `width='content'`.
2026-10-08 17:40:42.440 Please replace `use_container_width` with `width`.

`use_container_width` will be removed after 2025-12-31.

For `use_container_width=True`, use `width='stretch'`. For `use_container_width=False`, use `width='content'`.
2026-10-08 17:40:42.440 Serialization of dataframe to Arrow table was unsuccessful. Applying automatic fixes for column types to make the dataframe Arrow-compatible.
Traceback (most recent call last):
  File "/workspace/scratch/42ffe4c93098/utilization9_runtime/lib/python3.14/site-packages/streamlit/dataframe_util.py", line 940, in convert_pandas_df_to_arrow_table
    return pa.Table.from_pandas(df, preserve_index=preserve_index)
           ~~~~~~~~~~~~~~~~~~~~^^^^^^^^^^^^^^^^^^^^^^^^^^^^^^^^^^^
  File "pyarrow/table.pxi", line 4768, in pyarrow.lib.Table.from_pandas
  File "/workspace/scratch/42ffe4c93098/utilization9_runtime/lib/python3.14/site-packages/pyarrow/pandas_compat.py", line 651, in dataframe_to_arrays
    arrays = [convert_column(c, f)
              ~~~~~~~~~~~~~~^^^^^^
  File "/workspace/scratch/42ffe4c93098/utilization9_runtime/lib/python3.14/site-packages/pyarrow/pandas_compat.py", line 639, in convert_column
    raise e
  File "/workspace/scratch/42ffe4c93098/utilization9_runtime/lib/python3.14/site-packages/pyarrow/pandas_compat.py", line 633, in convert_column
    result = pa.array(col, type=type_, from_pandas=True, safe=safe)
  File "pyarrow/array.pxi", line 390, in pyarrow.lib.array
    result = _ndarray_to_array(values, mask, type, c_from_pandas, safe,
  File "pyarrow/array.pxi", line 91, in pyarrow.lib._ndarray_to_array
    check_status(NdarrayToArrow(pool, values, mask, from_pandas,
  File "pyarrow/error.pxi", line 92, in pyarrow.lib.check_status
pyarrow.lib.ArrowTypeError: ("Expected bytes, got a 'float' object", 'Conversion failed for column Value with type object')
2026-10-08 17:40:42.443 Please replace `use_container_width` with `width`.

`use_container_width` will be removed after 2025-12-31.

For `use_container_width=True`, use `width='stretch'`. For `use_container_width=False`, use `width='content'`.
2026-10-08 17:40:42.443 Serialization of dataframe to Arrow table was unsuccessful. Applying automatic fixes for column types to make the dataframe Arrow-compatible.
Traceback (most recent call last):
  File "/workspace/scratch/42ffe4c93098/utilization9_runtime/lib/python3.14/site-packages/streamlit/dataframe_util.py", line 940, in convert_pandas_df_to_arrow_table
    return pa.Table.from_pandas(df, preserve_index=preserve_index)
           ~~~~~~~~~~~~~~~~~~~~^^^^^^^^^^^^^^^^^^^^^^^^^^^^^^^^^^^
  File "pyarrow/table.pxi", line 4768, in pyarrow.lib.Table.from_pandas
  File "/workspace/scratch/42ffe4c93098/utilization9_runtime/lib/python3.14/site-packages/pyarrow/pandas_compat.py", line 651, in dataframe_to_arrays
    arrays = [convert_column(c, f)
              ~~~~~~~~~~~~~~^^^^^^
  File "/workspace/scratch/42ffe4c93098/utilization9_runtime/lib/python3.14/site-packages/pyarrow/pandas_compat.py", line 639, in convert_column
    raise e
  File "/workspace/scratch/42ffe4c93098/utilization9_runtime/lib/python3.14/site-packages/pyarrow/pandas_compat.py", line 633, in convert_column
    result = pa.array(col, type=type_, from_pandas=True, safe=safe)
  File "pyarrow/array.pxi", line 390, in pyarrow.lib.array
    result = _ndarray_to_array(values, mask, type, c_from_pandas, safe,
  File "pyarrow/array.pxi", line 91, in pyarrow.lib._ndarray_to_array
    check_status(NdarrayToArrow(pool, values, mask, from_pandas,
  File "pyarrow/error.pxi", line 92, in pyarrow.lib.check_status
pyarrow.lib.ArrowInvalid: ("Could not convert 'Wet slab/topping, barrier, wearing surface, SDL/LL, building service loads' with type str: tried to convert to double", 'Conversion failed for column w_kN/m per girder with type object')
2026-10-08 17:40:42.445 Please replace `use_container_width` with `width`.

`use_container_width` will be removed after 2025-12-31.

For `use_container_width=True`, use `width='stretch'`. For `use_container_width=False`, use `width='content'`.
2026-10-08 17:40:42.448 Please replace `use_container_width` with `width`.

`use_container_width` will be removed after 2025-12-31.

For `use_container_width=True`, use `width='stretch'`. For `use_container_width=False`, use `width='content'`.
2026-10-08 17:40:42.449 Please replace `use_container_width` with `width`.

`use_container_width` will be removed after 2025-12-31.

For `use_container_width=True`, use `width='stretch'`. For `use_container_width=False`, use `width='content'`.
2026-10-08 17:40:42.456 Please replace `use_container_width` with `width`.

`use_container_width` will be removed after 2025-12-31.

For `use_container_width=True`, use `width='stretch'`. For `use_container_width=False`, use `width='content'`.
2026-10-08 17:40:42.456 Serialization of dataframe to Arrow table was unsuccessful. Applying automatic fixes for column types to make the dataframe Arrow-compatible.
Traceback (most recent call last):
  File "/workspace/scratch/42ffe4c93098/utilization9_runtime/lib/python3.14/site-packages/streamlit/dataframe_util.py", line 940, in convert_pandas_df_to_arrow_table
    return pa.Table.from_pandas(df, preserve_index=preserve_index)
           ~~~~~~~~~~~~~~~~~~~~^^^^^^^^^^^^^^^^^^^^^^^^^^^^^^^^^^^
  File "pyarrow/table.pxi", line 4768, in pyarrow.lib.Table.from_pandas
  File "/workspace/scratch/42ffe4c93098/utilization9_runtime/lib/python3.14/site-packages/pyarrow/pandas_compat.py", line 651, in dataframe_to_arrays
    arrays = [convert_column(c, f)
              ~~~~~~~~~~~~~~^^^^^^
  File "/workspace/scratch/42ffe4c93098/utilization9_runtime/lib/python3.14/site-packages/pyarrow/pandas_compat.py", line 639, in convert_column
    raise e
  File "/workspace/scratch/42ffe4c93098/utilization9_runtime/lib/python3.14/site-packages/pyarrow/pandas_compat.py", line 633, in convert_column
    result = pa.array(col, type=type_, from_pandas=True, safe=safe)
  File "pyarrow/array.pxi", line 390, in pyarrow.lib.array
    result = _ndarray_to_array(values, mask, type, c_from_pandas, safe,
  File "pyarrow/array.pxi", line 91, in pyarrow.lib._ndarray_to_array
    check_status(NdarrayToArrow(pool, values, mask, from_pandas,
  File "pyarrow/error.pxi", line 92, in pyarrow.lib.check_status
pyarrow.lib.ArrowInvalid: ('Could not convert 0 with type int: tried to convert to boolean', 'Conversion failed for column Value with type object')
2026-10-08 17:40:42.458 Please replace `use_container_width` with `width`.

`use_container_width` will be removed after 2025-12-31.

For `use_container_width=True`, use `width='stretch'`. For `use_container_width=False`, use `width='content'`.
2026-10-08 17:40:42.463 Please replace `use_container_width` with `width`.

`use_container_width` will be removed after 2025-12-31.

For `use_container_width=True`, use `width='stretch'`. For `use_container_width=False`, use `width='content'`.
2026-10-08 17:40:42.908 Please replace `use_container_width` with `width`.

`use_container_width` will be removed after 2025-12-31.

For `use_container_width=True`, use `width='stretch'`. For `use_container_width=False`, use `width='content'`.
2026-10-08 17:40:42.909 Please replace `use_container_width` with `width`.

`use_container_width` will be removed after 2025-12-31.

For `use_container_width=True`, use `width='stretch'`. For `use_container_width=False`, use `width='content'`.
2026-10-08 17:40:42.911 Please replace `use_container_width` with `width`.

`use_container_width` will be removed after 2025-12-31.

For `use_container_width=True`, use `width='stretch'`. For `use_container_width=False`, use `width='content'`.
2026-10-08 17:40:43.117 Please replace `use_container_width` with `width`.

`use_container_width` will be removed after 2025-12-31.

For `use_container_width=True`, use `width='stretch'`. For `use_container_width=False`, use `width='content'`.
2026-10-08 17:40:43.125 Please replace `use_container_width` with `width`.

`use_container_width` will be removed after 2025-12-31.

For `use_container_width=True`, use `width='stretch'`. For `use_container_width=False`, use `width='content'`.
2026-10-08 17:40:43.129 Please replace `use_container_width` with `width`.

`use_container_width` will be removed after 2025-12-31.

For `use_container_width=True`, use `width='stretch'`. For `use_container_width=False`, use `width='content'`.
2026-10-08 17:40:43.146 Please replace `use_container_width` with `width`.

`use_container_width` will be removed after 2025-12-31.

For `use_container_width=True`, use `width='stretch'`. For `use_container_width=False`, use `width='content'`.
2026-10-08 17:40:43.147 Please replace `use_container_width` with `width`.

`use_container_width` will be removed after 2025-12-31.

For `use_container_width=True`, use `width='stretch'`. For `use_container_width=False`, use `width='content'`.
2026-10-08 17:40:43.148 Please replace `use_container_width` with `width`.

`use_container_width` will be removed after 2025-12-31.

For `use_container_width=True`, use `width='stretch'`. For `use_container_width=False`, use `width='content'`.
2026-10-08 17:40:43.163 Please replace `use_container_width` with `width`.

`use_container_width` will be removed after 2025-12-31.

For `use_container_width=True`, use `width='stretch'`. For `use_container_width=False`, use `width='content'`.
2026-10-08 17:40:43.164 Please replace `use_container_width` with `width`.

`use_container_width` will be removed after 2025-12-31.

For `use_container_width=True`, use `width='stretch'`. For `use_container_width=False`, use `width='content'`.
2026-10-08 17:40:43.168 Please replace `use_container_width` with `width`.

`use_container_width` will be removed after 2025-12-31.

For `use_container_width=True`, use `width='stretch'`. For `use_container_width=False`, use `width='content'`.
2026-10-08 17:40:43.173 Please replace `use_container_width` with `width`.

`use_container_width` will be removed after 2025-12-31.

For `use_container_width=True`, use `width='stretch'`. For `use_container_width=False`, use `width='content'`.
2026-10-08 17:40:43.173 Serialization of dataframe to Arrow table was unsuccessful. Applying automatic fixes for column types to make the dataframe Arrow-compatible.
Traceback (most recent call last):
  File "/workspace/scratch/42ffe4c93098/utilization9_runtime/lib/python3.14/site-packages/streamlit/dataframe_util.py", line 940, in convert_pandas_df_to_arrow_table
    return pa.Table.from_pandas(df, preserve_index=preserve_index)
           ~~~~~~~~~~~~~~~~~~~~^^^^^^^^^^^^^^^^^^^^^^^^^^^^^^^^^^^
  File "pyarrow/table.pxi", line 4768, in pyarrow.lib.Table.from_pandas
  File "/workspace/scratch/42ffe4c93098/utilization9_runtime/lib/python3.14/site-packages/pyarrow/pandas_compat.py", line 651, in dataframe_to_arrays
    arrays = [convert_column(c, f)
              ~~~~~~~~~~~~~~^^^^^^
  File "/workspace/scratch/42ffe4c93098/utilization9_runtime/lib/python3.14/site-packages/pyarrow/pandas_compat.py", line 639, in convert_column
    raise e
  File "/workspace/scratch/42ffe4c93098/utilization9_runtime/lib/python3.14/site-packages/pyarrow/pandas_compat.py", line 633, in convert_column
    result = pa.array(col, type=type_, from_pandas=True, safe=safe)
  File "pyarrow/array.pxi", line 390, in pyarrow.lib.array
    result = _ndarray_to_array(values, mask, type, c_from_pandas, safe,
  File "pyarrow/array.pxi", line 91, in pyarrow.lib._ndarray_to_array
    check_status(NdarrayToArrow(pool, values, mask, from_pandas,
  File "pyarrow/error.pxi", line 92, in pyarrow.lib.check_status
pyarrow.lib.ArrowTypeError: ("Expected bytes, got a 'bool' object", 'Conversion failed for column Value with type object')
2026-10-08 17:40:43.176 Please replace `use_container_width` with `width`.

`use_container_width` will be removed after 2025-12-31.

For `use_container_width=True`, use `width='stretch'`. For `use_container_width=False`, use `width='content'`.
2026-10-08 17:40:43.177 Please replace `use_container_width` with `width`.

`use_container_width` will be removed after 2025-12-31.

For `use_container_width=True`, use `width='stretch'`. For `use_container_width=False`, use `width='content'`.
2026-10-08 17:40:43.178 Please replace `use_container_width` with `width`.

`use_container_width` will be removed after 2025-12-31.

For `use_container_width=True`, use `width='stretch'`. For `use_container_width=False`, use `width='content'`.
2026-10-08 17:40:43.180 Please replace `use_container_width` with `width`.

`use_container_width` will be removed after 2025-12-31.

For `use_container_width=True`, use `width='stretch'`. For `use_container_width=False`, use `width='content'`.
2026-10-08 17:40:43.181 Please replace `use_container_width` with `width`.

`use_container_width` will be removed after 2025-12-31.

For `use_container_width=True`, use `width='stretch'`. For `use_container_width=False`, use `width='content'`.
2026-10-08 17:40:43.196 Please replace `use_container_width` with `width`.

`use_container_width` will be removed after 2025-12-31.

For `use_container_width=True`, use `width='stretch'`. For `use_container_width=False`, use `width='content'`.
2026-10-08 17:40:43.198 Please replace `use_container_width` with `width`.

`use_container_width` will be removed after 2025-12-31.

For `use_container_width=True`, use `width='stretch'`. For `use_container_width=False`, use `width='content'`.
2026-10-08 17:40:43.199 Please replace `use_container_width` with `width`.

`use_container_width` will be removed after 2025-12-31.

For `use_container_width=True`, use `width='stretch'`. For `use_container_width=False`, use `width='content'`.
2026-10-08 17:40:43.200 Serialization of dataframe to Arrow table was unsuccessful. Applying automatic fixes for column types to make the dataframe Arrow-compatible.
Traceback (most recent call last):
  File "/workspace/scratch/42ffe4c93098/utilization9_runtime/lib/python3.14/site-packages/streamlit/dataframe_util.py", line 940, in convert_pandas_df_to_arrow_table
    return pa.Table.from_pandas(df, preserve_index=preserve_index)
           ~~~~~~~~~~~~~~~~~~~~^^^^^^^^^^^^^^^^^^^^^^^^^^^^^^^^^^^
  File "pyarrow/table.pxi", line 4768, in pyarrow.lib.Table.from_pandas
  File "/workspace/scratch/42ffe4c93098/utilization9_runtime/lib/python3.14/site-packages/pyarrow/pandas_compat.py", line 651, in dataframe_to_arrays
    arrays = [convert_column(c, f)
              ~~~~~~~~~~~~~~^^^^^^
  File "/workspace/scratch/42ffe4c93098/utilization9_runtime/lib/python3.14/site-packages/pyarrow/pandas_compat.py", line 639, in convert_column
    raise e
  File "/workspace/scratch/42ffe4c93098/utilization9_runtime/lib/python3.14/site-packages/pyarrow/pandas_compat.py", line 633, in convert_column
    result = pa.array(col, type=type_, from_pandas=True, safe=safe)
  File "pyarrow/array.pxi", line 390, in pyarrow.lib.array
    result = _ndarray_to_array(values, mask, type, c_from_pandas, safe,
  File "pyarrow/array.pxi", line 91, in pyarrow.lib._ndarray_to_array
    check_status(NdarrayToArrow(pool, values, mask, from_pandas,
  File "pyarrow/error.pxi", line 92, in pyarrow.lib.check_status
pyarrow.lib.ArrowTypeError: ("Expected bytes, got a 'float' object", 'Conversion failed for column Value with type object')
2026-10-08 17:40:43.203 Please replace `use_container_width` with `width`.

`use_container_width` will be removed after 2025-12-31.

For `use_container_width=True`, use `width='stretch'`. For `use_container_width=False`, use `width='content'`.
2026-10-08 17:40:43.204 Serialization of dataframe to Arrow table was unsuccessful. Applying automatic fixes for column types to make the dataframe Arrow-compatible.
Traceback (most recent call last):
  File "/workspace/scratch/42ffe4c93098/utilization9_runtime/lib/python3.14/site-packages/streamlit/dataframe_util.py", line 940, in convert_pandas_df_to_arrow_table
    return pa.Table.from_pandas(df, preserve_index=preserve_index)
           ~~~~~~~~~~~~~~~~~~~~^^^^^^^^^^^^^^^^^^^^^^^^^^^^^^^^^^^
  File "pyarrow/table.pxi", line 4768, in pyarrow.lib.Table.from_pandas
  File "/workspace/scratch/42ffe4c93098/utilization9_runtime/lib/python3.14/site-packages/pyarrow/pandas_compat.py", line 651, in dataframe_to_arrays
    arrays = [convert_column(c, f)
              ~~~~~~~~~~~~~~^^^^^^
  File "/workspace/scratch/42ffe4c93098/utilization9_runtime/lib/python3.14/site-packages/pyarrow/pandas_compat.py", line 639, in convert_column
    raise e
  File "/workspace/scratch/42ffe4c93098/utilization9_runtime/lib/python3.14/site-packages/pyarrow/pandas_compat.py", line 633, in convert_column
    result = pa.array(col, type=type_, from_pandas=True, safe=safe)
  File "pyarrow/array.pxi", line 390, in pyarrow.lib.array
    result = _ndarray_to_array(values, mask, type, c_from_pandas, safe,
  File "pyarrow/array.pxi", line 91, in pyarrow.lib._ndarray_to_array
    check_status(NdarrayToArrow(pool, values, mask, from_pandas,
  File "pyarrow/error.pxi", line 92, in pyarrow.lib.check_status
pyarrow.lib.ArrowInvalid: ("Could not convert 'Wet slab/topping, barrier, wearing surface, SDL/LL, building service loads' with type str: tried to convert to double", 'Conversion failed for column w_kN/m per girder with type object')
2026-10-08 17:40:43.206 Please replace `use_container_width` with `width`.

`use_container_width` will be removed after 2025-12-31.

For `use_container_width=True`, use `width='stretch'`. For `use_container_width=False`, use `width='content'`.
2026-10-08 17:40:43.209 Please replace `use_container_width` with `width`.

`use_container_width` will be removed after 2025-12-31.

For `use_container_width=True`, use `width='stretch'`. For `use_container_width=False`, use `width='content'`.
2026-10-08 17:40:43.211 Please replace `use_container_width` with `width`.

`use_container_width` will be removed after 2025-12-31.

For `use_container_width=True`, use `width='stretch'`. For `use_container_width=False`, use `width='content'`.
2026-10-08 17:40:43.217 Please replace `use_container_width` with `width`.

`use_container_width` will be removed after 2025-12-31.

For `use_container_width=True`, use `width='stretch'`. For `use_container_width=False`, use `width='content'`.
2026-10-08 17:40:43.217 Serialization of dataframe to Arrow table was unsuccessful. Applying automatic fixes for column types to make the dataframe Arrow-compatible.
Traceback (most recent call last):
  File "/workspace/scratch/42ffe4c93098/utilization9_runtime/lib/python3.14/site-packages/streamlit/dataframe_util.py", line 940, in convert_pandas_df_to_arrow_table
    return pa.Table.from_pandas(df, preserve_index=preserve_index)
           ~~~~~~~~~~~~~~~~~~~~^^^^^^^^^^^^^^^^^^^^^^^^^^^^^^^^^^^
  File "pyarrow/table.pxi", line 4768, in pyarrow.lib.Table.from_pandas
  File "/workspace/scratch/42ffe4c93098/utilization9_runtime/lib/python3.14/site-packages/pyarrow/pandas_compat.py", line 651, in dataframe_to_arrays
    arrays = [convert_column(c, f)
              ~~~~~~~~~~~~~~^^^^^^
  File "/workspace/scratch/42ffe4c93098/utilization9_runtime/lib/python3.14/site-packages/pyarrow/pandas_compat.py", line 639, in convert_column
    raise e
  File "/workspace/scratch/42ffe4c93098/utilization9_runtime/lib/python3.14/site-packages/pyarrow/pandas_compat.py", line 633, in convert_column
    result = pa.array(col, type=type_, from_pandas=True, safe=safe)
  File "pyarrow/array.pxi", line 390, in pyarrow.lib.array
    result = _ndarray_to_array(values, mask, type, c_from_pandas, safe,
  File "pyarrow/array.pxi", line 91, in pyarrow.lib._ndarray_to_array
    check_status(NdarrayToArrow(pool, values, mask, from_pandas,
  File "pyarrow/error.pxi", line 92, in pyarrow.lib.check_status
pyarrow.lib.ArrowInvalid: ('Could not convert 0 with type int: tried to convert to boolean', 'Conversion failed for column Value with type object')
2026-10-08 17:40:43.219 Please replace `use_container_width` with `width`.

`use_container_width` will be removed after 2025-12-31.

For `use_container_width=True`, use `width='stretch'`. For `use_container_width=False`, use `width='content'`.
2026-10-08 17:40:43.225 Please replace `use_container_width` with `width`.

`use_container_width` will be removed after 2025-12-31.

For `use_container_width=True`, use `width='stretch'`. For `use_container_width=False`, use `width='content'`.
2026-10-08 17:40:44.007 Please replace `use_container_width` with `width`.

`use_container_width` will be removed after 2025-12-31.

For `use_container_width=True`, use `width='stretch'`. For `use_container_width=False`, use `width='content'`.
2026-10-08 17:40:44.009 Please replace `use_container_width` with `width`.

`use_container_width` will be removed after 2025-12-31.

For `use_container_width=True`, use `width='stretch'`. For `use_container_width=False`, use `width='content'`.
2026-10-08 17:40:44.010 Please replace `use_container_width` with `width`.

`use_container_width` will be removed after 2025-12-31.

For `use_container_width=True`, use `width='stretch'`. For `use_container_width=False`, use `width='content'`.
2026-10-08 17:40:44.238 Please replace `use_container_width` with `width`.

`use_container_width` will be removed after 2025-12-31.

For `use_container_width=True`, use `width='stretch'`. For `use_container_width=False`, use `width='content'`.
2026-10-08 17:40:44.250 Please replace `use_container_width` with `width`.

`use_container_width` will be removed after 2025-12-31.

For `use_container_width=True`, use `width='stretch'`. For `use_container_width=False`, use `width='content'`.
2026-10-08 17:40:44.255 Please replace `use_container_width` with `width`.

`use_container_width` will be removed after 2025-12-31.

For `use_container_width=True`, use `width='stretch'`. For `use_container_width=False`, use `width='content'`.
2026-10-08 17:40:44.284 Please replace `use_container_width` with `width`.

`use_container_width` will be removed after 2025-12-31.

For `use_container_width=True`, use `width='stretch'`. For `use_container_width=False`, use `width='content'`.
2026-10-08 17:40:44.285 Please replace `use_container_width` with `width`.

`use_container_width` will be removed after 2025-12-31.

For `use_container_width=True`, use `width='stretch'`. For `use_container_width=False`, use `width='content'`.
2026-10-08 17:40:44.288 Please replace `use_container_width` with `width`.

`use_container_width` will be removed after 2025-12-31.

For `use_container_width=True`, use `width='stretch'`. For `use_container_width=False`, use `width='content'`.
2026-10-08 17:40:44.305 Please replace `use_container_width` with `width`.

`use_container_width` will be removed after 2025-12-31.

For `use_container_width=True`, use `width='stretch'`. For `use_container_width=False`, use `width='content'`.
2026-10-08 17:40:44.306 Please replace `use_container_width` with `width`.

`use_container_width` will be removed after 2025-12-31.

For `use_container_width=True`, use `width='stretch'`. For `use_container_width=False`, use `width='content'`.
2026-10-08 17:40:44.312 Please replace `use_container_width` with `width`.

`use_container_width` will be removed after 2025-12-31.

For `use_container_width=True`, use `width='stretch'`. For `use_container_width=False`, use `width='content'`.
2026-10-08 17:40:44.319 Please replace `use_container_width` with `width`.

`use_container_width` will be removed after 2025-12-31.

For `use_container_width=True`, use `width='stretch'`. For `use_container_width=False`, use `width='content'`.
2026-10-08 17:40:44.320 Serialization of dataframe to Arrow table was unsuccessful. Applying automatic fixes for column types to make the dataframe Arrow-compatible.
Traceback (most recent call last):
  File "/workspace/scratch/42ffe4c93098/utilization9_runtime/lib/python3.14/site-packages/streamlit/dataframe_util.py", line 940, in convert_pandas_df_to_arrow_table
    return pa.Table.from_pandas(df, preserve_index=preserve_index)
           ~~~~~~~~~~~~~~~~~~~~^^^^^^^^^^^^^^^^^^^^^^^^^^^^^^^^^^^
  File "pyarrow/table.pxi", line 4768, in pyarrow.lib.Table.from_pandas
  File "/workspace/scratch/42ffe4c93098/utilization9_runtime/lib/python3.14/site-packages/pyarrow/pandas_compat.py", line 651, in dataframe_to_arrays
    arrays = [convert_column(c, f)
              ~~~~~~~~~~~~~~^^^^^^
  File "/workspace/scratch/42ffe4c93098/utilization9_runtime/lib/python3.14/site-packages/pyarrow/pandas_compat.py", line 639, in convert_column
    raise e
  File "/workspace/scratch/42ffe4c93098/utilization9_runtime/lib/python3.14/site-packages/pyarrow/pandas_compat.py", line 633, in convert_column
    result = pa.array(col, type=type_, from_pandas=True, safe=safe)
  File "pyarrow/array.pxi", line 390, in pyarrow.lib.array
    result = _ndarray_to_array(values, mask, type, c_from_pandas, safe,
  File "pyarrow/array.pxi", line 91, in pyarrow.lib._ndarray_to_array
    check_status(NdarrayToArrow(pool, values, mask, from_pandas,
  File "pyarrow/error.pxi", line 92, in pyarrow.lib.check_status
pyarrow.lib.ArrowTypeError: ("Expected bytes, got a 'bool' object", 'Conversion failed for column Value with type object')
2026-10-08 17:40:44.323 Please replace `use_container_width` with `width`.

`use_container_width` will be removed after 2025-12-31.

For `use_container_width=True`, use `width='stretch'`. For `use_container_width=False`, use `width='content'`.
2026-10-08 17:40:44.325 Please replace `use_container_width` with `width`.

`use_container_width` will be removed after 2025-12-31.

For `use_container_width=True`, use `width='stretch'`. For `use_container_width=False`, use `width='content'`.
2026-10-08 17:40:44.326 Please replace `use_container_width` with `width`.

`use_container_width` will be removed after 2025-12-31.

For `use_container_width=True`, use `width='stretch'`. For `use_container_width=False`, use `width='content'`.
2026-10-08 17:40:44.328 Please replace `use_container_width` with `width`.

`use_container_width` will be removed after 2025-12-31.

For `use_container_width=True`, use `width='stretch'`. For `use_container_width=False`, use `width='content'`.
2026-10-08 17:40:44.333 Please replace `use_container_width` with `width`.

`use_container_width` will be removed after 2025-12-31.

For `use_container_width=True`, use `width='stretch'`. For `use_container_width=False`, use `width='content'`.
2026-10-08 17:40:44.352 Please replace `use_container_width` with `width`.

`use_container_width` will be removed after 2025-12-31.

For `use_container_width=True`, use `width='stretch'`. For `use_container_width=False`, use `width='content'`.
2026-10-08 17:40:44.354 Please replace `use_container_width` with `width`.

`use_container_width` will be removed after 2025-12-31.

For `use_container_width=True`, use `width='stretch'`. For `use_container_width=False`, use `width='content'`.
2026-10-08 17:40:44.355 Please replace `use_container_width` with `width`.

`use_container_width` will be removed after 2025-12-31.

For `use_container_width=True`, use `width='stretch'`. For `use_container_width=False`, use `width='content'`.
2026-10-08 17:40:44.356 Serialization of dataframe to Arrow table was unsuccessful. Applying automatic fixes for column types to make the dataframe Arrow-compatible.
Traceback (most recent call last):
  File "/workspace/scratch/42ffe4c93098/utilization9_runtime/lib/python3.14/site-packages/streamlit/dataframe_util.py", line 940, in convert_pandas_df_to_arrow_table
    return pa.Table.from_pandas(df, preserve_index=preserve_index)
           ~~~~~~~~~~~~~~~~~~~~^^^^^^^^^^^^^^^^^^^^^^^^^^^^^^^^^^^
  File "pyarrow/table.pxi", line 4768, in pyarrow.lib.Table.from_pandas
  File "/workspace/scratch/42ffe4c93098/utilization9_runtime/lib/python3.14/site-packages/pyarrow/pandas_compat.py", line 651, in dataframe_to_arrays
    arrays = [convert_column(c, f)
              ~~~~~~~~~~~~~~^^^^^^
  File "/workspace/scratch/42ffe4c93098/utilization9_runtime/lib/python3.14/site-packages/pyarrow/pandas_compat.py", line 639, in convert_column
    raise e
  File "/workspace/scratch/42ffe4c93098/utilization9_runtime/lib/python3.14/site-packages/pyarrow/pandas_compat.py", line 633, in convert_column
    result = pa.array(col, type=type_, from_pandas=True, safe=safe)
  File "pyarrow/array.pxi", line 390, in pyarrow.lib.array
    result = _ndarray_to_array(values, mask, type, c_from_pandas, safe,
  File "pyarrow/array.pxi", line 91, in pyarrow.lib._ndarray_to_array
    check_status(NdarrayToArrow(pool, values, mask, from_pandas,
  File "pyarrow/error.pxi", line 92, in pyarrow.lib.check_status
pyarrow.lib.ArrowTypeError: ("Expected bytes, got a 'float' object", 'Conversion failed for column Value with type object')
2026-10-08 17:40:44.361 Please replace `use_container_width` with `width`.

`use_container_width` will be removed after 2025-12-31.

For `use_container_width=True`, use `width='stretch'`. For `use_container_width=False`, use `width='content'`.
2026-10-08 17:40:44.361 Serialization of dataframe to Arrow table was unsuccessful. Applying automatic fixes for column types to make the dataframe Arrow-compatible.
Traceback (most recent call last):
  File "/workspace/scratch/42ffe4c93098/utilization9_runtime/lib/python3.14/site-packages/streamlit/dataframe_util.py", line 940, in convert_pandas_df_to_arrow_table
    return pa.Table.from_pandas(df, preserve_index=preserve_index)
           ~~~~~~~~~~~~~~~~~~~~^^^^^^^^^^^^^^^^^^^^^^^^^^^^^^^^^^^
  File "pyarrow/table.pxi", line 4768, in pyarrow.lib.Table.from_pandas
  File "/workspace/scratch/42ffe4c93098/utilization9_runtime/lib/python3.14/site-packages/pyarrow/pandas_compat.py", line 651, in dataframe_to_arrays
    arrays = [convert_column(c, f)
              ~~~~~~~~~~~~~~^^^^^^
  File "/workspace/scratch/42ffe4c93098/utilization9_runtime/lib/python3.14/site-packages/pyarrow/pandas_compat.py", line 639, in convert_column
    raise e
  File "/workspace/scratch/42ffe4c93098/utilization9_runtime/lib/python3.14/site-packages/pyarrow/pandas_compat.py", line 633, in convert_column
    result = pa.array(col, type=type_, from_pandas=True, safe=safe)
  File "pyarrow/array.pxi", line 390, in pyarrow.lib.array
    result = _ndarray_to_array(values, mask, type, c_from_pandas, safe,
  File "pyarrow/array.pxi", line 91, in pyarrow.lib._ndarray_to_array
    check_status(NdarrayToArrow(pool, values, mask, from_pandas,
  File "pyarrow/error.pxi", line 92, in pyarrow.lib.check_status
pyarrow.lib.ArrowInvalid: ("Could not convert 'Wet slab/topping, barrier, wearing surface, SDL/LL, building service loads' with type str: tried to convert to double", 'Conversion failed for column w_kN/m per girder with type object')
2026-10-08 17:40:44.363 Please replace `use_container_width` with `width`.

`use_container_width` will be removed after 2025-12-31.

For `use_container_width=True`, use `width='stretch'`. For `use_container_width=False`, use `width='content'`.
2026-10-08 17:40:44.366 Please replace `use_container_width` with `width`.

`use_container_width` will be removed after 2025-12-31.

For `use_container_width=True`, use `width='stretch'`. For `use_container_width=False`, use `width='content'`.
2026-10-08 17:40:44.367 Please replace `use_container_width` with `width`.

`use_container_width` will be removed after 2025-12-31.

For `use_container_width=True`, use `width='stretch'`. For `use_container_width=False`, use `width='content'`.
2026-10-08 17:40:44.375 Please replace `use_container_width` with `width`.

`use_container_width` will be removed after 2025-12-31.

For `use_container_width=True`, use `width='stretch'`. For `use_container_width=False`, use `width='content'`.
2026-10-08 17:40:44.375 Serialization of dataframe to Arrow table was unsuccessful. Applying automatic fixes for column types to make the dataframe Arrow-compatible.
Traceback (most recent call last):
  File "/workspace/scratch/42ffe4c93098/utilization9_runtime/lib/python3.14/site-packages/streamlit/dataframe_util.py", line 940, in convert_pandas_df_to_arrow_table
    return pa.Table.from_pandas(df, preserve_index=preserve_index)
           ~~~~~~~~~~~~~~~~~~~~^^^^^^^^^^^^^^^^^^^^^^^^^^^^^^^^^^^
  File "pyarrow/table.pxi", line 4768, in pyarrow.lib.Table.from_pandas
  File "/workspace/scratch/42ffe4c93098/utilization9_runtime/lib/python3.14/site-packages/pyarrow/pandas_compat.py", line 651, in dataframe_to_arrays
    arrays = [convert_column(c, f)
              ~~~~~~~~~~~~~~^^^^^^
  File "/workspace/scratch/42ffe4c93098/utilization9_runtime/lib/python3.14/site-packages/pyarrow/pandas_compat.py", line 639, in convert_column
    raise e
  File "/workspace/scratch/42ffe4c93098/utilization9_runtime/lib/python3.14/site-packages/pyarrow/pandas_compat.py", line 633, in convert_column
    result = pa.array(col, type=type_, from_pandas=True, safe=safe)
  File "pyarrow/array.pxi", line 390, in pyarrow.lib.array
    result = _ndarray_to_array(values, mask, type, c_from_pandas, safe,
  File "pyarrow/array.pxi", line 91, in pyarrow.lib._ndarray_to_array
    check_status(NdarrayToArrow(pool, values, mask, from_pandas,
  File "pyarrow/error.pxi", line 92, in pyarrow.lib.check_status
pyarrow.lib.ArrowInvalid: ('Could not convert 0 with type int: tried to convert to boolean', 'Conversion failed for column Value with type object')
2026-10-08 17:40:44.377 Please replace `use_container_width` with `width`.

`use_container_width` will be removed after 2025-12-31.

For `use_container_width=True`, use `width='stretch'`. For `use_container_width=False`, use `width='content'`.
2026-10-08 17:40:44.383 Please replace `use_container_width` with `width`.

`use_container_width` will be removed after 2025-12-31.

For `use_container_width=True`, use `width='stretch'`. For `use_container_width=False`, use `width='content'`.
2026-10-08 17:40:44.906 Please replace `use_container_width` with `width`.

`use_container_width` will be removed after 2025-12-31.

For `use_container_width=True`, use `width='stretch'`. For `use_container_width=False`, use `width='content'`.
2026-10-08 17:40:44.907 Please replace `use_container_width` with `width`.

`use_container_width` will be removed after 2025-12-31.

For `use_container_width=True`, use `width='stretch'`. For `use_container_width=False`, use `width='content'`.
2026-10-08 17:40:44.908 Please replace `use_container_width` with `width`.

`use_container_width` will be removed after 2025-12-31.

For `use_container_width=True`, use `width='stretch'`. For `use_container_width=False`, use `width='content'`.
2026-10-08 17:40:45.100 Please replace `use_container_width` with `width`.

`use_container_width` will be removed after 2025-12-31.

For `use_container_width=True`, use `width='stretch'`. For `use_container_width=False`, use `width='content'`.
2026-10-08 17:40:45.108 Please replace `use_container_width` with `width`.

`use_container_width` will be removed after 2025-12-31.

For `use_container_width=True`, use `width='stretch'`. For `use_container_width=False`, use `width='content'`.
2026-10-08 17:40:45.113 Please replace `use_container_width` with `width`.

`use_container_width` will be removed after 2025-12-31.

For `use_container_width=True`, use `width='stretch'`. For `use_container_width=False`, use `width='content'`.
2026-10-08 17:40:45.228 Please replace `use_container_width` with `width`.

`use_container_width` will be removed after 2025-12-31.

For `use_container_width=True`, use `width='stretch'`. For `use_container_width=False`, use `width='content'`.
2026-10-08 17:40:45.229 Please replace `use_container_width` with `width`.

`use_container_width` will be removed after 2025-12-31.

For `use_container_width=True`, use `width='stretch'`. For `use_container_width=False`, use `width='content'`.
2026-10-08 17:40:45.230 Please replace `use_container_width` with `width`.

`use_container_width` will be removed after 2025-12-31.

For `use_container_width=True`, use `width='stretch'`. For `use_container_width=False`, use `width='content'`.
2026-10-08 17:40:45.245 Please replace `use_container_width` with `width`.

`use_container_width` will be removed after 2025-12-31.

For `use_container_width=True`, use `width='stretch'`. For `use_container_width=False`, use `width='content'`.
2026-10-08 17:40:45.246 Please replace `use_container_width` with `width`.

`use_container_width` will be removed after 2025-12-31.

For `use_container_width=True`, use `width='stretch'`. For `use_container_width=False`, use `width='content'`.
2026-10-08 17:40:45.250 Please replace `use_container_width` with `width`.

`use_container_width` will be removed after 2025-12-31.

For `use_container_width=True`, use `width='stretch'`. For `use_container_width=False`, use `width='content'`.
2026-10-08 17:40:45.255 Please replace `use_container_width` with `width`.

`use_container_width` will be removed after 2025-12-31.

For `use_container_width=True`, use `width='stretch'`. For `use_container_width=False`, use `width='content'`.
2026-10-08 17:40:45.255 Serialization of dataframe to Arrow table was unsuccessful. Applying automatic fixes for column types to make the dataframe Arrow-compatible.
Traceback (most recent call last):
  File "/workspace/scratch/42ffe4c93098/utilization9_runtime/lib/python3.14/site-packages/streamlit/dataframe_util.py", line 940, in convert_pandas_df_to_arrow_table
    return pa.Table.from_pandas(df, preserve_index=preserve_index)
           ~~~~~~~~~~~~~~~~~~~~^^^^^^^^^^^^^^^^^^^^^^^^^^^^^^^^^^^
  File "pyarrow/table.pxi", line 4768, in pyarrow.lib.Table.from_pandas
  File "/workspace/scratch/42ffe4c93098/utilization9_runtime/lib/python3.14/site-packages/pyarrow/pandas_compat.py", line 651, in dataframe_to_arrays
    arrays = [convert_column(c, f)
              ~~~~~~~~~~~~~~^^^^^^
  File "/workspace/scratch/42ffe4c93098/utilization9_runtime/lib/python3.14/site-packages/pyarrow/pandas_compat.py", line 639, in convert_column
    raise e
  File "/workspace/scratch/42ffe4c93098/utilization9_runtime/lib/python3.14/site-packages/pyarrow/pandas_compat.py", line 633, in convert_column
    result = pa.array(col, type=type_, from_pandas=True, safe=safe)
  File "pyarrow/array.pxi", line 390, in pyarrow.lib.array
    result = _ndarray_to_array(values, mask, type, c_from_pandas, safe,
  File "pyarrow/array.pxi", line 91, in pyarrow.lib._ndarray_to_array
    check_status(NdarrayToArrow(pool, values, mask, from_pandas,
  File "pyarrow/error.pxi", line 92, in pyarrow.lib.check_status
pyarrow.lib.ArrowTypeError: ("Expected bytes, got a 'bool' object", 'Conversion failed for column Value with type object')
2026-10-08 17:40:45.257 Please replace `use_container_width` with `width`.

`use_container_width` will be removed after 2025-12-31.

For `use_container_width=True`, use `width='stretch'`. For `use_container_width=False`, use `width='content'`.
2026-10-08 17:40:45.259 Please replace `use_container_width` with `width`.

`use_container_width` will be removed after 2025-12-31.

For `use_container_width=True`, use `width='stretch'`. For `use_container_width=False`, use `width='content'`.
2026-10-08 17:40:45.260 Please replace `use_container_width` with `width`.

`use_container_width` will be removed after 2025-12-31.

For `use_container_width=True`, use `width='stretch'`. For `use_container_width=False`, use `width='content'`.
2026-10-08 17:40:45.261 Please replace `use_container_width` with `width`.

`use_container_width` will be removed after 2025-12-31.

For `use_container_width=True`, use `width='stretch'`. For `use_container_width=False`, use `width='content'`.
2026-10-08 17:40:45.263 Please replace `use_container_width` with `width`.

`use_container_width` will be removed after 2025-12-31.

For `use_container_width=True`, use `width='stretch'`. For `use_container_width=False`, use `width='content'`.
2026-10-08 17:40:45.277 Please replace `use_container_width` with `width`.

`use_container_width` will be removed after 2025-12-31.

For `use_container_width=True`, use `width='stretch'`. For `use_container_width=False`, use `width='content'`.
2026-10-08 17:40:45.280 Please replace `use_container_width` with `width`.

`use_container_width` will be removed after 2025-12-31.

For `use_container_width=True`, use `width='stretch'`. For `use_container_width=False`, use `width='content'`.
2026-10-08 17:40:45.282 Please replace `use_container_width` with `width`.

`use_container_width` will be removed after 2025-12-31.

For `use_container_width=True`, use `width='stretch'`. For `use_container_width=False`, use `width='content'`.
2026-10-08 17:40:45.282 Serialization of dataframe to Arrow table was unsuccessful. Applying automatic fixes for column types to make the dataframe Arrow-compatible.
Traceback (most recent call last):
  File "/workspace/scratch/42ffe4c93098/utilization9_runtime/lib/python3.14/site-packages/streamlit/dataframe_util.py", line 940, in convert_pandas_df_to_arrow_table
    return pa.Table.from_pandas(df, preserve_index=preserve_index)
           ~~~~~~~~~~~~~~~~~~~~^^^^^^^^^^^^^^^^^^^^^^^^^^^^^^^^^^^
  File "pyarrow/table.pxi", line 4768, in pyarrow.lib.Table.from_pandas
  File "/workspace/scratch/42ffe4c93098/utilization9_runtime/lib/python3.14/site-packages/pyarrow/pandas_compat.py", line 651, in dataframe_to_arrays
    arrays = [convert_column(c, f)
              ~~~~~~~~~~~~~~^^^^^^
  File "/workspace/scratch/42ffe4c93098/utilization9_runtime/lib/python3.14/site-packages/pyarrow/pandas_compat.py", line 639, in convert_column
    raise e
  File "/workspace/scratch/42ffe4c93098/utilization9_runtime/lib/python3.14/site-packages/pyarrow/pandas_compat.py", line 633, in convert_column
    result = pa.array(col, type=type_, from_pandas=True, safe=safe)
  File "pyarrow/array.pxi", line 390, in pyarrow.lib.array
    result = _ndarray_to_array(values, mask, type, c_from_pandas, safe,
  File "pyarrow/array.pxi", line 91, in pyarrow.lib._ndarray_to_array
    check_status(NdarrayToArrow(pool, values, mask, from_pandas,
  File "pyarrow/error.pxi", line 92, in pyarrow.lib.check_status
pyarrow.lib.ArrowTypeError: ("Expected bytes, got a 'float' object", 'Conversion failed for column Value with type object')
2026-10-08 17:40:45.284 Please replace `use_container_width` with `width`.

`use_container_width` will be removed after 2025-12-31.

For `use_container_width=True`, use `width='stretch'`. For `use_container_width=False`, use `width='content'`.
2026-10-08 17:40:45.285 Serialization of dataframe to Arrow table was unsuccessful. Applying automatic fixes for column types to make the dataframe Arrow-compatible.
Traceback (most recent call last):
  File "/workspace/scratch/42ffe4c93098/utilization9_runtime/lib/python3.14/site-packages/streamlit/dataframe_util.py", line 940, in convert_pandas_df_to_arrow_table
    return pa.Table.from_pandas(df, preserve_index=preserve_index)
           ~~~~~~~~~~~~~~~~~~~~^^^^^^^^^^^^^^^^^^^^^^^^^^^^^^^^^^^
  File "pyarrow/table.pxi", line 4768, in pyarrow.lib.Table.from_pandas
  File "/workspace/scratch/42ffe4c93098/utilization9_runtime/lib/python3.14/site-packages/pyarrow/pandas_compat.py", line 651, in dataframe_to_arrays
    arrays = [convert_column(c, f)
              ~~~~~~~~~~~~~~^^^^^^
  File "/workspace/scratch/42ffe4c93098/utilization9_runtime/lib/python3.14/site-packages/pyarrow/pandas_compat.py", line 639, in convert_column
    raise e
  File "/workspace/scratch/42ffe4c93098/utilization9_runtime/lib/python3.14/site-packages/pyarrow/pandas_compat.py", line 633, in convert_column
    result = pa.array(col, type=type_, from_pandas=True, safe=safe)
  File "pyarrow/array.pxi", line 390, in pyarrow.lib.array
    result = _ndarray_to_array(values, mask, type, c_from_pandas, safe,
  File "pyarrow/array.pxi", line 91, in pyarrow.lib._ndarray_to_array
    check_status(NdarrayToArrow(pool, values, mask, from_pandas,
  File "pyarrow/error.pxi", line 92, in pyarrow.lib.check_status
pyarrow.lib.ArrowInvalid: ("Could not convert 'Wet slab/topping, barrier, wearing surface, SDL/LL, building service loads' with type str: tried to convert to double", 'Conversion failed for column w_kN/m per girder with type object')
2026-10-08 17:40:45.287 Please replace `use_container_width` with `width`.

`use_container_width` will be removed after 2025-12-31.

For `use_container_width=True`, use `width='stretch'`. For `use_container_width=False`, use `width='content'`.
2026-10-08 17:40:45.290 Please replace `use_container_width` with `width`.

`use_container_width` will be removed after 2025-12-31.

For `use_container_width=True`, use `width='stretch'`. For `use_container_width=False`, use `width='content'`.
2026-10-08 17:40:45.292 Please replace `use_container_width` with `width`.

`use_container_width` will be removed after 2025-12-31.

For `use_container_width=True`, use `width='stretch'`. For `use_container_width=False`, use `width='content'`.
2026-10-08 17:40:45.299 Please replace `use_container_width` with `width`.

`use_container_width` will be removed after 2025-12-31.

For `use_container_width=True`, use `width='stretch'`. For `use_container_width=False`, use `width='content'`.
2026-10-08 17:40:45.300 Serialization of dataframe to Arrow table was unsuccessful. Applying automatic fixes for column types to make the dataframe Arrow-compatible.
Traceback (most recent call last):
  File "/workspace/scratch/42ffe4c93098/utilization9_runtime/lib/python3.14/site-packages/streamlit/dataframe_util.py", line 940, in convert_pandas_df_to_arrow_table
    return pa.Table.from_pandas(df, preserve_index=preserve_index)
           ~~~~~~~~~~~~~~~~~~~~^^^^^^^^^^^^^^^^^^^^^^^^^^^^^^^^^^^
  File "pyarrow/table.pxi", line 4768, in pyarrow.lib.Table.from_pandas
  File "/workspace/scratch/42ffe4c93098/utilization9_runtime/lib/python3.14/site-packages/pyarrow/pandas_compat.py", line 651, in dataframe_to_arrays
    arrays = [convert_column(c, f)
              ~~~~~~~~~~~~~~^^^^^^
  File "/workspace/scratch/42ffe4c93098/utilization9_runtime/lib/python3.14/site-packages/pyarrow/pandas_compat.py", line 639, in convert_column
    raise e
  File "/workspace/scratch/42ffe4c93098/utilization9_runtime/lib/python3.14/site-packages/pyarrow/pandas_compat.py", line 633, in convert_column
    result = pa.array(col, type=type_, from_pandas=True, safe=safe)
  File "pyarrow/array.pxi", line 390, in pyarrow.lib.array
    result = _ndarray_to_array(values, mask, type, c_from_pandas, safe,
  File "pyarrow/array.pxi", line 91, in pyarrow.lib._ndarray_to_array
    check_status(NdarrayToArrow(pool, values, mask, from_pandas,
  File "pyarrow/error.pxi", line 92, in pyarrow.lib.check_status
pyarrow.lib.ArrowInvalid: ('Could not convert 0 with type int: tried to convert to boolean', 'Conversion failed for column Value with type object')
2026-10-08 17:40:45.302 Please replace `use_container_width` with `width`.

`use_container_width` will be removed after 2025-12-31.

For `use_container_width=True`, use `width='stretch'`. For `use_container_width=False`, use `width='content'`.
2026-10-08 17:40:45.306 Please replace `use_container_width` with `width`.

`use_container_width` will be removed after 2025-12-31.

For `use_container_width=True`, use `width='stretch'`. For `use_container_width=False`, use `width='content'`.
2026-10-08 17:40:45.347 Thread 'MainThread': missing ScriptRunContext! This warning can be ignored when running in bare mode.
2026-10-08 17:40:45.834 Please replace `use_container_width` with `width`.

`use_container_width` will be removed after 2025-12-31.

For `use_container_width=True`, use `width='stretch'`. For `use_container_width=False`, use `width='content'`.
2026-10-08 17:40:45.835 Please replace `use_container_width` with `width`.

`use_container_width` will be removed after 2025-12-31.

For `use_container_width=True`, use `width='stretch'`. For `use_container_width=False`, use `width='content'`.
2026-10-08 17:40:45.836 Please replace `use_container_width` with `width`.

`use_container_width` will be removed after 2025-12-31.

For `use_container_width=True`, use `width='stretch'`. For `use_container_width=False`, use `width='content'`.
2026-10-08 17:40:45.986 Please replace `use_container_width` with `width`.

`use_container_width` will be removed after 2025-12-31.

For `use_container_width=True`, use `width='stretch'`. For `use_container_width=False`, use `width='content'`.
2026-10-08 17:40:45.992 Please replace `use_container_width` with `width`.

`use_container_width` will be removed after 2025-12-31.

For `use_container_width=True`, use `width='stretch'`. For `use_container_width=False`, use `width='content'`.
2026-10-08 17:40:45.998 Please replace `use_container_width` with `width`.

`use_container_width` will be removed after 2025-12-31.

For `use_container_width=True`, use `width='stretch'`. For `use_container_width=False`, use `width='content'`.
2026-10-08 17:40:46.015 Please replace `use_container_width` with `width`.

`use_container_width` will be removed after 2025-12-31.

For `use_container_width=True`, use `width='stretch'`. For `use_container_width=False`, use `width='content'`.
2026-10-08 17:40:46.017 Please replace `use_container_width` with `width`.

`use_container_width` will be removed after 2025-12-31.

For `use_container_width=True`, use `width='stretch'`. For `use_container_width=False`, use `width='content'`.
2026-10-08 17:40:46.018 Please replace `use_container_width` with `width`.

`use_container_width` will be removed after 2025-12-31.

For `use_container_width=True`, use `width='stretch'`. For `use_container_width=False`, use `width='content'`.
2026-10-08 17:40:46.039 Please replace `use_container_width` with `width`.

`use_container_width` will be removed after 2025-12-31.

For `use_container_width=True`, use `width='stretch'`. For `use_container_width=False`, use `width='content'`.
2026-10-08 17:40:46.040 Please replace `use_container_width` with `width`.

`use_container_width` will be removed after 2025-12-31.

For `use_container_width=True`, use `width='stretch'`. For `use_container_width=False`, use `width='content'`.
2026-10-08 17:40:46.048 Please replace `use_container_width` with `width`.

`use_container_width` will be removed after 2025-12-31.

For `use_container_width=True`, use `width='stretch'`. For `use_container_width=False`, use `width='content'`.
2026-10-08 17:40:46.054 Please replace `use_container_width` with `width`.

`use_container_width` will be removed after 2025-12-31.

For `use_container_width=True`, use `width='stretch'`. For `use_container_width=False`, use `width='content'`.
2026-10-08 17:40:46.054 Serialization of dataframe to Arrow table was unsuccessful. Applying automatic fixes for column types to make the dataframe Arrow-compatible.
Traceback (most recent call last):
  File "/workspace/scratch/42ffe4c93098/utilization9_runtime/lib/python3.14/site-packages/streamlit/dataframe_util.py", line 940, in convert_pandas_df_to_arrow_table
    return pa.Table.from_pandas(df, preserve_index=preserve_index)
           ~~~~~~~~~~~~~~~~~~~~^^^^^^^^^^^^^^^^^^^^^^^^^^^^^^^^^^^
  File "pyarrow/table.pxi", line 4768, in pyarrow.lib.Table.from_pandas
  File "/workspace/scratch/42ffe4c93098/utilization9_runtime/lib/python3.14/site-packages/pyarrow/pandas_compat.py", line 651, in dataframe_to_arrays
    arrays = [convert_column(c, f)
              ~~~~~~~~~~~~~~^^^^^^
  File "/workspace/scratch/42ffe4c93098/utilization9_runtime/lib/python3.14/site-packages/pyarrow/pandas_compat.py", line 639, in convert_column
    raise e
  File "/workspace/scratch/42ffe4c93098/utilization9_runtime/lib/python3.14/site-packages/pyarrow/pandas_compat.py", line 633, in convert_column
    result = pa.array(col, type=type_, from_pandas=True, safe=safe)
  File "pyarrow/array.pxi", line 390, in pyarrow.lib.array
    result = _ndarray_to_array(values, mask, type, c_from_pandas, safe,
  File "pyarrow/array.pxi", line 91, in pyarrow.lib._ndarray_to_array
    check_status(NdarrayToArrow(pool, values, mask, from_pandas,
  File "pyarrow/error.pxi", line 92, in pyarrow.lib.check_status
pyarrow.lib.ArrowTypeError: ("Expected bytes, got a 'bool' object", 'Conversion failed for column Value with type object')
2026-10-08 17:40:46.057 Please replace `use_container_width` with `width`.

`use_container_width` will be removed after 2025-12-31.

For `use_container_width=True`, use `width='stretch'`. For `use_container_width=False`, use `width='content'`.
2026-10-08 17:40:46.059 Please replace `use_container_width` with `width`.

`use_container_width` will be removed after 2025-12-31.

For `use_container_width=True`, use `width='stretch'`. For `use_container_width=False`, use `width='content'`.
2026-10-08 17:40:46.060 Please replace `use_container_width` with `width`.

`use_container_width` will be removed after 2025-12-31.

For `use_container_width=True`, use `width='stretch'`. For `use_container_width=False`, use `width='content'`.
2026-10-08 17:40:46.061 Please replace `use_container_width` with `width`.

`use_container_width` will be removed after 2025-12-31.

For `use_container_width=True`, use `width='stretch'`. For `use_container_width=False`, use `width='content'`.
2026-10-08 17:40:46.063 Please replace `use_container_width` with `width`.

`use_container_width` will be removed after 2025-12-31.

For `use_container_width=True`, use `width='stretch'`. For `use_container_width=False`, use `width='content'`.
2026-10-08 17:40:46.082 Please replace `use_container_width` with `width`.

`use_container_width` will be removed after 2025-12-31.

For `use_container_width=True`, use `width='stretch'`. For `use_container_width=False`, use `width='content'`.
2026-10-08 17:40:46.085 Please replace `use_container_width` with `width`.

`use_container_width` will be removed after 2025-12-31.

For `use_container_width=True`, use `width='stretch'`. For `use_container_width=False`, use `width='content'`.
2026-10-08 17:40:46.086 Please replace `use_container_width` with `width`.

`use_container_width` will be removed after 2025-12-31.

For `use_container_width=True`, use `width='stretch'`. For `use_container_width=False`, use `width='content'`.
2026-10-08 17:40:46.087 Serialization of dataframe to Arrow table was unsuccessful. Applying automatic fixes for column types to make the dataframe Arrow-compatible.
Traceback (most recent call last):
  File "/workspace/scratch/42ffe4c93098/utilization9_runtime/lib/python3.14/site-packages/streamlit/dataframe_util.py", line 940, in convert_pandas_df_to_arrow_table
    return pa.Table.from_pandas(df, preserve_index=preserve_index)
           ~~~~~~~~~~~~~~~~~~~~^^^^^^^^^^^^^^^^^^^^^^^^^^^^^^^^^^^
  File "pyarrow/table.pxi", line 4768, in pyarrow.lib.Table.from_pandas
  File "/workspace/scratch/42ffe4c93098/utilization9_runtime/lib/python3.14/site-packages/pyarrow/pandas_compat.py", line 651, in dataframe_to_arrays
    arrays = [convert_column(c, f)
              ~~~~~~~~~~~~~~^^^^^^
  File "/workspace/scratch/42ffe4c93098/utilization9_runtime/lib/python3.14/site-packages/pyarrow/pandas_compat.py", line 639, in convert_column
    raise e
  File "/workspace/scratch/42ffe4c93098/utilization9_runtime/lib/python3.14/site-packages/pyarrow/pandas_compat.py", line 633, in convert_column
    result = pa.array(col, type=type_, from_pandas=True, safe=safe)
  File "pyarrow/array.pxi", line 390, in pyarrow.lib.array
    result = _ndarray_to_array(values, mask, type, c_from_pandas, safe,
  File "pyarrow/array.pxi", line 91, in pyarrow.lib._ndarray_to_array
    check_status(NdarrayToArrow(pool, values, mask, from_pandas,
  File "pyarrow/error.pxi", line 92, in pyarrow.lib.check_status
pyarrow.lib.ArrowTypeError: ("Expected bytes, got a 'float' object", 'Conversion failed for column Value with type object')
2026-10-08 17:40:46.089 Please replace `use_container_width` with `width`.

`use_container_width` will be removed after 2025-12-31.

For `use_container_width=True`, use `width='stretch'`. For `use_container_width=False`, use `width='content'`.
2026-10-08 17:40:46.090 Serialization of dataframe to Arrow table was unsuccessful. Applying automatic fixes for column types to make the dataframe Arrow-compatible.
Traceback (most recent call last):
  File "/workspace/scratch/42ffe4c93098/utilization9_runtime/lib/python3.14/site-packages/streamlit/dataframe_util.py", line 940, in convert_pandas_df_to_arrow_table
    return pa.Table.from_pandas(df, preserve_index=preserve_index)
           ~~~~~~~~~~~~~~~~~~~~^^^^^^^^^^^^^^^^^^^^^^^^^^^^^^^^^^^
  File "pyarrow/table.pxi", line 4768, in pyarrow.lib.Table.from_pandas
  File "/workspace/scratch/42ffe4c93098/utilization9_runtime/lib/python3.14/site-packages/pyarrow/pandas_compat.py", line 651, in dataframe_to_arrays
    arrays = [convert_column(c, f)
              ~~~~~~~~~~~~~~^^^^^^
  File "/workspace/scratch/42ffe4c93098/utilization9_runtime/lib/python3.14/site-packages/pyarrow/pandas_compat.py", line 639, in convert_column
    raise e
  File "/workspace/scratch/42ffe4c93098/utilization9_runtime/lib/python3.14/site-packages/pyarrow/pandas_compat.py", line 633, in convert_column
    result = pa.array(col, type=type_, from_pandas=True, safe=safe)
  File "pyarrow/array.pxi", line 390, in pyarrow.lib.array
    result = _ndarray_to_array(values, mask, type, c_from_pandas, safe,
  File "pyarrow/array.pxi", line 91, in pyarrow.lib._ndarray_to_array
    check_status(NdarrayToArrow(pool, values, mask, from_pandas,
  File "pyarrow/error.pxi", line 92, in pyarrow.lib.check_status
pyarrow.lib.ArrowInvalid: ("Could not convert 'Wet slab/topping, barrier, wearing surface, SDL/LL, building service loads' with type str: tried to convert to double", 'Conversion failed for column w_kN/m per girder with type object')
2026-10-08 17:40:46.093 Please replace `use_container_width` with `width`.

`use_container_width` will be removed after 2025-12-31.

For `use_container_width=True`, use `width='stretch'`. For `use_container_width=False`, use `width='content'`.
2026-10-08 17:40:46.097 Please replace `use_container_width` with `width`.

`use_container_width` will be removed after 2025-12-31.

For `use_container_width=True`, use `width='stretch'`. For `use_container_width=False`, use `width='content'`.
2026-10-08 17:40:46.099 Please replace `use_container_width` with `width`.

`use_container_width` will be removed after 2025-12-31.

For `use_container_width=True`, use `width='stretch'`. For `use_container_width=False`, use `width='content'`.
2026-10-08 17:40:46.104 Please replace `use_container_width` with `width`.

`use_container_width` will be removed after 2025-12-31.

For `use_container_width=True`, use `width='stretch'`. For `use_container_width=False`, use `width='content'`.
2026-10-08 17:40:46.105 Serialization of dataframe to Arrow table was unsuccessful. Applying automatic fixes for column types to make the dataframe Arrow-compatible.
Traceback (most recent call last):
  File "/workspace/scratch/42ffe4c93098/utilization9_runtime/lib/python3.14/site-packages/streamlit/dataframe_util.py", line 940, in convert_pandas_df_to_arrow_table
    return pa.Table.from_pandas(df, preserve_index=preserve_index)
           ~~~~~~~~~~~~~~~~~~~~^^^^^^^^^^^^^^^^^^^^^^^^^^^^^^^^^^^
  File "pyarrow/table.pxi", line 4768, in pyarrow.lib.Table.from_pandas
  File "/workspace/scratch/42ffe4c93098/utilization9_runtime/lib/python3.14/site-packages/pyarrow/pandas_compat.py", line 651, in dataframe_to_arrays
    arrays = [convert_column(c, f)
              ~~~~~~~~~~~~~~^^^^^^
  File "/workspace/scratch/42ffe4c93098/utilization9_runtime/lib/python3.14/site-packages/pyarrow/pandas_compat.py", line 639, in convert_column
    raise e
  File "/workspace/scratch/42ffe4c93098/utilization9_runtime/lib/python3.14/site-packages/pyarrow/pandas_compat.py", line 633, in convert_column
    result = pa.array(col, type=type_, from_pandas=True, safe=safe)
  File "pyarrow/array.pxi", line 390, in pyarrow.lib.array
    result = _ndarray_to_array(values, mask, type, c_from_pandas, safe,
  File "pyarrow/array.pxi", line 91, in pyarrow.lib._ndarray_to_array
    check_status(NdarrayToArrow(pool, values, mask, from_pandas,
  File "pyarrow/error.pxi", line 92, in pyarrow.lib.check_status
pyarrow.lib.ArrowInvalid: ('Could not convert 0 with type int: tried to convert to boolean', 'Conversion failed for column Value with type object')
2026-10-08 17:40:46.106 Please replace `use_container_width` with `width`.

`use_container_width` will be removed after 2025-12-31.

For `use_container_width=True`, use `width='stretch'`. For `use_container_width=False`, use `width='content'`.
2026-10-08 17:40:46.111 Please replace `use_container_width` with `width`.

`use_container_width` will be removed after 2025-12-31.

For `use_container_width=True`, use `width='stretch'`. For `use_container_width=False`, use `width='content'`.
2026-10-08 17:40:46.116 Thread 'MainThread': missing ScriptRunContext! This warning can be ignored when running in bare mode.
2026-10-08 17:40:46.117 Thread 'MainThread': missing ScriptRunContext! This warning can be ignored when running in bare mode.
2026-10-08 17:40:46.627 Please replace `use_container_width` with `width`.

`use_container_width` will be removed after 2025-12-31.

For `use_container_width=True`, use `width='stretch'`. For `use_container_width=False`, use `width='content'`.
2026-10-08 17:40:46.629 Please replace `use_container_width` with `width`.

`use_container_width` will be removed after 2025-12-31.

For `use_container_width=True`, use `width='stretch'`. For `use_container_width=False`, use `width='content'`.
2026-10-08 17:40:46.630 Please replace `use_container_width` with `width`.

`use_container_width` will be removed after 2025-12-31.

For `use_container_width=True`, use `width='stretch'`. For `use_container_width=False`, use `width='content'`.
2026-10-08 17:40:46.664 Please replace `use_container_width` with `width`.

`use_container_width` will be removed after 2025-12-31.

For `use_container_width=True`, use `width='stretch'`. For `use_container_width=False`, use `width='content'`.
2026-10-08 17:40:46.666 Please replace `use_container_width` with `width`.

`use_container_width` will be removed after 2025-12-31.

For `use_container_width=True`, use `width='stretch'`. For `use_container_width=False`, use `width='content'`.
2026-10-08 17:40:46.667 Please replace `use_container_width` with `width`.

`use_container_width` will be removed after 2025-12-31.

For `use_container_width=True`, use `width='stretch'`. For `use_container_width=False`, use `width='content'`.
2026-10-08 17:40:46.681 Please replace `use_container_width` with `width`.

`use_container_width` will be removed after 2025-12-31.

For `use_container_width=True`, use `width='stretch'`. For `use_container_width=False`, use `width='content'`.
2026-10-08 17:40:46.681 Serialization of dataframe to Arrow table was unsuccessful. Applying automatic fixes for column types to make the dataframe Arrow-compatible.
Traceback (most recent call last):
  File "/workspace/scratch/42ffe4c93098/utilization9_runtime/lib/python3.14/site-packages/streamlit/dataframe_util.py", line 940, in convert_pandas_df_to_arrow_table
    return pa.Table.from_pandas(df, preserve_index=preserve_index)
           ~~~~~~~~~~~~~~~~~~~~^^^^^^^^^^^^^^^^^^^^^^^^^^^^^^^^^^^
  File "pyarrow/table.pxi", line 4768, in pyarrow.lib.Table.from_pandas
  File "/workspace/scratch/42ffe4c93098/utilization9_runtime/lib/python3.14/site-packages/pyarrow/pandas_compat.py", line 651, in dataframe_to_arrays
    arrays = [convert_column(c, f)
              ~~~~~~~~~~~~~~^^^^^^
  File "/workspace/scratch/42ffe4c93098/utilization9_runtime/lib/python3.14/site-packages/pyarrow/pandas_compat.py", line 639, in convert_column
    raise e
  File "/workspace/scratch/42ffe4c93098/utilization9_runtime/lib/python3.14/site-packages/pyarrow/pandas_compat.py", line 633, in convert_column
    result = pa.array(col, type=type_, from_pandas=True, safe=safe)
  File "pyarrow/array.pxi", line 390, in pyarrow.lib.array
    result = _ndarray_to_array(values, mask, type, c_from_pandas, safe,
  File "pyarrow/array.pxi", line 91, in pyarrow.lib._ndarray_to_array
    check_status(NdarrayToArrow(pool, values, mask, from_pandas,
  File "pyarrow/error.pxi", line 92, in pyarrow.lib.check_status
pyarrow.lib.ArrowTypeError: ("Expected bytes, got a 'bool' object", 'Conversion failed for column Value with type object')
2026-10-08 17:40:46.684 Please replace `use_container_width` with `width`.

`use_container_width` will be removed after 2025-12-31.

For `use_container_width=True`, use `width='stretch'`. For `use_container_width=False`, use `width='content'`.
2026-10-08 17:40:46.686 Please replace `use_container_width` with `width`.

`use_container_width` will be removed after 2025-12-31.

For `use_container_width=True`, use `width='stretch'`. For `use_container_width=False`, use `width='content'`.
2026-10-08 17:40:46.687 Please replace `use_container_width` with `width`.

`use_container_width` will be removed after 2025-12-31.

For `use_container_width=True`, use `width='stretch'`. For `use_container_width=False`, use `width='content'`.
2026-10-08 17:40:46.689 Please replace `use_container_width` with `width`.

`use_container_width` will be removed after 2025-12-31.

For `use_container_width=True`, use `width='stretch'`. For `use_container_width=False`, use `width='content'`.
2026-10-08 17:40:46.691 Please replace `use_container_width` with `width`.

`use_container_width` will be removed after 2025-12-31.

For `use_container_width=True`, use `width='stretch'`. For `use_container_width=False`, use `width='content'`.
2026-10-08 17:40:46.708 Please replace `use_container_width` with `width`.

`use_container_width` will be removed after 2025-12-31.

For `use_container_width=True`, use `width='stretch'`. For `use_container_width=False`, use `width='content'`.
2026-10-08 17:40:46.710 Please replace `use_container_width` with `width`.

`use_container_width` will be removed after 2025-12-31.

For `use_container_width=True`, use `width='stretch'`. For `use_container_width=False`, use `width='content'`.
2026-10-08 17:40:46.711 Please replace `use_container_width` with `width`.

`use_container_width` will be removed after 2025-12-31.

For `use_container_width=True`, use `width='stretch'`. For `use_container_width=False`, use `width='content'`.
2026-10-08 17:40:46.711 Serialization of dataframe to Arrow table was unsuccessful. Applying automatic fixes for column types to make the dataframe Arrow-compatible.
Traceback (most recent call last):
  File "/workspace/scratch/42ffe4c93098/utilization9_runtime/lib/python3.14/site-packages/streamlit/dataframe_util.py", line 940, in convert_pandas_df_to_arrow_table
    return pa.Table.from_pandas(df, preserve_index=preserve_index)
           ~~~~~~~~~~~~~~~~~~~~^^^^^^^^^^^^^^^^^^^^^^^^^^^^^^^^^^^
  File "pyarrow/table.pxi", line 4768, in pyarrow.lib.Table.from_pandas
  File "/workspace/scratch/42ffe4c93098/utilization9_runtime/lib/python3.14/site-packages/pyarrow/pandas_compat.py", line 651, in dataframe_to_arrays
    arrays = [convert_column(c, f)
              ~~~~~~~~~~~~~~^^^^^^
  File "/workspace/scratch/42ffe4c93098/utilization9_runtime/lib/python3.14/site-packages/pyarrow/pandas_compat.py", line 639, in convert_column
    raise e
  File "/workspace/scratch/42ffe4c93098/utilization9_runtime/lib/python3.14/site-packages/pyarrow/pandas_compat.py", line 633, in convert_column
    result = pa.array(col, type=type_, from_pandas=True, safe=safe)
  File "pyarrow/array.pxi", line 390, in pyarrow.lib.array
    result = _ndarray_to_array(values, mask, type, c_from_pandas, safe,
  File "pyarrow/array.pxi", line 91, in pyarrow.lib._ndarray_to_array
    check_status(NdarrayToArrow(pool, values, mask, from_pandas,
  File "pyarrow/error.pxi", line 92, in pyarrow.lib.check_status
pyarrow.lib.ArrowTypeError: ("Expected bytes, got a 'float' object", 'Conversion failed for column Value with type object')
2026-10-08 17:40:46.714 Please replace `use_container_width` with `width`.

`use_container_width` will be removed after 2025-12-31.

For `use_container_width=True`, use `width='stretch'`. For `use_container_width=False`, use `width='content'`.
2026-10-08 17:40:46.715 Serialization of dataframe to Arrow table was unsuccessful. Applying automatic fixes for column types to make the dataframe Arrow-compatible.
Traceback (most recent call last):
  File "/workspace/scratch/42ffe4c93098/utilization9_runtime/lib/python3.14/site-packages/streamlit/dataframe_util.py", line 940, in convert_pandas_df_to_arrow_table
    return pa.Table.from_pandas(df, preserve_index=preserve_index)
           ~~~~~~~~~~~~~~~~~~~~^^^^^^^^^^^^^^^^^^^^^^^^^^^^^^^^^^^
  File "pyarrow/table.pxi", line 4768, in pyarrow.lib.Table.from_pandas
  File "/workspace/scratch/42ffe4c93098/utilization9_runtime/lib/python3.14/site-packages/pyarrow/pandas_compat.py", line 651, in dataframe_to_arrays
    arrays = [convert_column(c, f)
              ~~~~~~~~~~~~~~^^^^^^
  File "/workspace/scratch/42ffe4c93098/utilization9_runtime/lib/python3.14/site-packages/pyarrow/pandas_compat.py", line 639, in convert_column
    raise e
  File "/workspace/scratch/42ffe4c93098/utilization9_runtime/lib/python3.14/site-packages/pyarrow/pandas_compat.py", line 633, in convert_column
    result = pa.array(col, type=type_, from_pandas=True, safe=safe)
  File "pyarrow/array.pxi", line 390, in pyarrow.lib.array
    result = _ndarray_to_array(values, mask, type, c_from_pandas, safe,
  File "pyarrow/array.pxi", line 91, in pyarrow.lib._ndarray_to_array
    check_status(NdarrayToArrow(pool, values, mask, from_pandas,
  File "pyarrow/error.pxi", line 92, in pyarrow.lib.check_status
pyarrow.lib.ArrowInvalid: ("Could not convert 'Wet slab/topping, barrier, wearing surface, SDL/LL, building service loads' with type str: tried to convert to double", 'Conversion failed for column w_kN/m per girder with type object')
2026-10-08 17:40:46.717 Please replace `use_container_width` with `width`.

`use_container_width` will be removed after 2025-12-31.

For `use_container_width=True`, use `width='stretch'`. For `use_container_width=False`, use `width='content'`.
2026-10-08 17:40:46.720 Please replace `use_container_width` with `width`.

`use_container_width` will be removed after 2025-12-31.

For `use_container_width=True`, use `width='stretch'`. For `use_container_width=False`, use `width='content'`.
2026-10-08 17:40:46.722 Please replace `use_container_width` with `width`.

`use_container_width` will be removed after 2025-12-31.

For `use_container_width=True`, use `width='stretch'`. For `use_container_width=False`, use `width='content'`.
2026-10-08 17:40:46.729 Please replace `use_container_width` with `width`.

`use_container_width` will be removed after 2025-12-31.

For `use_container_width=True`, use `width='stretch'`. For `use_container_width=False`, use `width='content'`.
2026-10-08 17:40:46.730 Serialization of dataframe to Arrow table was unsuccessful. Applying automatic fixes for column types to make the dataframe Arrow-compatible.
Traceback (most recent call last):
  File "/workspace/scratch/42ffe4c93098/utilization9_runtime/lib/python3.14/site-packages/streamlit/dataframe_util.py", line 940, in convert_pandas_df_to_arrow_table
    return pa.Table.from_pandas(df, preserve_index=preserve_index)
           ~~~~~~~~~~~~~~~~~~~~^^^^^^^^^^^^^^^^^^^^^^^^^^^^^^^^^^^
  File "pyarrow/table.pxi", line 4768, in pyarrow.lib.Table.from_pandas
  File "/workspace/scratch/42ffe4c93098/utilization9_runtime/lib/python3.14/site-packages/pyarrow/pandas_compat.py", line 651, in dataframe_to_arrays
    arrays = [convert_column(c, f)
              ~~~~~~~~~~~~~~^^^^^^
  File "/workspace/scratch/42ffe4c93098/utilization9_runtime/lib/python3.14/site-packages/pyarrow/pandas_compat.py", line 639, in convert_column
    raise e
  File "/workspace/scratch/42ffe4c93098/utilization9_runtime/lib/python3.14/site-packages/pyarrow/pandas_compat.py", line 633, in convert_column
    result = pa.array(col, type=type_, from_pandas=True, safe=safe)
  File "pyarrow/array.pxi", line 390, in pyarrow.lib.array
    result = _ndarray_to_array(values, mask, type, c_from_pandas, safe,
  File "pyarrow/array.pxi", line 91, in pyarrow.lib._ndarray_to_array
    check_status(NdarrayToArrow(pool, values, mask, from_pandas,
  File "pyarrow/error.pxi", line 92, in pyarrow.lib.check_status
pyarrow.lib.ArrowInvalid: ('Could not convert 0 with type int: tried to convert to boolean', 'Conversion failed for column Value with type object')
2026-10-08 17:40:46.731 Please replace `use_container_width` with `width`.

`use_container_width` will be removed after 2025-12-31.

For `use_container_width=True`, use `width='stretch'`. For `use_container_width=False`, use `width='content'`.
2026-10-08 17:40:46.737 Please replace `use_container_width` with `width`.

`use_container_width` will be removed after 2025-12-31.

For `use_container_width=True`, use `width='stretch'`. For `use_container_width=False`, use `width='content'`.
{"release": "IGIRDER.UTILIZATION9", "status": "PASS", "entrypoint": "app.py", "scope": "Hypothetical QA input; full Analysis page routing, not live deployment", "streamlit_exceptions": 0, "checks": [{"check": "Flexure", "current_girders": 2, "named_case_review_girders": 2, "review_solver_calls": 0, "design_member_preserved": true, "detailed_route_preserved": true}, {"check": "Shear", "current_girders": 2, "named_case_review_girders": 2, "review_solver_calls": 0, "design_member_preserved": true, "detailed_route_preserved": true}, {"check": "Torsion", "current_girders": 2, "named_case_review_girders": 2, "review_solver_calls": 0, "design_member_preserved": true, "detailed_route_preserved": true}, {"check": "Shear + Torsion", "current_girders": 2, "named_case_review_girders": 2, "review_solver_calls": 0, "design_member_preserved": true, "detailed_route_preserved": true}], "report_qa_charts": [{"check": "Flexure", "current_girders": 2, "named_case_charts": 4, "automatic_control": true, "png_creation_and_download_widget": true, "selected_csv_download_widget": true, "review_solver_calls": 0}, {"check": "Shear", "current_girders": 2, "named_case_charts": 4, "automatic_control": true, "png_creation_and_download_widget": true, "selected_csv_download_widget": true, "review_solver_calls": 0}, {"check": "Torsion", "current_girders": 2, "named_case_charts": 4, "automatic_control": true, "png_creation_and_download_widget": true, "selected_csv_download_widget": true, "review_solver_calls": 0, "utilization_cases_verified": 4, "utilization_png_and_audit_csv_widgets": true}, {"check": "Shear + Torsion", "current_girders": 2, "named_case_charts": 4, "automatic_control": true, "png_creation_and_download_widget": true, "selected_csv_download_widget": true, "review_solver_calls": 0}], "report_state_preserved": true, "pending_and_stale_members_hidden": true}
